service_date,day_type,bus,rail_boardings,total_rides
01-01-2001,U,"2,97,192","1,26,455","4,23,647"
01-02-2001,W,"7,80,827","5,01,952","12,82,779"
01-03-2001,W,"8,24,923","5,36,432","13,61,355"
01-04-2001,W,"8,70,021","5,50,011","14,20,032"
01-05-2001,W,"8,90,426","5,57,917","14,48,343"
01-06-2001,A,"5,77,401","2,55,356","8,32,757"
01-07-2001,U,"3,75,831","1,69,825","5,45,656"
01-08-2001,W,"9,85,221","5,90,706","15,75,927"
01-09-2001,W,"9,78,377","5,99,905","15,78,282"
01-10-2001,W,"9,84,884","6,02,052","15,86,936"
01-11-2001,W,"9,95,561","6,07,503","16,03,064"
01-12-2001,W,"10,18,985","6,05,252","16,24,237"
01/13/2001,A,"5,91,791","2,70,056","8,61,847"
01/14/2001,U,"3,73,091","1,74,842","5,47,933"
01/15/2001,W,"6,75,845","4,12,149","10,87,994"
01/16/2001,W,"10,24,367","6,22,163","16,46,530"
01/17/2001,W,"10,18,690","6,20,343","16,39,033"
01/18/2001,W,"10,06,996","6,18,832","16,25,828"
01/19/2001,W,"9,09,964","5,83,851","14,93,815"
01/20/2001,A,"5,82,348","2,63,815","8,46,163"
01/21/2001,U,"3,78,381","1,72,107","5,50,488"
01/22/2001,W,"10,05,936","5,98,777","16,04,713"
01/23/2001,W,"10,19,983","6,10,352","16,30,335"
01/24/2001,W,"9,91,661","6,06,835","15,98,496"
01/25/2001,W,"10,04,257","6,09,877","16,14,134"
01/26/2001,W,"9,65,324","5,97,039","15,62,363"
01/27/2001,A,"5,90,836","2,68,078","8,58,914"
01/28/2001,U,"3,68,819","1,74,434","5,43,253"
01/29/2001,W,"9,53,532","5,87,052","15,40,584"
01/30/2001,W,"9,82,046","6,07,858","15,89,904"
01/31/2001,W,"9,99,392","6,10,508","16,09,900"
02-01-2001,W,"10,54,608","6,15,268","16,69,876"
02-02-2001,W,"9,66,701","5,77,767","15,44,468"
02-03-2001,A,"6,11,703","2,63,612","8,75,315"
02-04-2001,U,"4,04,212","1,78,398","5,82,610"
02-05-2001,W,"10,45,944","6,00,588","16,46,532"
02-06-2001,W,"10,39,393","6,12,435","16,51,828"
02-07-2001,W,"10,15,059","6,09,022","16,24,081"
02-08-2001,W,"10,07,760","6,10,237","16,17,997"
02-09-2001,W,"9,70,826","5,93,354","15,64,180"
02-10-2001,A,"6,05,404","2,71,313","8,76,717"
02-11-2001,U,"4,05,433","1,78,810","5,84,243"
02-12-2001,W,"8,72,330","5,39,393","14,11,723"
02/13/2001,W,"10,50,834","6,22,753","16,73,587"
02/14/2001,W,"10,04,304","6,10,966","16,15,270"
02/15/2001,W,"10,28,938","6,13,323","16,42,261"
02/16/2001,W,"10,33,040","6,01,418","16,34,458"
02/17/2001,A,"5,91,717","2,69,294","8,61,011"
02/18/2001,U,"3,88,788","1,76,855","5,65,643"
02/19/2001,W,"7,82,447","4,57,891","12,40,338"
02/20/2001,W,"10,35,400","6,10,284","16,45,684"
02/21/2001,W,"9,86,212","6,00,133","15,86,345"
02/22/2001,W,"9,86,399","6,06,302","15,92,701"
02/23/2001,W,"10,24,235","6,02,352","16,26,587"
02/24/2001,A,"5,05,193","2,46,795","7,51,988"
02/25/2001,U,"3,51,637","1,72,132","5,23,769"
02/26/2001,W,"10,09,329","6,09,256","16,18,585"
02/27/2001,W,"10,00,630","6,09,305","16,09,935"
02/28/2001,W,"9,90,416","6,10,013","16,00,429"
03-01-2001,W,"10,51,889","6,18,440","16,70,329"
03-02-2001,W,"10,62,234","6,11,578","16,73,812"
03-03-2001,A,"6,78,870","2,86,786","9,65,656"
03-04-2001,U,"3,85,978","1,78,292","5,64,270"
03-05-2001,W,"8,63,086","5,49,759","14,12,845"
03-06-2001,W,"10,13,530","6,03,561","16,17,091"
03-07-2001,W,"10,28,462","6,16,666","16,45,128"
03-08-2001,W,"10,00,946","6,11,371","16,12,317"
03-09-2001,W,"10,38,368","6,06,672","16,45,040"
03-10-2001,A,"6,33,472","2,83,251","9,16,723"
03-11-2001,U,"4,10,081","1,88,228","5,98,309"
03-12-2001,W,"9,79,411","5,88,857","15,68,268"
03/13/2001,W,"10,17,685","6,11,347","16,29,032"
03/14/2001,W,"10,25,283","6,19,417","16,44,700"
03/15/2001,W,"9,60,667","5,96,612","15,57,279"
03/16/2001,W,"9,23,613","5,83,359","15,06,972"
03/17/2001,A,"6,02,158","3,43,893","9,46,051"
03/18/2001,U,"4,12,146","1,94,257","6,06,403"
03/19/2001,W,"10,21,700","6,02,469","16,24,169"
03/20/2001,W,"10,34,388","6,18,340","16,52,728"
03/21/2001,W,"10,29,332","6,16,764","16,46,096"
03/22/2001,W,"10,30,741","6,17,815","16,48,556"
03/23/2001,W,"10,30,685","6,05,605","16,36,290"
03/24/2001,A,"6,04,139","2,77,028","8,81,167"
03/25/2001,U,"3,48,817","1,70,742","5,19,559"
03/26/2001,W,"9,89,316","5,83,176","15,72,492"
03/27/2001,W,"10,17,904","6,00,914","16,18,818"
03/28/2001,W,"10,07,699","6,01,999","16,09,698"
03/29/2001,W,"10,20,098","6,05,027","16,25,125"
03/30/2001,W,"9,78,244","5,90,403","15,68,647"
03/31/2001,A,"6,26,223","2,80,950","9,07,173"
04-01-2001,U,"4,17,716","1,92,717","6,10,433"
04-02-2001,W,"10,23,629","6,11,098","16,34,727"
04-03-2001,W,"10,57,275","6,13,993","16,71,268"
04-04-2001,W,"10,47,634","6,25,348","16,72,982"
04-05-2001,W,"9,73,118","6,06,535","15,79,653"
04-06-2001,W,"10,15,046","6,11,352","16,26,398"
04-07-2001,A,"6,42,265","2,97,971","9,40,236"
04-08-2001,U,"4,37,035","2,00,720","6,37,755"
04-09-2001,W,"9,98,290","5,96,418","15,94,708"
04-10-2001,W,"10,24,817","6,13,311","16,38,128"
04-11-2001,W,"9,85,906","6,06,764","15,92,670"
04-12-2001,W,"9,91,795","6,08,691","16,00,486"
04/13/2001,W,"8,65,706","5,27,116","13,92,822"
04/14/2001,A,"6,28,526","2,79,728","9,08,254"
04/15/2001,U,"3,64,972","1,63,191","5,28,163"
04/16/2001,W,"8,59,713","5,64,614","14,24,327"
04/17/2001,W,"8,77,834","5,83,859","14,61,693"
04/18/2001,W,"9,07,539","5,99,600","15,07,139"
04/19/2001,W,"9,17,518","5,96,505","15,14,023"
04/20/2001,W,"9,22,082","5,90,659","15,12,741"
04/21/2001,A,"6,03,039","2,93,701","8,96,740"
04/22/2001,U,"3,84,255","1,85,526","5,69,781"
04/23/2001,W,"9,79,788","5,90,446","15,70,234"
04/24/2001,W,"10,31,150","6,18,513","16,49,663"
04/25/2001,W,"9,77,794","6,09,447","15,87,241"
04/26/2001,W,"10,28,140","6,24,617","16,52,757"
04/27/2001,W,"10,34,472","6,10,723","16,45,195"
04/28/2001,A,"6,24,970","2,89,747","9,14,717"
04/29/2001,U,"4,23,377","2,00,002","6,23,379"
04/30/2001,W,"10,08,390","6,00,424","16,08,814"
05-01-2001,W,"10,67,496","6,32,996","17,00,492"
05-02-2001,W,"10,34,088","6,27,894","16,61,982"
05-03-2001,W,"10,65,048","6,34,792","16,99,840"
05-04-2001,W,"10,46,692","6,21,087","16,67,779"
05-05-2001,A,"6,37,957","3,07,025","9,44,982"
05-06-2001,U,"4,17,760","2,06,450","6,24,210"
05-07-2001,W,"10,07,381","5,98,338","16,05,719"
05-08-2001,W,"10,44,379","6,21,604","16,65,983"
05-09-2001,W,"10,41,324","6,19,928","16,61,252"
05-10-2001,W,"10,18,705","6,14,067","16,32,772"
05-11-2001,W,"10,04,068","6,00,295","16,04,363"
05-12-2001,A,"6,49,008","2,89,167","9,38,175"
05/13/2001,U,"4,22,270","2,00,996","6,23,266"
05/14/2001,W,"9,63,027","5,81,644","15,44,671"
05/15/2001,W,"10,35,512","6,33,053","16,68,565"
05/16/2001,W,"9,95,884","6,27,978","16,23,862"
05/17/2001,W,"10,06,118","6,28,882","16,35,000"
05/18/2001,W,"10,27,834","6,28,829","16,56,663"
05/19/2001,A,"6,45,603","3,15,487","9,61,090"
05/20/2001,U,"4,27,040","2,17,899","6,44,939"
05/21/2001,W,"9,58,236","5,90,204","15,48,440"
05/22/2001,W,"10,19,568","6,37,152","16,56,720"
05/23/2001,W,"9,78,614","6,19,656","15,98,270"
05/24/2001,W,"9,73,423","6,15,727","15,89,150"
05/25/2001,W,"9,88,982","5,97,892","15,86,874"
05/26/2001,A,"5,12,958","2,69,276","7,82,234"
05/27/2001,U,"3,90,535","2,08,208","5,98,743"
05/28/2001,U,"3,92,906","1,91,639","5,84,545"
05/29/2001,W,"10,03,029","5,95,375","15,98,404"
05/30/2001,W,"10,02,940","6,07,442","16,10,382"
05/31/2001,W,"9,65,359","6,02,748","15,68,107"
06-01-2001,W,"10,57,056","6,11,631","16,68,687"
06-02-2001,A,"6,18,944","2,82,212","9,01,156"
06-03-2001,U,"4,32,408","2,04,795","6,37,203"
06-04-2001,W,"10,29,447","5,99,699","16,29,146"
06-05-2001,W,"9,35,443","6,06,051","15,41,494"
06-06-2001,W,"10,04,243","6,27,572","16,31,815"
06-07-2001,W,"10,04,748","6,46,177","16,50,925"
06-08-2001,W,"10,12,502","6,42,049","16,54,551"
06-09-2001,A,"6,39,444","3,58,013","9,97,457"
06-10-2001,U,"4,38,393","2,42,257","6,80,650"
06-11-2001,W,"9,10,186","5,86,260","14,96,446"
06-12-2001,W,"9,46,314","6,05,737","15,52,051"
06/13/2001,W,"9,11,372","5,99,114","15,10,486"
06/14/2001,W,"8,91,710","6,02,538","14,94,248"
06/15/2001,W,"9,12,712","6,12,983","15,25,695"
06/16/2001,A,"6,75,335","3,40,782","10,16,117"
06/17/2001,U,"4,22,714","2,37,483","6,60,197"
06/18/2001,W,"9,09,937","5,90,688","15,00,625"
06/19/2001,W,"9,44,122","6,13,028","15,57,150"
06/20/2001,W,"9,39,471","6,12,707","15,52,178"
06/21/2001,W,"9,00,375","5,96,076","14,96,451"
06/22/2001,W,"9,57,514","6,26,565","15,84,079"
06/23/2001,A,"6,31,716","3,28,467","9,60,183"
06/24/2001,U,"4,43,240","2,81,620","7,24,860"
06/25/2001,W,"9,47,130","6,21,006","15,68,136"
06/26/2001,W,"9,44,301","6,35,326","15,79,627"
06/27/2001,W,"9,44,274","6,34,994","15,79,268"
06/28/2001,W,"9,42,731","6,11,002","15,53,733"
06/29/2001,W,"9,96,694","6,66,587","16,63,281"
06/30/2001,A,"6,49,995","3,63,078","10,13,073"
07-01-2001,U,"4,35,317","2,71,052","7,06,369"
07-02-2001,W,"9,58,879","6,27,767","15,86,646"
07-03-2001,W,"9,90,209","8,27,670","18,17,879"
07-04-2001,U,"4,61,383","3,06,172","7,67,555"
07-05-2001,W,"9,18,500","6,06,574","15,25,074"
07-06-2001,W,"9,58,011","6,43,965","16,01,976"
07-07-2001,A,"5,99,172","3,47,374","9,46,546"
07-08-2001,U,"4,39,513","2,56,208","6,95,721"
07-09-2001,W,"9,35,542","5,97,633","15,33,175"
07-10-2001,W,"9,37,066","6,10,069","15,47,135"
07-11-2001,W,"9,60,775","6,14,294","15,75,069"
07-12-2001,W,"9,49,551","6,36,236","15,85,787"
07/13/2001,W,"9,57,097","6,41,244","15,98,341"
07/14/2001,A,"6,29,660","3,33,365","9,63,025"
07/15/2001,U,"4,20,137","2,41,827","6,61,964"
07/16/2001,W,"8,80,246","6,23,660","15,03,906"
07/17/2001,W,"9,20,250","6,25,940","15,46,190"
07/18/2001,W,"9,35,427","6,12,765","15,48,192"
07/19/2001,W,"9,49,691","6,18,451","15,68,142"
07/20/2001,W,"9,37,942","6,10,617","15,48,559"
07/21/2001,A,"5,93,545","3,05,457","8,99,002"
07/22/2001,U,"3,79,766","2,00,473","5,80,239"
07/23/2001,W,"8,54,318","5,74,685","14,29,003"
07/24/2001,W,"9,39,133","6,30,753","15,69,886"
07/25/2001,W,"8,74,776","6,12,547","14,87,323"
07/26/2001,W,"9,54,848","6,36,674","15,91,522"
07/27/2001,W,"9,33,625","6,34,484","15,68,109"
07/28/2001,A,"6,07,195","3,57,848","9,65,043"
07/29/2001,U,"4,32,534","2,36,416","6,68,950"
07/30/2001,W,"9,08,372","5,86,076","14,94,448"
07/31/2001,W,"8,84,617","5,96,502","14,81,119"
08-01-2001,W,"8,73,553","6,12,734","14,86,287"
08-02-2001,W,"7,90,639","5,49,367","13,40,006"
08-03-2001,W,"9,84,483","6,03,405","15,87,888"
08-04-2001,A,"6,48,406","3,19,386","9,67,792"
08-05-2001,U,"4,53,344","2,25,172","6,78,516"
08-06-2001,W,"9,07,499","5,85,919","14,93,418"
08-07-2001,W,"8,75,431","6,10,601","14,86,032"
08-08-2001,W,"8,54,367","5,96,163","14,50,530"
08-09-2001,W,"8,46,305","6,02,242","14,48,547"
08-10-2001,W,"9,46,431","6,26,136","15,72,567"
08-11-2001,A,"6,07,614","3,23,141","9,30,755"
08-12-2001,U,"4,20,182","2,34,020","6,54,202"
08/13/2001,W,"8,92,382","5,71,719","14,64,101"
08/14/2001,W,"8,66,757","5,98,019","14,64,776"
08/15/2001,W,"8,78,793","5,84,203","14,62,996"
08/16/2001,W,"8,00,887","5,81,402","13,82,289"
08/17/2001,W,"9,29,083","5,98,538","15,27,621"
08/18/2001,A,"5,69,201","2,96,970","8,66,171"
08/19/2001,U,"4,39,920","2,35,842","6,75,762"
08/20/2001,W,"8,76,831","6,06,101","14,82,932"
08/21/2001,W,"8,94,995","6,08,242","15,03,237"
08/22/2001,W,"8,64,392","5,99,157","14,63,549"
08/23/2001,W,"9,06,026","6,12,615","15,18,641"
08/24/2001,W,"9,26,014","6,19,276","15,45,290"
08/25/2001,A,"5,18,211","2,90,626","8,08,837"
08/26/2001,U,"4,39,715","2,45,014","6,84,729"
08/27/2001,W,"9,00,370","5,90,849","14,91,219"
08/28/2001,W,"9,33,626","6,28,532","15,62,158"
08/29/2001,W,"9,01,782","6,25,324","15,27,106"
08/30/2001,W,"9,13,200","6,17,044","15,30,244"
08/31/2001,W,"9,86,749","6,16,977","16,03,726"
09-01-2001,A,"6,39,977","3,19,699","9,59,676"
09-02-2001,U,"4,70,771","2,43,520","7,14,291"
09-03-2001,U,"4,48,248","2,13,584","6,61,832"
09-04-2001,W,"11,20,482","6,25,640","17,46,122"
09-05-2001,W,"10,47,878","6,44,950","16,92,828"
09-06-2001,W,"10,53,246","6,44,766","16,98,012"
09-07-2001,W,"10,70,339","6,59,824","17,30,163"
09-08-2001,A,"6,45,427","3,41,332","9,86,759"
09-09-2001,U,"4,92,026","2,15,773","7,07,799"
09-10-2001,W,"10,75,781","6,61,092","17,36,873"
09-11-2001,W,"9,57,593","5,25,953","14,83,546"
09-12-2001,W,"9,31,165","5,88,507","15,19,672"
09/13/2001,W,"10,10,171","6,07,718","16,17,889"
09/14/2001,W,"10,34,666","6,13,645","16,48,311"
09/15/2001,A,"6,15,097","2,77,875","8,92,972"
09/16/2001,U,"4,17,392","1,91,270","6,08,662"
09/17/2001,W,"9,19,985","6,09,381","15,29,366"
09/18/2001,W,"10,39,365","6,26,518","16,65,883"
09/19/2001,W,"9,39,442","6,25,612","15,65,054"
09/20/2001,W,"9,73,094","6,46,112","16,19,206"
09/21/2001,W,"9,67,583","6,26,032","15,93,615"
09/22/2001,A,"6,41,096","3,07,331","9,48,427"
09/23/2001,U,"3,61,048","1,90,813","5,51,861"
09/24/2001,W,"9,40,207","6,22,061","15,62,268"
09/25/2001,W,"9,68,563","6,38,815","16,07,378"
09/26/2001,W,"10,28,542","6,39,258","16,67,800"
09/27/2001,W,"10,24,125","6,42,860","16,66,985"
09/28/2001,W,"10,24,142","6,45,884","16,70,026"
09/29/2001,A,"6,39,464","3,30,008","9,69,472"
09/30/2001,U,"4,12,037","2,19,852","6,31,889"
10-01-2001,W,"10,69,361","6,39,795","17,09,156"
10-02-2001,W,"10,78,342","6,58,020","17,36,362"
10-03-2001,W,"10,18,388","6,57,170","16,75,558"
10-04-2001,W,"9,02,598","6,49,681","15,52,279"
10-05-2001,W,"10,34,680","6,51,273","16,85,953"
10-06-2001,A,"6,28,587","3,26,860","9,55,447"
10-07-2001,U,"4,04,926","2,87,483","6,92,409"
10-08-2001,W,"8,02,729","5,31,294","13,34,023"
10-09-2001,W,"10,55,377","6,45,072","17,00,449"
10-10-2001,W,"8,98,767","6,37,568","15,36,335"
10-11-2001,W,"10,25,128","6,47,937","16,73,065"
10-12-2001,W,"10,00,153","6,25,089","16,25,242"
10/13/2001,A,"5,15,481","2,73,528","7,89,009"
10/14/2001,U,"4,09,065","2,09,437","6,18,502"
10/15/2001,W,"10,37,513","6,27,937","16,65,450"
10/16/2001,W,"10,22,047","6,34,396","16,56,443"
10/17/2001,W,"10,36,702","6,41,266","16,77,968"
10/18/2001,W,"10,17,434","6,46,140","16,63,574"
10/19/2001,W,"9,56,423","6,42,121","15,98,544"
10/20/2001,A,"6,32,093","3,19,399","9,51,492"
10/21/2001,U,"4,33,014","2,13,638","6,46,652"
10/22/2001,W,"10,12,782","6,21,894","16,34,676"
10/23/2001,W,"10,00,304","6,38,393","16,38,697"
10/24/2001,W,"8,67,027","6,25,218","14,92,245"
10/25/2001,W,"9,47,047","6,18,401","15,65,448"
10/26/2001,W,"9,81,933","6,13,047","15,94,980"
10/27/2001,A,"5,82,223","2,91,912","8,74,135"
10/28/2001,U,"4,05,374","2,08,481","6,13,855"
10/29/2001,W,"10,19,942","6,23,086","16,43,028"
10/30/2001,W,"9,94,503","6,29,005","16,23,508"
10/31/2001,W,"9,78,585","6,28,587","16,07,172"
11-01-2001,W,"10,29,256","6,41,642","16,70,898"
11-02-2001,W,"10,42,714","6,45,966","16,88,680"
11-03-2001,A,"6,48,350","3,15,004","9,63,354"
11-04-2001,U,"4,43,453","2,22,988","6,66,441"
11-05-2001,W,"10,57,697","6,29,864","16,87,561"
11-06-2001,W,"10,44,478","6,38,448","16,82,926"
11-07-2001,W,"10,33,982","6,40,396","16,74,378"
11-08-2001,W,"10,04,574","6,36,400","16,40,974"
11-09-2001,W,"9,31,849","6,20,257","15,52,106"
11-10-2001,A,"6,18,184","3,22,793","9,40,977"
11-11-2001,U,"4,16,118","2,18,931","6,35,049"
11-12-2001,W,"8,12,747","5,27,242","13,39,989"
11/13/2001,W,"10,26,715","6,41,101","16,67,816"
11/14/2001,W,"9,94,462","6,24,162","16,18,624"
11/15/2001,W,"9,83,434","6,15,519","15,98,953"
11/16/2001,W,"10,46,467","6,23,566","16,70,033"
11/17/2001,A,"6,53,210","3,54,828","10,08,038"
11/18/2001,U,"4,14,683","2,01,199","6,15,882"
11/19/2001,W,"9,99,890","6,00,948","16,00,838"
11/20/2001,W,"10,05,581","6,12,391","16,17,972"
11/21/2001,W,"9,88,420","5,89,664","15,78,084"
11/22/2001,U,"3,22,788","1,51,915","4,74,703"
11/23/2001,W,"6,41,780","3,56,646","9,98,426"
11/24/2001,A,"5,04,548","2,53,414","7,57,962"
11/25/2001,U,"3,73,755","1,86,416","5,60,171"
11/26/2001,W,"9,93,754","6,00,439","15,94,193"
11/27/2001,W,"9,85,583","6,13,858","15,99,441"
11/28/2001,W,"9,81,842","6,14,405","15,96,247"
11/29/2001,W,"9,72,155","6,13,392","15,85,547"
11/30/2001,W,"10,39,082","6,25,037","16,64,119"
12-01-2001,A,"6,40,965","3,07,646","9,48,611"
12-02-2001,U,"4,18,878","2,10,748","6,29,626"
12-03-2001,W,"10,51,222","5,99,106","16,50,328"
12-04-2001,W,"10,49,416","6,13,294","16,62,710"
12-05-2001,W,"10,39,940","6,22,264","16,62,204"
12-06-2001,W,"10,20,021","6,23,428","16,43,449"
12-07-2001,W,"10,23,743","6,18,300","16,42,043"
12-08-2001,A,"6,20,074","3,15,639","9,35,713"
12-09-2001,U,"4,06,917","2,07,697","6,14,614"
12-10-2001,W,"10,05,376","5,97,416","16,02,792"
12-11-2001,W,"10,10,462","6,14,387","16,24,849"
12-12-2001,W,"9,81,259","6,09,660","15,90,919"
12/13/2001,W,"9,90,166","6,10,845","16,01,011"
12/14/2001,W,"9,82,986","6,00,798","15,83,784"
12/15/2001,A,"6,23,138","3,19,051","9,42,189"
12/16/2001,U,"4,07,448","2,13,347","6,20,795"
12/17/2001,W,"9,95,060","5,93,314","15,88,374"
12/18/2001,W,"10,14,592","6,08,735","16,23,327"
12/19/2001,W,"9,58,790","5,91,815","15,50,605"
12/20/2001,W,"9,87,827","5,86,572","15,74,399"
12/21/2001,W,"9,94,499","5,69,456","15,63,955"
12/22/2001,A,"5,86,969","2,68,254","8,55,223"
12/23/2001,U,"3,93,359","1,84,628","5,77,987"
12/24/2001,W,"5,25,908","2,57,022","7,82,930"
12/25/2001,U,"2,18,872","93,525","3,12,397"
12/26/2001,W,"6,19,967","3,80,064","10,00,031"
12/27/2001,W,"6,90,465","4,36,814","11,27,279"
12/28/2001,W,"7,39,404","4,56,879","11,96,283"
12/29/2001,A,"4,73,194","2,24,772","6,97,966"
12/30/2001,U,"3,06,871","1,60,102","4,66,973"
12/31/2001,W,"6,50,794","3,21,388","9,72,182"
01-01-2002,U,"2,94,360","1,22,471","4,16,831"
01-02-2002,W,"7,66,853","4,91,630","12,58,483"
01-03-2002,W,"8,38,088","5,23,292","13,61,380"
01-04-2002,W,"8,58,709","5,28,849","13,87,558"
01-05-2002,A,"5,42,470","2,45,820","7,88,290"
01-06-2002,U,"3,70,508","1,77,606","5,48,114"
01-07-2002,W,"9,53,807","5,68,929","15,22,736"
01-08-2002,W,"9,73,200","5,85,667","15,58,867"
01-09-2002,W,"9,85,622","5,91,671","15,77,293"
01-10-2002,W,"9,74,188","5,91,742","15,65,930"
01-11-2002,W,"10,06,535","5,91,718","15,98,253"
01-12-2002,A,"5,65,955","2,66,826","8,32,781"
01/13/2002,U,"3,71,378","1,76,272","5,47,650"
01/14/2002,W,"9,85,931","5,93,642","15,79,573"
01/15/2002,W,"9,83,090","6,01,489","15,84,579"
01/16/2002,W,"9,55,758","6,08,009","15,63,767"
01/17/2002,W,"9,68,715","5,98,282","15,66,997"
01/18/2002,W,"9,67,930","5,81,331","15,49,261"
01/19/2002,A,"5,56,405","2,73,407","8,29,812"
01/20/2002,U,"3,74,069","1,80,903","5,54,972"
01/21/2002,W,"6,48,994","3,92,312","10,41,306"
01/22/2002,W,"10,12,565","6,03,877","16,16,442"
01/23/2002,W,"9,90,484","6,00,427","15,90,911"
01/24/2002,W,"10,07,218","6,05,974","16,13,192"
01/25/2002,W,"10,28,432","6,01,352","16,29,784"
01/26/2002,A,"6,11,356","2,83,489","8,94,845"
01/27/2002,U,"4,08,878","1,89,116","5,97,994"
01/28/2002,W,"10,09,923","5,95,606","16,05,529"
01/29/2002,W,"9,79,719","5,97,598","15,77,317"
01/30/2002,W,"9,36,013","6,02,737","15,38,750"
01/31/2002,W,"8,79,895","6,02,988","14,82,883"
02-01-2002,W,"9,54,707","5,85,087","15,39,794"
02-02-2002,A,"6,14,544","2,73,954","8,88,498"
02-03-2002,U,"4,01,958","1,80,019","5,81,977"
02-04-2002,W,"9,88,315","5,76,117","15,64,432"
02-05-2002,W,"9,97,471","5,96,800","15,94,271"
02-06-2002,W,"10,11,650","5,97,747","16,09,397"
02-07-2002,W,"10,11,915","6,00,731","16,12,646"
02-08-2002,W,"10,27,036","5,94,502","16,21,538"
02-09-2002,A,"6,50,477","2,96,011","9,46,488"
02-10-2002,U,"3,79,613","1,80,097","5,59,710"
02-11-2002,W,"9,85,014","5,92,118","15,77,132"
02-12-2002,W,"8,11,567","5,41,814","13,53,381"
02/13/2002,W,"10,19,675","6,12,626","16,32,301"
02/14/2002,W,"10,14,122","6,09,706","16,23,828"
02/15/2002,W,"10,07,654","5,89,737","15,97,391"
02/16/2002,A,"6,17,307","2,92,835","9,10,142"
02/17/2002,U,"4,23,922","2,09,261","6,33,183"
02/18/2002,W,"7,59,013","4,58,524","12,17,537"
02/19/2002,W,"9,85,390","5,97,374","15,82,764"
02/20/2002,W,"9,86,615","6,01,360","15,87,975"
02/21/2002,W,"9,77,261","6,03,816","15,81,077"
02/22/2002,W,"10,16,162","5,92,329","16,08,491"
02/23/2002,A,"6,29,609","2,92,764","9,22,373"
02/24/2002,U,"4,21,160","1,99,343","6,20,503"
02/25/2002,W,"9,79,843","5,81,612","15,61,455"
02/26/2002,W,"9,33,204","5,87,918","15,21,122"
02/27/2002,W,"9,39,542","5,87,701","15,27,243"
02/28/2002,W,"9,41,136","5,92,045","15,33,181"
03-01-2002,W,"9,73,482","5,93,596","15,67,078"
03-02-2002,A,"5,12,767","2,64,847","7,77,614"
03-03-2002,U,"3,31,715","1,74,890","5,06,605"
03-04-2002,W,"7,26,815","4,93,625","12,20,440"
03-05-2002,W,"9,78,944","5,88,656","15,67,600"
03-06-2002,W,"10,08,215","5,93,126","16,01,341"
03-07-2002,W,"10,08,102","5,94,952","16,03,054"
03-08-2002,W,"9,93,813","5,87,766","15,81,579"
03-09-2002,A,"4,93,346","2,54,471","7,47,817"
03-10-2002,U,"3,61,758","1,80,401","5,42,159"
03-11-2002,W,"10,08,613","5,91,093","15,99,706"
03-12-2002,W,"10,21,380","6,12,457","16,33,837"
03/13/2002,W,"10,22,145","6,15,718","16,37,863"
03/14/2002,W,"10,10,579","6,07,626","16,18,205"
03/15/2002,W,"10,05,654","5,91,415","15,97,069"
03/16/2002,A,"6,15,103","3,42,098","9,57,201"
03/17/2002,U,"3,90,344","1,89,640","5,79,984"
03/18/2002,W,"9,92,913","5,79,486","15,72,399"
03/19/2002,W,"9,90,801","5,90,290","15,81,091"
03/20/2002,W,"9,93,245","5,91,401","15,84,646"
03/21/2002,W,"9,30,667","5,74,802","15,05,469"
03/22/2002,W,"9,61,386","5,64,876","15,26,262"
03/23/2002,A,"6,17,210","2,90,118","9,07,328"
03/24/2002,U,"3,70,997","1,90,845","5,61,842"
03/25/2002,W,"8,95,573","5,44,841","14,40,414"
03/26/2002,W,"9,38,869","5,71,086","15,09,955"
03/27/2002,W,"9,89,393","5,80,724","15,70,117"
03/28/2002,W,"9,65,734","5,71,056","15,36,790"
03/29/2002,W,"7,55,230","4,72,276","12,27,506"
03/30/2002,A,"6,16,271","2,68,843","8,85,114"
03/31/2002,U,"3,77,026","1,58,135","5,35,161"
04-01-2002,W,"9,71,162","5,66,861","15,38,023"
04-02-2002,W,"9,70,537","5,85,155","15,55,692"
04-03-2002,W,"10,07,100","5,97,081","16,04,181"
04-04-2002,W,"9,95,075","6,00,930","15,96,005"
04-05-2002,W,"10,14,222","6,13,919","16,28,141"
04-06-2002,A,"6,39,707","3,18,104","9,57,811"
04-07-2002,U,"3,55,354","1,80,625","5,35,979"
04-08-2002,W,"9,37,560","5,78,417","15,15,977"
04-09-2002,W,"10,13,106","6,07,047","16,20,153"
04-10-2002,W,"10,20,986","6,18,972","16,39,958"
04-11-2002,W,"10,36,014","6,29,240","16,65,254"
04-12-2002,W,"9,17,031","5,91,700","15,08,731"
04/13/2002,A,"6,31,465","3,08,737","9,40,202"
04/14/2002,U,"4,38,900","2,10,876","6,49,776"
04/15/2002,W,"9,26,258","5,86,214","15,12,472"
04/16/2002,W,"8,99,896","5,99,906","14,99,802"
04/17/2002,W,"8,92,185","5,93,532","14,85,717"
04/18/2002,W,"8,96,865","5,94,280","14,91,145"
04/19/2002,W,"9,05,545","5,91,974","14,97,519"
04/20/2002,A,"5,74,009","3,00,177","8,74,186"
04/21/2002,U,"3,56,144","1,90,405","5,46,549"
04/22/2002,W,"9,74,101","5,83,247","15,57,348"
04/23/2002,W,"10,21,788","6,20,463","16,42,251"
04/24/2002,W,"9,18,721","6,02,085","15,20,806"
04/25/2002,W,"10,00,933","6,26,040","16,26,973"
04/26/2002,W,"10,26,348","6,15,024","16,41,372"
04/27/2002,A,"5,13,069","2,72,746","7,85,815"
04/28/2002,U,"3,65,481","2,01,038","5,66,519"
04/29/2002,W,"10,01,321","5,84,792","15,86,113"
04/30/2002,W,"10,00,608","6,04,417","16,05,025"
05-01-2002,W,"10,31,532","6,05,198","16,36,730"
05-02-2002,W,"9,76,392","5,98,086","15,74,478"
05-03-2002,W,"10,75,694","6,06,513","16,82,207"
05-04-2002,A,"6,60,227","3,12,131","9,72,358"
05-05-2002,U,"4,43,915","2,07,913","6,51,828"
05-06-2002,W,"9,94,227","5,98,141","15,92,368"
05-07-2002,W,"10,10,608","6,16,111","16,26,719"
05-08-2002,W,"9,68,509","6,00,435","15,68,944"
05-09-2002,W,"10,09,271","6,14,202","16,23,473"
05-10-2002,W,"10,47,188","6,09,528","16,56,716"
05-11-2002,A,"4,92,841","2,52,501","7,45,342"
05-12-2002,U,"3,58,446","1,85,931","5,44,377"
05/13/2002,W,"9,75,822","5,70,031","15,45,853"
05/14/2002,W,"10,09,365","5,98,752","16,08,117"
05/15/2002,W,"10,15,551","6,00,667","16,16,218"
05/16/2002,W,"9,06,240","5,79,727","14,85,967"
05/17/2002,W,"9,91,682","5,83,205","15,74,887"
05/18/2002,A,"6,38,862","2,98,727","9,37,589"
05/19/2002,U,"4,19,434","2,04,421","6,23,855"
05/20/2002,W,"9,94,112","5,82,646","15,76,758"
05/21/2002,W,"10,08,846","6,13,667","16,22,513"
05/22/2002,W,"9,99,920","6,18,307","16,18,227"
05/23/2002,W,"9,69,174","6,06,199","15,75,373"
05/24/2002,W,"9,95,434","5,76,461","15,71,895"
05/25/2002,A,"5,58,891","2,70,672","8,29,563"
05/26/2002,U,"4,36,570","2,16,172","6,52,742"
05/27/2002,U,"3,95,210","2,00,876","5,96,086"
05/28/2002,W,"9,59,547","5,88,932","15,48,479"
05/29/2002,W,"9,80,049","6,01,576","15,81,625"
05/30/2002,W,"9,90,460","6,06,972","15,97,432"
05/31/2002,W,"10,40,502","6,35,809","16,76,311"
06-01-2002,A,"6,67,264","3,71,223","10,38,487"
06-02-2002,U,"4,23,135","2,38,648","6,61,783"
06-03-2002,W,"10,01,778","5,83,147","15,84,925"
06-04-2002,W,"9,15,667","5,75,065","14,90,732"
06-05-2002,W,"10,05,307","6,02,096","16,07,403"
06-06-2002,W,"10,44,279","6,11,344","16,55,623"
06-07-2002,W,"10,36,716","6,06,193","16,42,909"
06-08-2002,A,"6,49,574","3,23,142","9,72,716"
06-09-2002,U,"4,46,760","2,28,298","6,75,058"
06-10-2002,W,"9,44,065","5,83,512","15,27,577"
06-11-2002,W,"9,69,387","6,04,162","15,73,549"
06-12-2002,W,"9,86,714","6,06,658","15,93,372"
06/13/2002,W,"9,67,153","5,96,032","15,63,185"
06/14/2002,W,"9,80,140","6,05,447","15,85,587"
06/15/2002,A,"6,44,968","3,18,379","9,63,347"
06/16/2002,U,"4,56,833","2,25,229","6,82,062"
06/17/2002,W,"9,80,090","5,76,747","15,56,837"
06/18/2002,W,"9,96,706","6,19,540","16,16,246"
06/19/2002,W,"9,92,928","6,18,449","16,11,377"
06/20/2002,W,"9,75,703","6,28,191","16,03,894"
06/21/2002,W,"9,79,910","6,16,117","15,96,027"
06/22/2002,A,"6,34,013","3,41,170","9,75,183"
06/23/2002,U,"4,44,454","2,32,456","6,76,910"
06/24/2002,W,"8,84,749","5,97,643","14,82,392"
06/25/2002,W,"9,26,613","6,00,847","15,27,460"
06/26/2002,W,"8,79,533","6,01,333","14,80,866"
06/27/2002,W,"9,14,452","6,13,276","15,27,728"
06/28/2002,W,"9,34,562","6,50,340","15,84,902"
06/29/2002,A,"6,36,792","3,69,705","10,06,497"
06/30/2002,U,"4,41,101","3,09,418","7,50,519"
07-01-2002,W,"9,48,966","6,01,509","15,50,475"
07-02-2002,W,"9,55,991","6,21,541","15,77,532"
07-03-2002,W,"10,04,276","7,85,621","17,89,897"
07-04-2002,U,"4,41,126","2,79,204","7,20,330"
07-05-2002,W,"8,07,831","5,00,685","13,08,516"
07-06-2002,A,"5,97,877","3,24,834","9,22,711"
07-07-2002,U,"4,45,916","2,56,321","7,02,237"
07-08-2002,W,"9,29,870","5,75,055","15,04,925"
07-09-2002,W,"9,19,623","5,79,348","14,98,971"
07-10-2002,W,"9,41,513","5,91,208","15,32,721"
07-11-2002,W,"9,69,657","5,94,276","15,63,933"
07-12-2002,W,"9,63,191","6,18,865","15,82,056"
07/13/2002,A,"6,24,850","3,24,416","9,49,266"
07/14/2002,U,"4,33,166","2,39,865","6,73,031"
07/15/2002,W,"9,49,705","6,08,087","15,57,792"
07/16/2002,W,"9,46,077","6,21,832","15,67,909"
07/17/2002,W,"9,31,752","5,95,378","15,27,130"
07/18/2002,W,"9,42,643","5,96,288","15,38,931"
07/19/2002,W,"9,60,153","6,12,971","15,73,124"
07/20/2002,A,"6,35,657","3,39,113","9,74,770"
07/21/2002,U,"4,12,477","2,29,156","6,41,633"
07/22/2002,W,"9,00,537","5,95,784","14,96,321"
07/23/2002,W,"9,55,084","6,23,156","15,78,240"
07/24/2002,W,"9,45,502","6,17,518","15,63,020"
07/25/2002,W,"9,31,679","6,08,190","15,39,869"
07/26/2002,W,"9,42,389","5,90,601","15,32,990"
07/27/2002,A,"5,95,484","3,27,980","9,23,464"
07/28/2002,U,"4,14,913","2,15,040","6,29,953"
07/29/2002,W,"8,93,147","5,65,324","14,58,471"
07/30/2002,W,"9,34,322","6,14,162","15,48,484"
07/31/2002,W,"9,12,632","6,03,775","15,16,407"
08-01-2002,W,"9,69,159","6,07,964","15,77,123"
08-02-2002,W,"10,04,199","6,12,785","16,16,984"
08-03-2002,A,"6,74,990","3,25,279","10,00,269"
08-04-2002,U,"4,51,144","2,34,620","6,85,764"
08-05-2002,W,"9,41,406","5,69,627","15,11,033"
08-06-2002,W,"9,55,681","5,92,722","15,48,403"
08-07-2002,W,"9,40,727","5,85,313","15,26,040"
08-08-2002,W,"9,45,096","5,89,840","15,34,936"
08-09-2002,W,"9,68,109","5,92,938","15,61,047"
08-10-2002,A,"6,67,701","3,40,015","10,07,716"
08-11-2002,U,"4,37,332","2,30,526","6,67,858"
08-12-2002,W,"9,08,503","5,79,800","14,88,303"
08/13/2002,W,"8,71,791","5,78,996","14,50,787"
08/14/2002,W,"8,93,558","5,86,107","14,79,665"
08/15/2002,W,"9,20,323","5,99,375","15,19,698"
08/16/2002,W,"9,03,666","5,92,393","14,96,059"
08/17/2002,A,"6,44,076","3,40,569","9,84,645"
08/18/2002,U,"4,90,868","2,85,298","7,76,166"
08/19/2002,W,"8,47,798","5,45,503","13,93,301"
08/20/2002,W,"9,18,696","5,86,734","15,05,430"
08/21/2002,W,"9,04,673","5,72,717","14,77,390"
08/22/2002,W,"8,29,797","5,33,893","13,63,690"
08/23/2002,W,"9,03,292","5,70,031","14,73,323"
08/24/2002,A,"6,25,725","3,08,392","9,34,117"
08/25/2002,U,"4,41,076","2,27,484","6,68,560"
08/26/2002,W,"9,20,546","5,72,967","14,93,513"
08/27/2002,W,"9,23,644","5,96,884","15,20,528"
08/28/2002,W,"9,22,170","5,90,348","15,12,518"
08/29/2002,W,"8,08,555","5,32,322","13,40,877"
08/30/2002,W,"9,87,793","6,08,056","15,95,849"
08/31/2002,A,"6,66,152","3,45,777","10,11,929"
09-01-2002,U,"4,77,226","2,57,229","7,34,455"
09-02-2002,U,"3,81,482","2,01,136","5,82,618"
09-03-2002,W,"11,06,907","6,25,970","17,32,877"
09-04-2002,W,"10,87,925","6,34,665","17,22,590"
09-05-2002,W,"10,83,538","6,34,950","17,18,488"
09-06-2002,W,"10,82,951","6,34,809","17,17,760"
09-07-2002,A,"6,43,335","3,18,886","9,62,221"
09-08-2002,U,"4,39,942","2,18,716","6,58,658"
09-09-2002,W,"10,71,206","6,30,453","17,01,659"
09-10-2002,W,"10,50,992","6,40,278","16,91,270"
09-11-2002,W,"10,45,640","6,31,554","16,77,194"
09-12-2002,W,"10,59,762","6,45,114","17,04,876"
09/13/2002,W,"10,64,345","6,55,102","17,19,447"
09/14/2002,A,"6,42,689","3,27,322","9,70,011"
09/15/2002,U,"4,21,429","2,21,310","6,42,739"
09/16/2002,W,"10,49,667","6,17,848","16,67,515"
09/17/2002,W,"10,64,546","6,44,444","17,08,990"
09/18/2002,W,"10,39,162","6,43,763","16,82,925"
09/19/2002,W,"10,38,608","6,40,884","16,79,492"
09/20/2002,W,"10,19,280","6,26,196","16,45,476"
09/21/2002,A,"6,74,983","3,30,553","10,05,536"
09/22/2002,U,"4,16,973","2,15,142","6,32,115"
09/23/2002,W,"10,55,515","6,37,798","16,93,313"
09/24/2002,W,"10,55,580","6,64,958","17,20,538"
09/25/2002,W,"10,64,437","6,66,345","17,30,782"
09/26/2002,W,"10,57,421","6,62,347","17,19,768"
09/27/2002,W,"10,58,970","6,51,373","17,10,343"
09/28/2002,A,"6,32,188","3,38,847","9,71,035"
09/29/2002,U,"4,21,618","2,32,441","6,54,059"
09/30/2002,W,"10,48,696","6,34,065","16,82,761"
10-01-2002,W,"10,98,830","6,53,561","17,52,391"
10-02-2002,W,"10,59,836","6,48,879","17,08,715"
10-03-2002,W,"11,00,107","6,55,905","17,56,012"
10-04-2002,W,"10,24,955","6,26,723","16,51,678"
10-05-2002,A,"6,72,805","3,38,207","10,11,012"
10-06-2002,U,"4,23,210","2,23,075","6,46,285"
10-07-2002,W,"10,86,922","6,41,838","17,28,760"
10-08-2002,W,"10,74,824","6,50,758","17,25,582"
10-09-2002,W,"10,64,324","6,48,974","17,13,298"
10-10-2002,W,"10,72,954","6,55,002","17,27,956"
10-11-2002,W,"10,74,197","6,58,585","17,32,782"
10-12-2002,A,"6,12,527","3,32,781","9,45,308"
10/13/2002,U,"4,07,917","3,23,103","7,31,020"
10/14/2002,W,"8,06,818","5,42,057","13,48,875"
10/15/2002,W,"10,68,455","6,53,527","17,21,982"
10/16/2002,W,"10,36,205","6,45,880","16,82,085"
10/17/2002,W,"10,30,300","6,45,590","16,75,890"
10/18/2002,W,"10,59,316","6,43,043","17,02,359"
10/19/2002,A,"6,54,965","3,33,538","9,88,503"
10/20/2002,U,"4,24,767","2,22,167","6,46,934"
10/21/2002,W,"10,57,968","6,32,256","16,90,224"
10/22/2002,W,"10,47,657","6,45,112","16,92,769"
10/23/2002,W,"10,13,066","6,35,553","16,48,619"
10/24/2002,W,"10,14,798","6,42,039","16,56,837"
10/25/2002,W,"10,22,926","6,32,981","16,55,907"
10/26/2002,A,"6,26,185","3,31,030","9,57,215"
10/27/2002,U,"4,13,385","2,17,556","6,30,941"
10/28/2002,W,"10,41,265","6,28,314","16,69,579"
10/29/2002,W,"10,25,525","6,36,398","16,61,923"
10/30/2002,W,"10,36,745","6,39,993","16,76,738"
10/31/2002,W,"10,00,155","6,35,297","16,35,452"
11-01-2002,W,"10,69,031","6,28,183","16,97,214"
11-02-2002,A,"6,47,400","3,13,106","9,60,506"
11-03-2002,U,"4,18,620","2,11,506","6,30,126"
11-04-2002,W,"10,72,235","6,33,872","17,06,107"
11-05-2002,W,"9,94,530","6,13,203","16,07,733"
11-06-2002,W,"10,45,767","6,44,971","16,90,738"
11-07-2002,W,"10,65,889","6,64,817","17,30,706"
11-08-2002,W,"9,95,294","6,46,927","16,42,221"
11-09-2002,A,"6,30,142","3,29,264","9,59,406"
11-10-2002,U,"4,19,858","2,20,134","6,39,992"
11-11-2002,W,"7,80,558","5,19,021","12,99,579"
11-12-2002,W,"10,29,700","6,37,242","16,66,942"
11/13/2002,W,"10,35,982","6,35,224","16,71,206"
11/14/2002,W,"9,56,533","6,25,010","15,81,543"
11/15/2002,W,"10,42,694","6,30,267","16,72,961"
11/16/2002,A,"6,00,110","3,14,114","9,14,224"
11/17/2002,U,"3,93,692","2,04,651","5,98,343"
11/18/2002,W,"10,18,831","6,19,368","16,38,199"
11/19/2002,W,"10,58,349","6,38,719","16,97,068"
11/20/2002,W,"10,33,748","6,30,680","16,64,428"
11/21/2002,W,"9,83,825","6,21,257","16,05,082"
11/22/2002,W,"10,30,889","6,18,981","16,49,870"
11/23/2002,A,"6,31,388","3,53,053","9,84,441"
11/24/2002,U,"3,93,321","2,02,257","5,95,578"
11/25/2002,W,"9,92,101","6,02,628","15,94,729"
11/26/2002,W,"9,59,679","6,11,673","15,71,352"
11/27/2002,W,"9,46,620","5,84,367","15,30,987"
11/28/2002,U,"2,97,477","1,45,995","4,43,472"
11/29/2002,W,"6,76,405","3,67,260","10,43,665"
11/30/2002,A,"5,25,319","2,55,100","7,80,419"
12-01-2002,U,"3,62,192","1,87,150","5,49,342"
12-02-2002,W,"9,66,808","5,98,780","15,65,588"
12-03-2002,W,"10,07,666","6,22,071","16,29,737"
12-04-2002,W,"10,03,459","6,10,601","16,14,060"
12-05-2002,W,"10,05,218","6,07,822","16,13,040"
12-06-2002,W,"10,18,401","6,02,004","16,20,405"
12-07-2002,A,"6,27,855","3,18,034","9,45,889"
12-08-2002,U,"3,96,717","2,02,070","5,98,787"
12-09-2002,W,"9,94,622","5,75,116","15,69,738"
12-10-2002,W,"10,30,456","6,01,656","16,32,112"
12-11-2002,W,"10,21,640","6,03,601","16,25,241"
12-12-2002,W,"10,15,667","6,02,683","16,18,350"
12/13/2002,W,"10,20,480","6,00,852","16,21,332"
12/14/2002,A,"6,53,848","3,25,639","9,79,487"
12/15/2002,U,"4,35,253","2,16,394","6,51,647"
12/16/2002,W,"10,03,932","5,77,286","15,81,218"
12/17/2002,W,"9,85,528","5,83,328","15,68,856"
12/18/2002,W,"9,39,870","5,71,921","15,11,791"
12/19/2002,W,"10,20,038","5,90,493","16,10,531"
12/20/2002,W,"9,84,913","5,65,925","15,50,838"
12/21/2002,A,"6,14,025","2,84,719","8,98,744"
12/22/2002,U,"4,04,210","1,94,323","5,98,533"
12/23/2002,W,"8,27,316","4,67,245","12,94,561"
12/24/2002,W,"6,21,673","3,19,916","9,41,589"
12/25/2002,U,"2,37,547","96,846","3,34,393"
12/26/2002,W,"6,61,076","3,72,317","10,33,393"
12/27/2002,W,"7,44,896","4,24,575","11,69,471"
12/28/2002,A,"5,28,087","2,36,606","7,64,693"
12/29/2002,U,"3,80,197","1,81,081","5,61,278"
12/30/2002,W,"7,73,707","4,69,806","12,43,513"
12/31/2002,W,"7,92,623","4,56,865","12,49,488"
01-01-2003,U,"3,25,478","1,69,985","4,95,463"
01-02-2003,W,"7,57,781","4,84,840","12,42,621"
01-03-2003,W,"8,61,580","5,15,985","13,77,565"
01-04-2003,A,"5,70,941","2,55,217","8,26,158"
01-05-2003,U,"3,77,813","1,77,159","5,54,972"
01-06-2003,W,"9,82,617","5,74,868","15,57,485"
01-07-2003,W,"9,82,542","5,80,676","15,63,218"
01-08-2003,W,"10,11,812","5,92,758","16,04,570"
01-09-2003,W,"9,79,678","5,86,435","15,66,113"
01-10-2003,W,"9,63,808","5,67,691","15,31,499"
01-11-2003,A,"5,06,478","2,50,051","7,56,529"
01-12-2003,U,"3,46,918","1,71,467","5,18,385"
01/13/2003,W,"9,73,653","5,85,781","15,59,434"
01/14/2003,W,"9,40,805","5,94,400","15,35,205"
01/15/2003,W,"9,28,578","5,83,104","15,11,682"
01/16/2003,W,"9,45,280","5,91,915","15,37,195"
01/17/2003,W,"9,73,358","5,84,772","15,58,130"
01/18/2003,A,"5,12,435","2,61,058","7,73,493"
01/19/2003,U,"3,27,279","1,72,937","5,00,216"
01/20/2003,W,"6,04,089","3,75,958","9,80,047"
01/21/2003,W,"9,54,156","5,90,827","15,44,983"
01/22/2003,W,"9,12,033","5,72,491","14,84,524"
01/23/2003,W,"8,22,317","5,41,015","13,63,332"
01/24/2003,W,"8,93,501","5,46,353","14,39,854"
01/25/2003,A,"5,47,944","2,59,287","8,07,231"
01/26/2003,U,"3,35,046","1,68,783","5,03,829"
01/27/2003,W,"9,22,033","5,64,295","14,86,328"
01/28/2003,W,"9,52,120","5,98,146","15,50,266"
01/29/2003,W,"9,70,605","5,94,588","15,65,193"
01/30/2003,W,"9,93,731","6,01,060","15,94,791"
01/31/2003,W,"9,29,004","5,77,555","15,06,559"
02-01-2003,A,"6,39,705","2,91,226","9,30,931"
02-02-2003,U,"4,15,598","1,92,294","6,07,892"
02-03-2003,W,"10,39,918","5,96,186","16,36,104"
02-04-2003,W,"9,80,582","5,97,044","15,77,626"
02-05-2003,W,"9,61,776","5,85,552","15,47,328"
02-06-2003,W,"9,81,973","5,96,888","15,78,861"
02-07-2003,W,"9,53,979","5,73,249","15,27,228"
02-08-2003,A,"5,63,430","2,70,521","8,33,951"
02-09-2003,U,"3,67,964","1,80,861","5,48,825"
02-10-2003,W,"9,48,507","5,84,120","15,32,627"
02-11-2003,W,"9,28,346","5,92,292","15,20,638"
02-12-2003,W,"7,49,254","5,23,192","12,72,446"
02/13/2003,W,"9,78,871","5,97,819","15,76,690"
02/14/2003,W,"9,85,806","5,94,045","15,79,851"
02/15/2003,A,"5,43,945","2,71,823","8,15,768"
02/16/2003,U,"3,65,939","1,88,276","5,54,215"
02/17/2003,W,"7,09,845","4,47,938","11,57,783"
02/18/2003,W,"9,74,450","6,04,717","15,79,167"
02/19/2003,W,"9,82,943","6,05,097","15,88,040"
02/20/2003,W,"9,88,095","6,11,766","15,99,861"
02/21/2003,W,"10,05,940","6,01,156","16,07,096"
02/22/2003,A,"5,29,921","2,76,538","8,06,459"
02/23/2003,U,"3,77,363","1,85,905","5,63,268"
02/24/2003,W,"9,08,324","5,74,013","14,82,337"
02/25/2003,W,"8,97,857","5,72,520","14,70,377"
02/26/2003,W,"9,39,161","5,88,630","15,27,791"
02/27/2003,W,"9,51,569","5,99,144","15,50,713"
02/28/2003,W,"10,11,530","5,97,504","16,09,034"
03-01-2003,A,"6,10,177","2,91,264","9,01,441"
03-02-2003,U,"3,47,417","1,82,200","5,29,617"
03-03-2003,W,"8,22,165","5,35,306","13,57,471"
03-04-2003,W,"9,64,967","6,06,043","15,71,010"
03-05-2003,W,"8,68,551","5,83,929","14,52,480"
03-06-2003,W,"8,74,641","5,73,715","14,48,356"
03-07-2003,W,"9,80,484","5,84,273","15,64,757"
03-08-2003,A,"5,50,093","2,74,523","8,24,616"
03-09-2003,U,"3,35,884","1,77,874","5,13,758"
03-10-2003,W,"9,16,661","5,73,635","14,90,296"
03-11-2003,W,"9,71,894","6,01,034","15,72,928"
03-12-2003,W,"9,81,590","6,04,333","15,85,923"
03/13/2003,W,"9,78,881","6,09,896","15,88,777"
03/14/2003,W,"10,09,566","6,15,377","16,24,943"
03/15/2003,A,"6,37,081","3,81,570","10,18,651"
03/16/2003,U,"4,29,227","2,35,438","6,64,665"
03/17/2003,W,"9,76,703","5,97,982","15,74,685"
03/18/2003,W,"9,63,349","5,96,226","15,59,575"
03/19/2003,W,"9,38,499","5,86,881","15,25,380"
03/20/2003,W,"9,36,654","5,94,341","15,30,995"
03/21/2003,W,"9,67,479","5,88,655","15,56,134"
03/22/2003,A,"5,77,660","2,92,329","8,69,989"
03/23/2003,U,"4,10,745","2,15,626","6,26,371"
03/24/2003,W,"9,62,889","5,84,149","15,47,038"
03/25/2003,W,"9,73,017","5,94,589","15,67,606"
03/26/2003,W,"9,68,581","5,94,924","15,63,505"
03/27/2003,W,"9,69,195","5,93,676","15,62,871"
03/28/2003,W,"8,15,984","5,52,242","13,68,226"
03/29/2003,A,"5,55,638","2,80,361","8,35,999"
03/30/2003,U,"3,72,071","1,91,109","5,63,180"
03/31/2003,W,"9,73,924","5,77,834","15,51,758"
04-01-2003,W,"10,28,531","6,03,564","16,32,095"
04-02-2003,W,"10,20,829","6,02,855","16,23,684"
04-03-2003,W,"9,95,062","5,92,074","15,87,136"
04-04-2003,W,"9,12,458","5,72,837","14,85,295"
04-05-2003,A,"5,93,273","2,93,496","8,86,769"
04-06-2003,U,"3,70,275","1,88,467","5,58,742"
04-07-2003,W,"8,73,605","5,65,391","14,38,996"
04-08-2003,W,"9,47,482","5,99,769","15,47,251"
04-09-2003,W,"9,86,992","6,11,985","15,98,977"
04-10-2003,W,"10,07,977","6,24,279","16,32,256"
04-11-2003,W,"9,12,918","6,00,667","15,13,585"
04-12-2003,A,"6,02,670","3,21,354","9,24,024"
04/13/2003,U,"4,07,540","2,19,553","6,27,093"
04/14/2003,W,"9,04,517","5,93,473","14,97,990"
04/15/2003,W,"8,94,368","6,06,461","15,00,829"
04/16/2003,W,"8,36,328","5,78,259","14,14,587"
04/17/2003,W,"8,15,274","5,63,613","13,78,887"
04/18/2003,W,"7,69,997","4,82,196","12,52,193"
04/19/2003,A,"5,62,148","2,63,464","8,25,612"
04/20/2003,U,"3,68,478","1,72,399","5,40,877"
04/21/2003,W,"9,25,231","5,72,442","14,97,673"
04/22/2003,W,"9,64,240","6,17,403","15,81,643"
04/23/2003,W,"9,23,474","6,13,127","15,36,601"
04/24/2003,W,"9,61,316","6,20,140","15,81,456"
04/25/2003,W,"9,79,369","5,95,103","15,74,472"
04/26/2003,A,"5,88,057","3,00,728","8,88,785"
04/27/2003,U,"4,03,462","2,10,716","6,14,178"
04/28/2003,W,"9,62,103","5,82,145","15,44,248"
04/29/2003,W,"9,58,977","5,95,629","15,54,606"
04/30/2003,W,"8,28,642","5,67,596","13,96,238"
05-01-2003,W,"9,71,218","5,97,161","15,68,379"
05-02-2003,W,"10,39,212","6,16,460","16,55,672"
05-03-2003,A,"6,45,503","3,35,590","9,81,093"
05-04-2003,U,"3,95,799","2,14,366","6,10,165"
05-05-2003,W,"10,06,467","6,08,082","16,14,549"
05-06-2003,W,"10,07,795","6,26,276","16,34,071"
05-07-2003,W,"9,77,279","6,10,370","15,87,649"
05-08-2003,W,"9,84,692","6,05,164","15,89,856"
05-09-2003,W,"9,92,211","6,16,706","16,08,917"
05-10-2003,A,"5,77,508","3,01,857","8,79,365"
05-11-2003,U,"3,22,449","1,93,398","5,15,847"
05-12-2003,W,"9,56,974","5,80,553","15,37,527"
05/13/2003,W,"9,81,698","6,02,563","15,84,261"
05/14/2003,W,"9,11,890","5,83,198","14,95,088"
05/15/2003,W,"9,71,525","5,98,384","15,69,909"
05/16/2003,W,"9,99,630","5,89,910","15,89,540"
05/17/2003,A,"6,14,484","3,04,723","9,19,207"
05/18/2003,U,"4,03,043","2,07,860","6,10,903"
05/19/2003,W,"9,61,806","5,79,665","15,41,471"
05/20/2003,W,"9,66,295","5,94,508","15,60,803"
05/21/2003,W,"9,92,696","5,92,768","15,85,464"
05/22/2003,W,"9,67,683","5,90,893","15,58,576"
05/23/2003,W,"9,69,112","5,75,372","15,44,484"
05/24/2003,A,"5,91,523","3,01,068","8,92,591"
05/25/2003,U,"4,08,454","2,23,466","6,31,920"
05/26/2003,U,"3,80,796","2,24,023","6,04,819"
05/27/2003,W,"9,61,009","5,97,804","15,58,813"
05/28/2003,W,"9,10,537","5,86,704","14,97,241"
05/29/2003,W,"9,61,715","5,95,331","15,57,046"
05/30/2003,W,"9,88,281","6,13,622","16,01,903"
05/31/2003,A,"5,75,015","3,18,134","8,93,149"
06-01-2003,U,"4,22,827","2,45,291","6,68,118"
06-02-2003,W,"9,78,201","5,83,126","15,61,327"
06-03-2003,W,"9,92,041","6,10,279","16,02,320"
06-04-2003,W,"9,97,077","6,15,414","16,12,491"
06-05-2003,W,"9,91,907","6,22,481","16,14,388"
06-06-2003,W,"9,62,917","6,15,632","15,78,549"
06-07-2003,A,"6,34,650","3,54,198","9,88,848"
06-08-2003,U,"3,80,953","2,29,228","6,10,181"
06-09-2003,W,"9,87,516","5,90,887","15,78,403"
06-10-2003,W,"9,40,459","5,96,552","15,37,011"
06-11-2003,W,"9,61,149","6,07,043","15,68,192"
06-12-2003,W,"9,69,572","6,04,883","15,74,455"
06/13/2003,W,"9,76,147","5,92,987","15,69,134"
06/14/2003,A,"6,26,911","3,20,029","9,46,940"
06/15/2003,U,"4,21,515","2,21,822","6,43,337"
06/16/2003,W,"9,55,066","5,81,387","15,36,453"
06/17/2003,W,"9,65,718","6,01,420","15,67,138"
06/18/2003,W,"8,97,454","5,87,986","14,85,440"
06/19/2003,W,"9,46,693","5,96,124","15,42,817"
06/20/2003,W,"9,38,177","6,11,219","15,49,396"
06/21/2003,A,"6,10,796","3,45,895","9,56,691"
06/22/2003,U,"4,23,283","2,42,077","6,65,360"
06/23/2003,W,"8,55,955","5,68,379","14,24,334"
06/24/2003,W,"9,28,442","6,20,552","15,48,994"
06/25/2003,W,"8,41,205","6,03,880","14,45,085"
06/26/2003,W,"8,33,307","6,00,660","14,33,967"
06/27/2003,W,"8,90,776","6,61,150","15,51,926"
06/28/2003,A,"5,61,500","3,50,162","9,11,662"
06/29/2003,U,"4,21,380","3,29,753","7,51,133"
06/30/2003,W,"8,84,729","6,11,874","14,96,603"
07-01-2003,W,"9,57,351","6,34,210","15,91,561"
07-02-2003,W,"9,36,777","6,40,212","15,76,989"
07-03-2003,W,"9,83,110","7,90,702","17,73,812"
07-04-2003,U,"4,71,591","3,47,887","8,19,478"
07-05-2003,A,"5,49,605","3,63,309","9,12,914"
07-06-2003,U,"3,89,816","2,69,228","6,59,044"
07-07-2003,W,"8,52,771","5,69,437","14,22,208"
07-08-2003,W,"8,46,175","5,79,733","14,25,908"
07-09-2003,W,"8,71,942","5,98,967","14,70,909"
07-10-2003,W,"8,93,195","6,14,469","15,07,664"
07-11-2003,W,"9,07,669","6,15,433","15,23,102"
07-12-2003,A,"6,07,118","3,39,152","9,46,270"
07/13/2003,U,"4,21,579","2,57,051","6,78,630"
07/14/2003,W,"9,05,206","6,11,190","15,16,396"
07/15/2003,W,"8,74,304","6,18,204","14,92,508"
07/16/2003,W,"9,15,630","5,97,927","15,13,557"
07/17/2003,W,"8,61,722","5,79,675","14,41,397"
07/18/2003,W,"9,02,204","5,90,356","14,92,560"
07/19/2003,A,"6,19,480","3,24,535","9,44,015"
07/20/2003,U,"4,03,847","2,24,010","6,27,857"
07/21/2003,W,"8,83,219","5,78,363","14,61,582"
07/22/2003,W,"8,89,426","5,90,880","14,80,306"
07/23/2003,W,"9,06,650","6,22,160","15,28,810"
07/24/2003,W,"8,96,387","6,22,281","15,18,668"
07/25/2003,W,"9,03,368","5,91,792","14,95,160"
07/26/2003,A,"5,84,819","3,12,502","8,97,321"
07/27/2003,U,"3,67,151","2,22,589","5,89,740"
07/28/2003,W,"8,49,172","5,62,933","14,12,105"
07/29/2003,W,"9,03,830","6,15,414","15,19,244"
07/30/2003,W,"8,80,392","6,16,406","14,96,798"
07/31/2003,W,"8,89,575","6,17,395","15,06,970"
08-01-2003,W,"9,12,597","6,05,206","15,17,803"
08-02-2003,A,"6,78,701","3,99,990","10,78,691"
08-03-2003,U,"3,87,659","2,44,986","6,32,645"
08-04-2003,W,"9,20,408","5,85,024","15,05,432"
08-05-2003,W,"9,18,113","6,00,556","15,18,669"
08-06-2003,W,"8,83,115","5,81,895","14,65,010"
08-07-2003,W,"9,23,161","5,84,026","15,07,187"
08-08-2003,W,"9,03,597","5,83,831","14,87,428"
08-09-2003,A,"6,38,279","3,71,415","10,09,694"
08-10-2003,U,"4,18,764","2,44,876","6,63,640"
08-11-2003,W,"8,06,587","5,66,910","13,73,497"
08-12-2003,W,"8,64,526","5,95,230","14,59,756"
08/13/2003,W,"8,75,224","6,14,427","14,89,651"
08/14/2003,W,"8,57,542","5,92,601","14,50,143"
08/15/2003,W,"8,73,580","6,02,111","14,75,691"
08/16/2003,A,"6,27,785","3,63,117","9,90,902"
08/17/2003,U,"4,62,931","2,90,507","7,53,438"
08/18/2003,W,"8,21,919","5,59,214","13,81,133"
08/19/2003,W,"8,53,603","5,77,418","14,31,021"
08/20/2003,W,"8,38,351","5,67,116","14,05,467"
08/21/2003,W,"8,20,578","5,62,565","13,83,143"
08/22/2003,W,"8,67,524","5,76,202","14,43,726"
08/23/2003,A,"5,85,510","3,13,035","8,98,545"
08/24/2003,U,"4,08,305","2,27,185","6,35,490"
08/25/2003,W,"8,50,528","5,61,134","14,11,662"
08/26/2003,W,"8,36,703","5,73,211","14,09,914"
08/27/2003,W,"8,62,298","5,78,962","14,41,260"
08/28/2003,W,"8,57,707","5,78,781","14,36,488"
08/29/2003,W,"9,02,436","6,04,839","15,07,275"
08/30/2003,A,"6,22,090","3,39,474","9,61,564"
08/31/2003,U,"3,96,860","2,42,605","6,39,465"
09-01-2003,U,"3,26,772","1,99,296","5,26,068"
09-02-2003,W,"10,25,978","6,48,864","16,74,842"
09-03-2003,W,"10,59,974","6,50,319","17,10,293"
09-04-2003,W,"10,40,002","6,52,383","16,92,385"
09-05-2003,W,"10,44,868","6,34,834","16,79,702"
09-06-2003,A,"6,25,347","3,34,013","9,59,360"
09-07-2003,U,"4,21,385","2,22,973","6,44,358"
09-08-2003,W,"10,28,540","6,23,072","16,51,612"
09-09-2003,W,"10,30,074","6,32,686","16,62,760"
09-10-2003,W,"10,19,275","6,45,858","16,65,133"
09-11-2003,W,"10,18,196","6,39,732","16,57,928"
09-12-2003,W,"10,02,297","6,50,171","16,52,468"
09/13/2003,A,"6,01,330","3,50,594","9,51,924"
09/14/2003,U,"3,86,248","2,35,410","6,21,658"
09/15/2003,W,"10,15,639","6,53,569","16,69,208"
09/16/2003,W,"10,33,950","6,63,607","16,97,557"
09/17/2003,W,"10,23,215","6,63,761","16,86,976"
09/18/2003,W,"10,23,301","6,47,465","16,70,766"
09/19/2003,W,"10,19,769","6,42,616","16,62,385"
09/20/2003,A,"6,18,523","3,38,787","9,57,310"
09/21/2003,U,"4,21,320","2,31,095","6,52,415"
09/22/2003,W,"9,92,288","6,38,244","16,30,532"
09/23/2003,W,"10,23,379","6,55,433","16,78,812"
09/24/2003,W,"9,73,736","6,43,836","16,17,572"
09/25/2003,W,"10,06,367","6,48,354","16,54,721"
09/26/2003,W,"9,39,175","6,43,987","15,83,162"
09/27/2003,A,"5,91,935","3,58,390","9,50,325"
09/28/2003,U,"3,77,248","2,36,781","6,14,029"
09/29/2003,W,"10,01,427","6,37,350","16,38,777"
09/30/2003,W,"10,00,725","6,37,394","16,38,119"
10-01-2003,W,"10,51,684","6,44,239","16,95,923"
10-02-2003,W,"10,16,259","6,41,608","16,57,867"
10-03-2003,W,"9,99,345","6,67,963","16,67,308"
10-04-2003,A,"6,51,128","3,83,554","10,34,682"
10-05-2003,U,"4,28,277","2,36,860","6,65,137"
10-06-2003,W,"10,18,276","6,18,461","16,36,737"
10-07-2003,W,"10,51,869","6,99,907","17,51,776"
10-08-2003,W,"10,26,066","6,93,316","17,19,382"
10-09-2003,W,"10,11,003","6,50,911","16,61,914"
10-10-2003,W,"10,31,598","6,61,985","16,93,583"
10-11-2003,A,"6,28,499","3,66,667","9,95,166"
10-12-2003,U,"4,11,927","3,51,185","7,63,112"
10/13/2003,W,"7,80,132","5,47,856","13,27,988"
10/14/2003,W,"9,28,265","6,91,539","16,19,804"
10/15/2003,W,"10,26,737","7,11,785","17,38,522"
10/16/2003,W,"10,13,203","6,50,877","16,64,080"
10/17/2003,W,"10,23,752","6,51,230","16,74,982"
10/18/2003,A,"6,33,461","3,62,376","9,95,837"
10/19/2003,U,"4,22,713","2,41,241","6,63,954"
10/20/2003,W,"10,77,011","6,32,330","17,09,341"
10/21/2003,W,"9,58,546","6,44,683","16,03,229"
10/22/2003,W,"10,03,925","6,40,420","16,44,345"
10/23/2003,W,"10,08,328","6,44,198","16,52,526"
10/24/2003,W,"10,08,879","6,39,483","16,48,362"
10/25/2003,A,"6,15,584","3,32,732","9,48,316"
10/26/2003,U,"3,95,925","2,31,808","6,27,733"
10/27/2003,W,"9,90,268","6,20,687","16,10,955"
10/28/2003,W,"9,78,501","6,31,318","16,09,819"
10/29/2003,W,"9,86,799","6,37,933","16,24,732"
10/30/2003,W,"10,06,074","6,52,674","16,58,748"
10/31/2003,W,"9,96,142","6,28,603","16,24,745"
11-01-2003,A,"6,06,945","3,09,648","9,16,593"
11-02-2003,U,"3,97,515","2,15,452","6,12,967"
11-03-2003,W,"10,07,989","6,14,598","16,22,587"
11-04-2003,W,"10,03,988","6,30,296","16,34,284"
11-05-2003,W,"10,15,157","6,39,104","16,54,261"
11-06-2003,W,"10,15,139","6,44,961","16,60,100"
11-07-2003,W,"9,06,629","6,20,991","15,27,620"
11-08-2003,A,"5,66,334","3,20,811","8,87,145"
11-09-2003,U,"3,83,993","2,21,796","6,05,789"
11-10-2003,W,"9,81,163","6,06,222","15,87,385"
11-11-2003,W,"7,89,039","5,42,871","13,31,910"
11-12-2003,W,"9,77,852","6,27,509","16,05,361"
11/13/2003,W,"9,01,163","6,16,525","15,17,688"
11/14/2003,W,"9,64,479","6,32,553","15,97,032"
11/15/2003,A,"5,67,411","3,34,186","9,01,597"
11/16/2003,U,"3,82,584","2,22,633","6,05,217"
11/17/2003,W,"9,96,959","6,18,428","16,15,387"
11/18/2003,W,"8,81,272","6,08,253","14,89,525"
11/19/2003,W,"10,11,052","6,32,045","16,43,097"
11/20/2003,W,"10,06,072","6,38,332","16,44,404"
11/21/2003,W,"10,04,115","6,26,155","16,30,270"
11/22/2003,A,"6,08,476","3,61,622","9,70,098"
11/23/2003,U,"3,52,918","2,02,523","5,55,441"
11/24/2003,W,"8,97,941","5,83,860","14,81,801"
11/25/2003,W,"9,45,699","6,02,970","15,48,669"
11/26/2003,W,"9,30,556","5,79,257","15,09,813"
11/27/2003,U,"2,92,469","1,53,251","4,45,720"
11/28/2003,W,"5,57,794","3,44,266","9,02,060"
11/29/2003,A,"4,84,077","2,65,968","7,50,045"
11/30/2003,U,"3,78,933","2,17,629","5,96,562"
12-01-2003,W,"9,98,632","6,01,364","15,99,996"
12-02-2003,W,"9,84,587","6,05,675","15,90,262"
12-03-2003,W,"10,02,993","6,13,563","16,16,556"
12-04-2003,W,"9,62,556","6,10,322","15,72,878"
12-05-2003,W,"9,68,576","6,06,672","15,75,248"
12-06-2003,A,"5,87,823","3,26,475","9,14,298"
12-07-2003,U,"3,93,784","2,14,938","6,08,722"
12-08-2003,W,"9,75,766","5,86,022","15,61,788"
12-09-2003,W,"9,59,147","5,94,395","15,53,542"
12-10-2003,W,"9,45,145","5,97,600","15,42,745"
12-11-2003,W,"9,36,467","5,91,327","15,27,794"
12-12-2003,W,"9,12,540","5,75,833","14,88,373"
12/13/2003,A,"5,44,810","3,05,519","8,50,329"
12/14/2003,U,"3,69,050","2,09,939","5,78,989"
12/15/2003,W,"9,36,119","5,68,654","15,04,773"
12/16/2003,W,"9,26,650","5,76,496","15,03,146"
12/17/2003,W,"9,25,481","5,73,820","14,99,301"
12/18/2003,W,"9,17,919","5,67,624","14,85,543"
12/19/2003,W,"9,26,113","5,55,922","14,82,035"
12/20/2003,A,"5,64,850","2,89,142","8,53,992"
12/21/2003,U,"4,15,703","2,18,944","6,34,647"
12/22/2003,W,"7,97,301","5,08,014","13,05,315"
12/23/2003,W,"7,70,607","4,86,462","12,57,069"
12/24/2003,W,"6,10,061","3,33,655","9,43,716"
12/25/2003,U,"2,47,349","1,01,016","3,48,365"
12/26/2003,W,"6,05,667","3,21,094","9,26,761"
12/27/2003,A,"5,07,042","2,32,980","7,40,022"
12/28/2003,U,"3,58,852","1,78,624","5,37,476"
12/29/2003,W,"7,32,494","4,61,979","11,94,473"
12/30/2003,W,"7,25,126","4,74,545","11,99,671"
12/31/2003,W,"6,78,329","4,30,971","11,09,300"
01-01-2004,U,"3,00,347","1,74,003","4,74,350"
01-02-2004,W,"7,54,051","4,21,851","11,75,902"
01-03-2004,A,"5,60,436","2,50,130","8,10,566"
01-04-2004,U,"3,03,611","1,62,880","4,66,491"
01-05-2004,W,"8,94,467","5,48,650","14,43,117"
01-06-2004,W,"7,88,158","5,16,396","13,04,554"
01-07-2004,W,"8,51,011","5,36,299","13,87,310"
01-08-2004,W,"9,03,950","5,56,891","14,60,841"
01-09-2004,W,"9,29,117","5,60,519","14,89,636"
01-10-2004,A,"5,26,469","2,61,687","7,88,156"
01-11-2004,U,"3,68,655","1,80,035","5,48,690"
01-12-2004,W,"9,82,070","5,88,906","15,70,976"
01/13/2004,W,"9,77,382","5,96,765","15,74,147"
01/14/2004,W,"9,56,180","5,91,625","15,47,805"
01/15/2004,W,"9,62,171","5,90,965","15,53,136"
01/16/2004,W,"9,69,715","5,78,153","15,47,868"
01/17/2004,A,"5,34,831","2,78,142","8,12,973"
01/18/2004,U,"3,42,002","1,78,641","5,20,643"
01/19/2004,W,"5,57,712","3,53,859","9,11,571"
01/20/2004,W,"9,39,415","5,72,634","15,12,049"
01/21/2004,W,"9,49,321","5,76,593","15,25,914"
01/22/2004,W,"8,54,150","5,42,344","13,96,494"
01/23/2004,W,"9,03,734","5,50,366","14,54,100"
01/24/2004,A,"5,21,800","2,63,571","7,85,371"
01/25/2004,U,"3,43,967","1,76,977","5,20,944"
01/26/2004,W,"9,25,536","5,66,031","14,91,567"
01/27/2004,W,"9,06,997","5,86,852","14,93,849"
01/28/2004,W,"8,87,763","5,65,269","14,53,032"
01/29/2004,W,"8,55,905","5,53,448","14,09,353"
01/30/2004,W,"7,56,185","5,00,887","12,57,072"
01/31/2004,A,"5,31,967","2,46,213","7,78,180"
02-01-2004,U,"3,55,491","1,70,793","5,26,284"
02-02-2004,W,"9,14,997","5,66,503","14,81,500"
02-03-2004,W,"9,57,823","5,91,153","15,48,976"
02-04-2004,W,"9,47,079","5,81,672","15,28,751"
02-05-2004,W,"9,31,453","5,86,671","15,18,124"
02-06-2004,W,"9,37,566","5,72,957","15,10,523"
02-07-2004,A,"5,53,301","2,81,792","8,35,093"
02-08-2004,U,"3,69,314","1,85,893","5,55,207"
02-09-2004,W,"9,48,814","5,78,071","15,26,885"
02-10-2004,W,"9,48,181","5,93,014","15,41,195"
02-11-2004,W,"9,59,174","5,94,399","15,53,573"
02-12-2004,W,"7,96,644","5,37,211","13,33,855"
02/13/2004,W,"9,58,969","5,80,969","15,39,938"
02/14/2004,A,"6,10,834","3,01,728","9,12,562"
02/15/2004,U,"3,68,733","1,91,759","5,60,492"
02/16/2004,W,"6,84,054","4,41,539","11,25,593"
02/17/2004,W,"9,66,524","5,96,810","15,63,334"
02/18/2004,W,"9,57,521","5,93,575","15,51,096"
02/19/2004,W,"9,71,162","6,01,442","15,72,604"
02/20/2004,W,"9,33,678","5,80,459","15,14,137"
02/21/2004,A,"5,85,429","2,88,901","8,74,330"
02/22/2004,U,"4,02,374","1,87,329","5,89,703"
02/23/2004,W,"9,54,873","5,77,436","15,32,309"
02/24/2004,W,"9,57,453","5,88,493","15,45,946"
02/25/2004,W,"9,67,236","5,96,639","15,63,875"
02/26/2004,W,"9,73,201","5,98,172","15,71,373"
02/27/2004,W,"9,80,935","5,89,768","15,70,703"
02/28/2004,A,"6,07,923","3,10,337","9,18,260"
02/29/2004,U,"4,13,029","2,08,258","6,21,287"
03-01-2004,W,"8,28,169","5,34,603","13,62,772"
03-02-2004,W,"9,92,418","5,97,880","15,90,298"
03-03-2004,W,"10,07,360","5,94,376","16,01,736"
03-04-2004,W,"9,36,797","5,84,225","15,21,022"
03-05-2004,W,"9,39,138","5,75,845","15,14,983"
03-06-2004,A,"6,02,180","2,96,173","8,98,353"
03-07-2004,U,"3,70,231","1,86,924","5,57,155"
03-08-2004,W,"9,69,634","5,85,973","15,55,607"
03-09-2004,W,"9,65,244","5,97,735","15,62,979"
03-10-2004,W,"9,73,415","6,01,851","15,75,266"
03-11-2004,W,"9,27,076","5,89,420","15,16,496"
03-12-2004,W,"9,42,238","5,80,254","15,22,492"
03/13/2004,A,"5,87,662","3,42,986","9,30,648"
03/14/2004,U,"3,76,244","2,00,734","5,76,978"
03/15/2004,W,"9,53,320","5,80,038","15,33,358"
03/16/2004,W,"9,42,197","5,82,515","15,24,712"
03/17/2004,W,"9,32,468","5,89,641","15,22,109"
03/18/2004,W,"9,34,303","5,88,303","15,22,606"
03/19/2004,W,"9,88,154","5,93,249","15,81,403"
03/20/2004,A,"6,07,378","3,11,130","9,18,508"
03/21/2004,U,"3,65,502","1,89,403","5,54,905"
03/22/2004,W,"9,41,254","5,59,786","15,01,040"
03/23/2004,W,"9,66,919","5,79,228","15,46,147"
03/24/2004,W,"9,17,804","5,65,878","14,83,682"
03/25/2004,W,"9,48,790","5,77,094","15,25,884"
03/26/2004,W,"8,58,131","5,57,755","14,15,886"
03/27/2004,A,"5,85,553","3,00,842","8,86,395"
03/28/2004,U,"3,77,339","2,15,088","5,92,427"
03/29/2004,W,"9,49,103","5,73,929","15,23,032"
03/30/2004,W,"9,49,847","5,79,487","15,29,334"
03/31/2004,W,"9,43,445","5,79,344","15,22,789"
04-01-2004,W,"10,00,741","5,92,854","15,93,595"
04-02-2004,W,"10,12,716","5,89,043","16,01,759"
04-03-2004,A,"6,33,629","3,04,787","9,38,416"
04-04-2004,U,"4,07,772","1,98,468","6,06,240"
04-05-2004,W,"9,71,292","5,71,811","15,43,103"
04-06-2004,W,"9,77,036","5,85,618","15,62,654"
04-07-2004,W,"9,75,244","5,92,042","15,67,286"
04-08-2004,W,"9,67,733","5,88,420","15,56,153"
04-09-2004,W,"7,99,356","4,90,037","12,89,393"
04-10-2004,A,"5,68,003","2,63,036","8,31,039"
04-11-2004,U,"3,72,246","1,62,703","5,34,949"
04-12-2004,W,"8,09,673","5,60,649","13,70,322"
04/13/2004,W,"8,31,527","5,71,813","14,03,340"
04/14/2004,W,"8,59,829","5,93,419","14,53,248"
04/15/2004,W,"8,64,352","6,01,171","14,65,523"
04/16/2004,W,"8,61,336","6,00,132","14,61,468"
04/17/2004,A,"5,96,237","3,31,377","9,27,614"
04/18/2004,U,"4,23,705","2,27,626","6,51,331"
04/19/2004,W,"9,51,686","5,92,025","15,43,711"
04/20/2004,W,"9,34,712","5,92,319","15,27,031"
04/21/2004,W,"9,43,108","5,97,005","15,40,113"
04/22/2004,W,"9,04,333","5,97,088","15,01,421"
04/23/2004,W,"9,77,752","6,15,945","15,93,697"
04/24/2004,A,"5,70,050","3,14,947","8,84,997"
04/25/2004,U,"3,73,444","2,18,019","5,91,463"
04/26/2004,W,"9,62,323","5,76,288","15,38,611"
04/27/2004,W,"9,85,057","5,88,215","15,73,272"
04/28/2004,W,"9,14,358","5,85,375","14,99,733"
04/29/2004,W,"9,09,979","5,80,209","14,90,188"
04/30/2004,W,"9,88,876","5,79,995","15,68,871"
05-01-2004,A,"5,77,088","2,82,452","8,59,540"
05-02-2004,U,"4,17,360","2,03,143","6,20,503"
05-03-2004,W,"10,28,235","5,80,844","16,09,079"
05-04-2004,W,"10,25,965","6,15,968","16,41,933"
05-05-2004,W,"10,19,276","6,22,837","16,42,113"
05-06-2004,W,"9,94,277","6,14,497","16,08,774"
05-07-2004,W,"9,60,594","5,91,026","15,51,620"
05-08-2004,A,"6,28,268","3,16,493","9,44,761"
05-09-2004,U,"4,41,379","2,21,375","6,62,754"
05-10-2004,W,"9,39,473","5,58,691","14,98,164"
05-11-2004,W,"9,65,692","5,83,729","15,49,421"
05-12-2004,W,"9,44,663","5,76,643","15,21,306"
05/13/2004,W,"9,29,271","5,79,703","15,08,974"
05/14/2004,W,"8,99,684","5,66,238","14,65,922"
05/15/2004,A,"6,15,125","3,08,012","9,23,137"
05/16/2004,U,"4,18,466","2,14,886","6,33,352"
05/17/2004,W,"9,61,334","5,67,520","15,28,854"
05/18/2004,W,"9,57,288","6,00,273","15,57,561"
05/19/2004,W,"10,10,917","6,13,954","16,24,871"
05/20/2004,W,"9,71,148","6,04,798","15,75,946"
05/21/2004,W,"9,45,657","5,92,577","15,38,234"
05/22/2004,A,"5,71,606","3,16,714","8,88,320"
05/23/2004,U,"3,98,101","2,24,372","6,22,473"
05/24/2004,W,"9,64,387","5,72,310","15,36,697"
05/25/2004,W,"9,67,725","5,86,827","15,54,552"
05/26/2004,W,"9,70,166","5,83,785","15,53,951"
05/27/2004,W,"9,60,973","5,83,639","15,44,612"
05/28/2004,W,"9,78,308","5,74,148","15,52,456"
05/29/2004,A,"5,56,778","2,88,249","8,45,027"
05/30/2004,U,"3,27,264","1,85,353","5,12,617"
05/31/2004,U,"3,52,611","2,10,076","5,62,687"
06-01-2004,W,"9,88,657","6,04,744","15,93,401"
06-02-2004,W,"9,95,228","6,05,193","16,00,421"
06-03-2004,W,"10,37,077","5,97,741","16,34,818"
06-04-2004,W,"10,31,015","6,19,850","16,50,865"
06-05-2004,A,"6,64,804","3,50,348","10,15,152"
06-06-2004,U,"4,33,813","2,47,799","6,81,612"
06-07-2004,W,"9,75,883","6,02,548","15,78,431"
06-08-2004,W,"9,85,865","6,27,174","16,13,039"
06-09-2004,W,"9,67,899","6,16,418","15,84,317"
06-10-2004,W,"9,27,625","6,14,363","15,41,988"
06-11-2004,W,"9,51,407","5,84,390","15,35,797"
06-12-2004,A,"6,26,396","3,47,638","9,74,034"
06/13/2004,U,"4,18,700","2,37,263","6,55,963"
06/14/2004,W,"9,47,940","5,69,479","15,17,419"
06/15/2004,W,"9,73,303","5,91,145","15,64,448"
06/16/2004,W,"9,48,614","5,84,517","15,33,131"
06/17/2004,W,"9,38,259","5,85,309","15,23,568"
06/18/2004,W,"9,45,720","6,00,582","15,46,302"
06/19/2004,A,"6,21,841","3,36,481","9,58,322"
06/20/2004,U,"4,31,055","2,31,581","6,62,636"
06/21/2004,W,"7,83,458","5,40,333","13,23,791"
06/22/2004,W,"9,59,598","5,97,441","15,57,039"
06/23/2004,W,"8,58,709","5,78,302","14,37,011"
06/24/2004,W,"8,28,438","5,71,439","13,99,877"
06/25/2004,W,"8,94,184","6,29,449","15,23,633"
06/26/2004,A,"6,11,676","3,74,748","9,86,424"
06/27/2004,U,"4,30,542","3,24,978","7,55,520"
06/28/2004,W,"8,53,024","5,72,918","14,25,942"
06/29/2004,W,"9,11,992","6,43,017","15,55,009"
06/30/2004,W,"9,06,761","6,39,979","15,46,740"
07-01-2004,W,"9,53,538","6,46,062","15,99,600"
07-02-2004,W,"9,37,281","6,47,738","15,85,019"
07-03-2004,A,"5,87,961","4,18,005","10,05,966"
07-04-2004,U,"4,46,583","3,24,563","7,71,146"
07-05-2004,U,"4,20,521","2,29,820","6,50,341"
07-06-2004,W,"8,77,429","5,56,428","14,33,857"
07-07-2004,W,"8,85,461","5,68,101","14,53,562"
07-08-2004,W,"9,09,149","5,80,508","14,89,657"
07-09-2004,W,"8,69,159","5,60,395","14,29,554"
07-10-2004,A,"5,93,638","3,05,695","8,99,333"
07-11-2004,U,"4,18,827","2,28,013","6,46,840"
07-12-2004,W,"8,83,883","5,64,588","14,48,471"
07/13/2004,W,"9,23,012","5,71,480","14,94,492"
07/14/2004,W,"9,06,552","5,81,198","14,87,750"
07/15/2004,W,"9,12,348","6,15,708","15,28,056"
07/16/2004,W,"8,98,626","6,10,788","15,09,414"
07/17/2004,A,"6,22,104","3,65,413","9,87,517"
07/18/2004,U,"4,40,154","2,71,230","7,11,384"
07/19/2004,W,"8,98,918","5,93,573","14,92,491"
07/20/2004,W,"8,96,643","6,06,660","15,03,303"
07/21/2004,W,"8,57,917","5,90,615","14,48,532"
07/22/2004,W,"8,58,154","5,98,156","14,56,310"
07/23/2004,W,"9,12,722","5,90,514","15,03,236"
07/24/2004,A,"5,86,037","3,19,483","9,05,520"
07/25/2004,U,"4,25,968","2,50,189","6,76,157"
07/26/2004,W,"8,52,027","5,65,461","14,17,488"
07/27/2004,W,"8,85,055","5,90,244","14,75,299"
07/28/2004,W,"8,83,672","5,81,804","14,65,476"
07/29/2004,W,"8,81,356","5,74,372","14,55,728"
07/30/2004,W,"9,18,563","5,99,378","15,17,941"
07/31/2004,A,"6,46,791","3,76,947","10,23,738"
08-01-2004,U,"4,55,048","2,51,600","7,06,648"
08-02-2004,W,"8,82,460","5,44,308","14,26,768"
08-03-2004,W,"9,33,741","5,70,440","15,04,181"
08-04-2004,W,"8,67,932","5,56,467","14,24,399"
08-05-2004,W,"9,18,039","5,72,708","14,90,747"
08-06-2004,W,"9,18,834","5,76,089","14,94,923"
08-07-2004,A,"6,08,291","3,19,929","9,28,220"
08-08-2004,U,"4,32,272","2,35,899","6,68,171"
08-09-2004,W,"8,66,609","5,43,743","14,10,352"
08-10-2004,W,"8,59,980","5,84,756","14,44,736"
08-11-2004,W,"8,48,020","5,81,158","14,29,178"
08-12-2004,W,"8,36,018","5,86,637","14,22,655"
08/13/2004,W,"8,87,566","5,91,673","14,79,239"
08/14/2004,A,"6,59,976","3,59,470","10,19,446"
08/15/2004,U,"4,28,984","2,39,400","6,68,384"
08/16/2004,W,"8,36,413","5,31,860","13,68,273"
08/17/2004,W,"8,47,772","5,47,281","13,95,053"
08/18/2004,W,"8,45,492","5,50,495","13,95,987"
08/19/2004,W,"8,61,625","5,60,944","14,22,569"
08/20/2004,W,"8,68,398","5,68,661","14,37,059"
08/21/2004,A,"6,60,686","3,60,597","10,21,283"
08/22/2004,U,"4,75,738","2,71,487","7,47,225"
08/23/2004,W,"8,57,805","5,66,252","14,24,057"
08/24/2004,W,"8,19,217","5,67,497","13,86,714"
08/25/2004,W,"8,31,352","5,70,388","14,01,740"
08/26/2004,W,"8,60,869","5,86,981","14,47,850"
08/27/2004,W,"8,78,628","6,05,790","14,84,418"
08/28/2004,A,"5,48,649","2,97,684","8,46,333"
08/29/2004,U,"4,07,683","2,43,215","6,50,898"
08/30/2004,W,"8,84,633","5,67,769","14,52,402"
08/31/2004,W,"8,99,858","5,86,695","14,86,553"
09-01-2004,W,"9,73,679","5,97,386","15,71,065"
09-02-2004,W,"9,53,427","5,99,495","15,52,922"
09-03-2004,W,"9,75,876","5,88,503","15,64,379"
09-04-2004,A,"6,53,547","3,26,695","9,80,242"
09-05-2004,U,"4,65,576","2,57,995","7,23,571"
09-06-2004,U,"4,09,232","2,32,087","6,41,319"
09-07-2004,W,"10,50,387","6,26,352","16,76,739"
09-08-2004,W,"10,50,697","6,37,961","16,88,658"
09-09-2004,W,"10,45,824","6,28,271","16,74,095"
09-10-2004,W,"10,53,387","6,51,710","17,05,097"
09-11-2004,A,"6,37,407","3,55,835","9,93,242"
09-12-2004,U,"4,48,166","2,58,509","7,06,675"
09/13/2004,W,"10,42,442","6,36,868","16,79,310"
09/14/2004,W,"10,46,788","6,48,153","16,94,941"
09/15/2004,W,"10,24,350","6,40,279","16,64,629"
09/16/2004,W,"10,29,871","6,21,221","16,51,092"
09/17/2004,W,"10,47,045","6,25,246","16,72,291"
09/18/2004,A,"6,36,532","3,40,756","9,77,288"
09/19/2004,U,"4,34,873","2,37,754","6,72,627"
09/20/2004,W,"10,37,831","6,18,982","16,56,813"
09/21/2004,W,"10,50,001","6,32,360","16,82,361"
09/22/2004,W,"10,32,930","6,29,320","16,62,250"
09/23/2004,W,"10,44,192","6,39,139","16,83,331"
09/24/2004,W,"10,36,019","6,22,291","16,58,310"
09/25/2004,A,"6,27,583","3,22,940","9,50,523"
09/26/2004,U,"4,24,978","2,26,180","6,51,158"
09/27/2004,W,"10,27,685","6,36,750","16,64,435"
09/28/2004,W,"10,32,855","6,51,704","16,84,559"
09/29/2004,W,"10,26,441","6,51,246","16,77,687"
09/30/2004,W,"10,28,258","6,52,621","16,80,879"
10-01-2004,W,"10,93,423","6,54,384","17,47,807"
10-02-2004,A,"6,82,534","3,63,581","10,46,115"
10-03-2004,U,"4,50,247","2,52,513","7,02,760"
10-04-2004,W,"10,69,102","6,26,058","16,95,160"
10-05-2004,W,"10,61,080","6,32,144","16,93,224"
10-06-2004,W,"10,49,585","6,33,595","16,83,180"
10-07-2004,W,"10,65,448","6,40,106","17,05,554"
10-08-2004,W,"9,93,752","6,33,554","16,27,306"
10-09-2004,A,"6,57,042","3,63,116","10,20,158"
10-10-2004,U,"4,21,756","3,50,585","7,72,341"
10-11-2004,W,"7,98,129","5,33,211","13,31,340"
10-12-2004,W,"10,49,798","6,36,093","16,85,891"
10/13/2004,W,"10,41,758","6,33,630","16,75,388"
10/14/2004,W,"10,39,134","6,34,855","16,73,989"
10/15/2004,W,"10,30,816","6,34,543","16,65,359"
10/16/2004,A,"6,26,844","3,26,448","9,53,292"
10/17/2004,U,"4,44,240","2,43,898","6,88,138"
10/18/2004,W,"9,96,730","6,09,460","16,06,190"
10/19/2004,W,"10,21,166","6,24,056","16,45,222"
10/20/2004,W,"10,23,397","6,23,762","16,47,159"
10/21/2004,W,"10,52,476","6,37,181","16,89,657"
10/22/2004,W,"10,42,359","6,29,243","16,71,602"
10/23/2004,A,"5,96,052","3,13,794","9,09,846"
10/24/2004,U,"4,36,838","2,27,357","6,64,195"
10/25/2004,W,"10,26,913","6,12,489","16,39,402"
10/26/2004,W,"10,22,142","6,21,378","16,43,520"
10/27/2004,W,"10,34,962","6,28,723","16,63,685"
10/28/2004,W,"10,33,261","6,29,827","16,63,088"
10/29/2004,W,"10,25,574","6,30,736","16,56,310"
10/30/2004,A,"5,94,150","3,18,073","9,12,223"
10/31/2004,U,"4,29,612","2,30,321","6,59,933"
11-01-2004,W,"9,53,969","5,87,503","15,41,472"
11-02-2004,W,"9,13,103","5,77,460","14,90,563"
11-03-2004,W,"10,75,369","6,25,991","17,01,360"
11-04-2004,W,"10,18,608","6,23,937","16,42,545"
11-05-2004,W,"10,62,739","6,30,151","16,92,890"
11-06-2004,A,"6,47,460","3,31,394","9,78,854"
11-07-2004,U,"4,27,407","2,22,194","6,49,601"
11-08-2004,W,"10,33,733","6,15,996","16,49,729"
11-09-2004,W,"10,35,702","6,29,375","16,65,077"
11-10-2004,W,"10,42,750","6,35,694","16,78,444"
11-11-2004,W,"8,12,757","5,49,029","13,61,786"
11-12-2004,W,"9,24,772","6,06,762","15,31,534"
11/13/2004,A,"6,25,173","3,31,920","9,57,093"
11/14/2004,U,"4,13,442","2,21,405","6,34,847"
11/15/2004,W,"10,06,969","6,11,786","16,18,755"
11/16/2004,W,"10,25,607","6,23,801","16,49,408"
11/17/2004,W,"10,18,184","6,20,535","16,38,719"
11/18/2004,W,"9,51,154","6,10,552","15,61,706"
11/19/2004,W,"10,21,327","6,22,698","16,44,025"
11/20/2004,A,"6,27,629","3,71,415","9,99,044"
11/21/2004,U,"4,27,753","2,29,287","6,57,040"
11/22/2004,W,"10,18,065","6,06,086","16,24,151"
11/23/2004,W,"10,19,132","6,16,805","16,35,937"
11/24/2004,W,"8,35,824","5,50,778","13,86,602"
11/25/2004,U,"2,87,787","1,47,567","4,35,354"
11/26/2004,W,"5,91,445","3,45,213","9,36,658"
11/27/2004,A,"4,72,803","2,46,053","7,18,856"
11/28/2004,U,"3,84,795","2,06,685","5,91,480"
11/29/2004,W,"9,62,243","5,88,392","15,50,635"
11/30/2004,W,"9,70,374","6,00,955","15,71,329"
12-01-2004,W,"10,32,681","6,14,286","16,46,967"
12-02-2004,W,"10,18,483","6,13,061","16,31,544"
12-03-2004,W,"10,60,084","6,15,342","16,75,426"
12-04-2004,A,"6,38,045","3,35,317","9,73,362"
12-05-2004,U,"4,25,127","2,31,858","6,56,985"
12-06-2004,W,"10,00,415","5,87,577","15,87,992"
12-07-2004,W,"9,48,268","5,87,165","15,35,433"
12-08-2004,W,"10,17,145","6,05,103","16,22,248"
12-09-2004,W,"10,06,857","6,07,436","16,14,293"
12-10-2004,W,"10,10,307","5,98,887","16,09,194"
12-11-2004,A,"6,02,774","3,18,757","9,21,531"
12-12-2004,U,"3,88,481","2,05,786","5,94,267"
12/13/2004,W,"9,22,941","5,62,847","14,85,788"
12/14/2004,W,"9,34,042","5,74,048","15,08,090"
12/15/2004,W,"9,74,391","5,84,961","15,59,352"
12/16/2004,W,"9,69,829","5,85,749","15,55,578"
12/17/2004,W,"9,78,842","5,72,764","15,51,606"
12/18/2004,A,"5,87,269","3,02,065","8,89,334"
12/19/2004,U,"3,20,403","1,81,261","5,01,664"
12/20/2004,W,"7,26,487","4,88,937","12,15,424"
12/21/2004,W,"7,83,801","5,08,747","12,92,548"
12/22/2004,W,"7,25,010","4,73,787","11,98,797"
12/23/2004,W,"6,70,666","4,08,740","10,79,406"
12/24/2004,W,"4,25,489","1,91,941","6,17,430"
12/25/2004,U,"2,13,912","87,992","3,01,904"
12/26/2004,U,"3,27,069","1,52,351","4,79,420"
12/27/2004,W,"6,50,769","3,86,604","10,37,373"
12/28/2004,W,"6,98,229","4,38,802","11,37,031"
12/29/2004,W,"7,26,475","4,56,993","11,83,468"
12/30/2004,W,"7,38,698","4,57,796","11,96,494"
12/31/2004,W,"6,33,996","3,64,015","9,98,011"
01-01-2005,U,"3,34,140","1,96,267","5,30,407"
01-02-2005,U,"3,73,512","1,83,672","5,57,184"
01-03-2005,W,"8,94,571","5,12,620","14,07,191"
01-04-2005,W,"9,72,798","5,59,563","15,32,361"
01-05-2005,W,"8,51,226","5,58,698","14,09,924"
01-06-2005,W,"8,62,750","5,54,283","14,17,033"
01-07-2005,W,"9,15,274","5,54,769","14,70,043"
01-08-2005,A,"5,33,884","2,61,042","7,94,926"
01-09-2005,U,"3,58,628","1,77,968","5,36,596"
01-10-2005,W,"9,79,955","5,84,456","15,64,411"
01-11-2005,W,"9,54,938","5,90,368","15,45,306"
01-12-2005,W,"9,72,407","5,89,359","15,61,766"
01/13/2005,W,"9,31,709","5,82,596","15,14,305"
01/14/2005,W,"8,94,841","5,52,090","14,46,931"
01/15/2005,A,"4,81,878","2,49,401","7,31,279"
01/16/2005,U,"3,14,149","1,69,880","4,84,029"
01/17/2005,W,"5,39,410","3,49,284","8,88,694"
01/18/2005,W,"9,07,849","5,69,801","14,77,650"
01/19/2005,W,"9,47,581","5,83,108","15,30,689"
01/20/2005,W,"9,36,302","5,90,558","15,26,860"
01/21/2005,W,"9,68,823","5,91,645","15,60,468"
01/22/2005,A,"4,22,190","2,63,129","6,85,319"
01/23/2005,U,"3,45,136","1,88,044","5,33,180"
01/24/2005,W,"9,57,377","5,80,140","15,37,517"
01/25/2005,W,"9,95,268","5,92,253","15,87,521"
01/26/2005,W,"9,47,433","5,81,016","15,28,449"
01/27/2005,W,"9,55,413","5,87,048","15,42,461"
01/28/2005,W,"8,57,968","5,54,367","14,12,335"
01/29/2005,A,"5,59,310","2,77,291","8,36,601"
01/30/2005,U,"3,87,197","1,87,644","5,74,841"
01/31/2005,W,"9,92,251","5,83,230","15,75,481"
02-01-2005,W,"10,50,914","5,98,684","16,49,598"
02-02-2005,W,"10,46,742","5,99,354","16,46,096"
02-03-2005,W,"10,61,904","6,07,326","16,69,230"
02-04-2005,W,"10,62,971","5,95,511","16,58,482"
02-05-2005,A,"6,70,035","3,12,338","9,82,373"
02-06-2005,U,"4,13,456","1,96,102","6,09,558"
02-07-2005,W,"9,87,016","5,78,699","15,65,715"
02-08-2005,W,"10,05,698","5,93,343","15,99,041"
02-09-2005,W,"9,89,259","5,95,976","15,85,235"
02-10-2005,W,"10,12,514","5,96,286","16,08,800"
02-11-2005,W,"9,99,975","5,66,136","15,66,111"
02-12-2005,A,"6,65,453","3,16,216","9,81,669"
02/13/2005,U,"3,84,592","1,94,152","5,78,744"
02/14/2005,W,"10,15,673","5,96,928","16,12,601"
02/15/2005,W,"9,80,220","5,90,777","15,70,997"
02/16/2005,W,"10,02,714","6,02,439","16,05,153"
02/17/2005,W,"9,81,996","5,93,476","15,75,472"
02/18/2005,W,"9,83,784","5,82,874","15,66,658"
02/19/2005,A,"6,19,586","3,08,419","9,28,005"
02/20/2005,U,"3,65,108","1,92,834","5,57,942"
02/21/2005,W,"7,23,673","4,45,742","11,69,415"
02/22/2005,W,"10,02,989","6,00,405","16,03,394"
02/23/2005,W,"9,96,383","6,01,647","15,98,030"
02/24/2005,W,"9,82,207","5,99,568","15,81,775"
02/25/2005,W,"10,02,592","5,90,287","15,92,879"
02/26/2005,A,"6,03,707","3,04,026","9,07,733"
02/27/2005,U,"3,86,996","2,00,694","5,87,690"
02/28/2005,W,"9,43,655","5,78,722","15,22,377"
03-01-2005,W,"10,12,943","5,91,771","16,04,714"
03-02-2005,W,"9,84,054","5,87,875","15,71,929"
03-03-2005,W,"10,30,040","6,00,570","16,30,610"
03-04-2005,W,"10,27,003","5,89,864","16,16,867"
03-05-2005,A,"6,25,252","3,03,912","9,29,164"
03-06-2005,U,"4,51,472","2,18,330","6,69,802"
03-07-2005,W,"8,14,934","5,33,210","13,48,144"
03-08-2005,W,"10,09,879","5,97,987","16,07,866"
03-09-2005,W,"9,96,362","5,98,004","15,94,366"
03-10-2005,W,"9,41,999","5,85,359","15,27,358"
03-11-2005,W,"9,94,830","5,87,513","15,82,343"
03-12-2005,A,"5,81,761","3,17,998","8,99,759"
03/13/2005,U,"3,93,195","2,05,254","5,98,449"
03/14/2005,W,"9,80,033","5,83,024","15,63,057"
03/15/2005,W,"10,17,371","6,06,409","16,23,780"
03/16/2005,W,"10,11,281","6,07,649","16,18,930"
03/17/2005,W,"9,89,736","6,05,564","15,95,300"
03/18/2005,W,"10,17,219","5,93,449","16,10,668"
03/19/2005,A,"6,10,862","3,12,814","9,23,676"
03/20/2005,U,"4,16,015","2,08,726","6,24,741"
03/21/2005,W,"8,49,240","5,44,264","13,93,504"
03/22/2005,W,"8,61,916","5,53,996","14,15,912"
03/23/2005,W,"8,37,601","5,44,825","13,82,426"
03/24/2005,W,"8,48,267","5,44,242","13,92,509"
03/25/2005,W,"7,17,162","4,56,076","11,73,238"
03/26/2005,A,"5,50,378","2,66,697","8,17,075"
03/27/2005,U,"3,92,111","1,72,199","5,64,310"
03/28/2005,W,"9,68,792","5,68,013","15,36,805"
03/29/2005,W,"10,01,423","5,98,783","16,00,206"
03/30/2005,W,"9,42,056","5,80,582","15,22,638"
03/31/2005,W,"9,66,045","5,89,937","15,55,982"
04-01-2005,W,"10,50,962","6,00,913","16,51,875"
04-02-2005,A,"6,63,367","3,22,162","9,85,529"
04-03-2005,U,"4,40,189","2,29,712","6,69,901"
04-04-2005,W,"10,35,659","6,08,092","16,43,751"
04-05-2005,W,"10,48,343","6,12,259","16,60,602"
04-06-2005,W,"10,05,400","6,10,876","16,16,276"
04-07-2005,W,"10,01,832","6,12,048","16,13,880"
04-08-2005,W,"10,34,023","6,42,939","16,76,962"
04-09-2005,A,"6,45,280","3,47,387","9,92,667"
04-10-2005,U,"4,39,237","2,44,746","6,83,983"
04-11-2005,W,"10,13,684","6,15,683","16,29,367"
04-12-2005,W,"9,38,160","5,97,721","15,35,881"
04/13/2005,W,"10,16,213","6,30,756","16,46,969"
04/14/2005,W,"10,26,667","6,16,143","16,42,810"
04/15/2005,W,"9,53,214","6,02,625","15,55,839"
04/16/2005,A,"6,37,641","3,31,817","9,69,458"
04/17/2005,U,"4,28,663","2,25,292","6,53,955"
04/18/2005,W,"10,15,285","6,09,637","16,24,922"
04/19/2005,W,"10,11,163","6,22,316","16,33,479"
04/20/2005,W,"9,63,837","6,00,039","15,63,876"
04/21/2005,W,"9,54,629","6,01,125","15,55,754"
04/22/2005,W,"9,26,157","5,88,764","15,14,921"
04/23/2005,A,"5,41,013","2,97,122","8,38,135"
04/24/2005,U,"4,01,026","2,21,195","6,22,221"
04/25/2005,W,"10,03,896","6,10,619","16,14,515"
04/26/2005,W,"10,02,029","6,20,181","16,22,210"
04/27/2005,W,"9,32,943","6,20,361","15,53,304"
04/28/2005,W,"9,45,137","6,04,452","15,49,589"
04/29/2005,W,"10,36,716","6,08,264","16,44,980"
04/30/2005,A,"6,35,054","3,15,323","9,50,377"
05-01-2005,U,"4,06,509","2,15,144","6,21,653"
05-02-2005,W,"10,00,310","5,85,188","15,85,498"
05-03-2005,W,"10,45,152","6,10,739","16,55,891"
05-04-2005,W,"10,36,608","6,12,365","16,48,973"
05-05-2005,W,"10,44,204","6,21,992","16,66,196"
05-06-2005,W,"10,27,299","6,26,005","16,53,304"
05-07-2005,A,"6,13,000","3,41,551","9,54,551"
05-08-2005,U,"4,41,575","2,42,829","6,84,404"
05-09-2005,W,"9,60,649","5,93,537","15,54,186"
05-10-2005,W,"10,33,686","6,34,549","16,68,235"
05-11-2005,W,"9,08,042","5,92,526","15,00,568"
05-12-2005,W,"9,76,440","6,05,243","15,81,683"
05/13/2005,W,"9,80,674","5,97,196","15,77,870"
05/14/2005,A,"6,15,871","3,24,491","9,40,362"
05/15/2005,U,"4,00,447","2,18,269","6,18,716"
05/16/2005,W,"10,05,555","5,98,942","16,04,497"
05/17/2005,W,"10,13,627","6,07,296","16,20,923"
05/18/2005,W,"10,03,414","6,04,841","16,08,255"
05/19/2005,W,"9,51,340","5,93,341","15,44,681"
05/20/2005,W,"10,28,933","6,25,628","16,54,561"
05/21/2005,A,"6,47,441","3,53,375","10,00,816"
05/22/2005,U,"4,36,056","2,49,081","6,85,137"
05/23/2005,W,"9,97,640","6,12,963","16,10,603"
05/24/2005,W,"10,17,021","6,36,017","16,53,038"
05/25/2005,W,"10,02,504","6,28,633","16,31,137"
05/26/2005,W,"9,95,429","6,32,007","16,27,436"
05/27/2005,W,"9,87,014","6,16,101","16,03,115"
05/28/2005,A,"5,83,683","3,56,717","9,40,400"
05/29/2005,U,"4,15,969","2,61,440","6,77,409"
05/30/2005,U,"4,03,677","2,32,100","6,35,777"
05/31/2005,W,"9,68,847","5,91,522","15,60,369"
06-01-2005,W,"10,41,992","6,13,034","16,55,026"
06-02-2005,W,"10,15,376","6,03,865","16,19,241"
06-03-2005,W,"10,49,697","6,16,170","16,65,867"
06-04-2005,A,"6,21,165","3,22,782","9,43,947"
06-05-2005,U,"4,48,366","2,36,960","6,85,326"
06-06-2005,W,"10,12,097","6,19,504","16,31,601"
06-07-2005,W,"10,03,186","6,28,716","16,31,902"
06-08-2005,W,"9,84,240","6,32,453","16,16,693"
06-09-2005,W,"10,00,130","6,22,726","16,22,856"
06-10-2005,W,"9,97,687","6,54,887","16,52,574"
06-11-2005,A,"6,47,313","4,13,642","10,60,955"
06-12-2005,U,"4,46,785","2,87,623","7,34,408"
06/13/2005,W,"9,73,038","6,28,857","16,01,895"
06/14/2005,W,"9,55,995","6,35,882","15,91,877"
06/15/2005,W,"9,41,737","6,37,318","15,79,055"
06/16/2005,W,"9,31,626","6,03,660","15,35,286"
06/17/2005,W,"9,98,232","6,11,676","16,09,908"
06/18/2005,A,"6,36,265","3,46,258","9,82,523"
06/19/2005,U,"4,59,729","2,43,775","7,03,504"
06/20/2005,W,"8,80,325","5,91,715","14,72,040"
06/21/2005,W,"8,89,907","6,06,210","14,96,117"
06/22/2005,W,"8,90,705","6,07,690","14,98,395"
06/23/2005,W,"8,88,587","5,93,403","14,81,990"
06/24/2005,W,"8,69,672","6,43,554","15,13,226"
06/25/2005,A,"6,29,963","3,98,677","10,28,640"
06/26/2005,U,"4,56,191","3,54,882","8,11,073"
06/27/2005,W,"8,67,853","5,91,716","14,59,569"
06/28/2005,W,"8,70,601","6,32,227","15,02,828"
06/29/2005,W,"8,71,256","6,38,601","15,09,857"
06/30/2005,W,"8,78,941","6,46,980","15,25,921"
07-01-2005,W,"9,45,326","6,62,564","16,07,890"
07-02-2005,A,"6,86,826","4,63,297","11,50,123"
07-03-2005,U,"5,59,176","5,17,599","10,76,775"
07-04-2005,U,"4,22,316","2,78,678","7,00,994"
07-05-2005,W,"9,13,873","5,69,757","14,83,630"
07-06-2005,W,"9,26,125","5,90,642","15,16,767"
07-07-2005,W,"9,29,359","5,78,396","15,07,755"
07-08-2005,W,"9,50,222","5,91,325","15,41,547"
07-09-2005,A,"6,23,556","3,31,017","9,54,573"
07-10-2005,U,"4,44,647","2,39,684","6,84,331"
07-11-2005,W,"9,13,284","5,73,004","14,86,288"
07-12-2005,W,"9,09,026","5,85,394","14,94,420"
07/13/2005,W,"9,23,039","5,96,373","15,19,412"
07/14/2005,W,"9,36,684","6,34,107","15,70,791"
07/15/2005,W,"9,37,018","6,31,418","15,68,436"
07/16/2005,A,"6,40,959","3,97,796","10,38,755"
07/17/2005,U,"4,43,824","2,70,831","7,14,655"
07/18/2005,W,"9,02,531","5,82,649","14,85,180"
07/19/2005,W,"9,37,251","6,08,460","15,45,711"
07/20/2005,W,"8,88,241","5,97,676","14,85,917"
07/21/2005,W,"9,20,983","6,10,460","15,31,443"
07/22/2005,W,"9,45,311","6,14,666","15,59,977"
07/23/2005,A,"6,04,287","3,61,618","9,65,905"
07/24/2005,U,"3,93,689","2,55,844","6,49,533"
07/25/2005,W,"8,50,441","5,80,681","14,31,122"
07/26/2005,W,"8,76,111","5,88,210","14,64,321"
07/27/2005,W,"9,31,658","6,26,793","15,58,451"
07/28/2005,W,"9,23,931","6,26,164","15,50,095"
07/29/2005,W,"9,28,563","6,18,229","15,46,792"
07/30/2005,A,"6,37,235","3,88,729","10,25,964"
07/31/2005,U,"4,46,615","2,61,208","7,07,823"
08-01-2005,W,"9,54,299","5,74,337","15,28,636"
08-02-2005,W,"9,39,108","6,00,448","15,39,556"
08-03-2005,W,"9,50,814","5,98,977","15,49,791"
08-04-2005,W,"9,41,632","5,97,051","15,38,683"
08-05-2005,W,"9,65,152","6,03,948","15,69,100"
08-06-2005,A,"6,48,849","3,57,240","10,06,089"
08-07-2005,U,"4,57,639","2,61,349","7,18,988"
08-08-2005,W,"9,10,549","5,90,758","15,01,307"
08-09-2005,W,"9,17,522","6,06,419","15,23,941"
08-10-2005,W,"9,13,900","6,05,306","15,19,206"
08-11-2005,W,"8,59,482","5,88,881","14,48,363"
08-12-2005,W,"9,29,636","6,06,537","15,36,173"
08/13/2005,A,"6,08,908","3,50,010","9,58,918"
08/14/2005,U,"4,37,664","2,48,325","6,85,989"
08/15/2005,W,"8,92,308","5,74,348","14,66,656"
08/16/2005,W,"9,04,327","5,89,228","14,93,555"
08/17/2005,W,"9,09,306","5,90,352","14,99,658"
08/18/2005,W,"8,55,225","5,61,329","14,16,554"
08/19/2005,W,"9,34,667","6,02,164","15,36,831"
08/20/2005,A,"6,59,629","3,61,304","10,20,933"
08/21/2005,U,"5,11,141","2,92,892","8,04,033"
08/22/2005,W,"8,97,988","5,97,005","14,94,993"
08/23/2005,W,"9,07,676","6,16,739","15,24,415"
08/24/2005,W,"9,09,467","6,16,129","15,25,596"
08/25/2005,W,"9,07,614","5,90,749","14,98,363"
08/26/2005,W,"9,16,046","6,25,532","15,41,578"
08/27/2005,A,"6,32,625","3,64,516","9,97,141"
08/28/2005,U,"4,45,633","2,73,101","7,18,734"
08/29/2005,W,"9,21,906","6,12,444","15,34,350"
08/30/2005,W,"9,31,235","6,25,509","15,56,744"
08/31/2005,W,"9,28,354","6,31,355","15,59,709"
09-01-2005,W,"10,19,495","6,43,731","16,63,226"
09-02-2005,W,"10,15,964","6,32,104","16,48,068"
09-03-2005,A,"6,99,122","3,77,507","10,76,629"
09-04-2005,U,"5,04,460","3,23,512","8,27,972"
09-05-2005,U,"4,69,528","2,74,053","7,43,581"
09-06-2005,W,"10,94,714","6,47,343","17,42,057"
09-07-2005,W,"10,90,847","6,64,041","17,54,888"
09-08-2005,W,"10,90,390","6,71,553","17,61,943"
09-09-2005,W,"10,92,990","6,72,572","17,65,562"
09-10-2005,A,"6,62,248","3,79,906","10,42,154"
09-11-2005,U,"4,60,444","2,57,201","7,17,645"
09-12-2005,W,"10,88,861","6,74,800","17,63,661"
09/13/2005,W,"10,81,012","6,91,104","17,72,116"
09/14/2005,W,"10,72,662","6,87,668","17,60,330"
09/15/2005,W,"10,70,331","7,02,096","17,72,427"
09/16/2005,W,"10,61,189","6,89,685","17,50,874"
09/17/2005,A,"6,77,602","4,04,143","10,81,745"
09/18/2005,U,"4,73,997","2,92,920","7,66,917"
09/19/2005,W,"10,33,841","6,57,717","16,91,558"
09/20/2005,W,"10,91,052","6,85,957","17,77,009"
09/21/2005,W,"10,85,278","6,85,975","17,71,253"
09/22/2005,W,"10,45,853","6,72,603","17,18,456"
09/23/2005,W,"10,68,977","6,99,466","17,68,443"
09/24/2005,A,"6,32,952","3,90,116","10,23,068"
09/25/2005,U,"4,28,577","2,77,519","7,06,096"
09/26/2005,W,"10,50,587","6,51,165","17,01,752"
09/27/2005,W,"10,91,710","6,86,977","17,78,687"
09/28/2005,W,"10,19,140","6,68,450","16,87,590"
09/29/2005,W,"10,65,350","6,68,926","17,34,276"
09/30/2005,W,"11,14,521","6,73,776","17,88,297"
10-01-2005,A,"7,08,008","3,73,322","10,81,330"
10-02-2005,U,"4,51,633","2,45,477","6,97,110"
10-03-2005,W,"11,37,817","6,38,813","17,76,630"
10-04-2005,W,"10,99,740","6,77,721","17,77,461"
10-05-2005,W,"10,99,507","6,89,759","17,89,266"
10-06-2005,W,"10,84,528","6,79,966","17,64,494"
10-07-2005,W,"10,37,669","6,63,271","17,00,940"
10-08-2005,A,"6,38,239","3,78,215","10,16,454"
10-09-2005,U,"4,27,142","3,72,438","7,99,580"
10-10-2005,W,"8,11,357","5,62,228","13,73,585"
10-11-2005,W,"10,76,154","6,87,202","17,63,356"
10-12-2005,W,"10,53,577","6,85,743","17,39,320"
10/13/2005,W,"10,68,998","6,65,605","17,34,603"
10/14/2005,W,"10,91,226","6,83,174","17,74,400"
10/15/2005,A,"6,70,497","3,76,816","10,47,313"
10/16/2005,U,"4,56,332","2,68,898","7,25,230"
10/17/2005,W,"10,46,900","6,53,518","17,00,418"
10/18/2005,W,"10,71,110","6,69,214","17,40,324"
10/19/2005,W,"10,56,343","6,66,799","17,23,142"
10/20/2005,W,"10,57,585","6,76,430","17,34,015"
10/21/2005,W,"10,64,058","6,74,291","17,38,349"
10/22/2005,A,"6,24,399","3,85,602","10,10,001"
10/23/2005,U,"4,21,490","2,77,349","6,98,839"
10/24/2005,W,"9,95,935","6,37,292","16,33,227"
10/25/2005,W,"10,34,930","6,53,259","16,88,189"
10/26/2005,W,"10,41,390","6,62,049","17,03,439"
10/27/2005,W,"10,39,411","6,69,962","17,09,373"
10/28/2005,W,"10,50,188","7,34,562","17,84,750"
10/29/2005,A,"6,46,559","3,78,146","10,24,705"
10/30/2005,U,"4,36,487","2,51,042","6,87,529"
10/31/2005,W,"10,00,931","6,36,744","16,37,675"
11-01-2005,W,"11,04,565","6,68,971","17,73,536"
11-02-2005,W,"10,77,276","6,67,966","17,45,242"
11-03-2005,W,"11,08,680","6,78,842","17,87,522"
11-04-2005,W,"9,94,280","6,53,744","16,48,024"
11-05-2005,A,"6,24,689","3,51,850","9,76,539"
11-06-2005,U,"4,25,669","2,39,193","6,64,862"
11-07-2005,W,"10,60,057","6,48,893","17,08,950"
11-08-2005,W,"9,98,603","6,42,398","16,41,001"
11-09-2005,W,"10,34,556","6,55,614","16,90,170"
11-10-2005,W,"10,49,433","6,72,627","17,22,060"
11-11-2005,W,"8,62,413","5,87,641","14,50,054"
11-12-2005,A,"6,26,889","3,51,085","9,77,974"
11/13/2005,U,"4,16,141","2,47,977","6,64,118"
11/14/2005,W,"10,21,597","6,37,498","16,59,095"
11/15/2005,W,"10,01,890","6,44,740","16,46,630"
11/16/2005,W,"9,60,835","6,25,642","15,86,477"
11/17/2005,W,"9,82,303","6,36,292","16,18,595"
11/18/2005,W,"9,97,001","6,35,900","16,32,901"
11/19/2005,A,"6,43,136","3,95,851","10,38,987"
11/20/2005,U,"4,24,683","2,43,191","6,67,874"
11/21/2005,W,"10,23,750","6,27,654","16,51,404"
11/22/2005,W,"10,12,669","6,37,432","16,50,101"
11/23/2005,W,"9,46,475","5,94,581","15,41,056"
11/24/2005,U,"2,65,869","1,49,351","4,15,220"
11/25/2005,W,"5,42,621","3,35,201","8,77,822"
11/26/2005,A,"5,20,348","2,90,786","8,11,134"
11/27/2005,U,"3,78,931","2,14,449","5,93,380"
11/28/2005,W,"9,64,783","6,10,273","15,75,056"
11/29/2005,W,"9,64,736","6,21,228","15,85,964"
11/30/2005,W,"9,75,689","6,23,427","15,99,116"
12-01-2005,W,"10,02,814","6,37,299","16,40,113"
12-02-2005,W,"10,12,143","6,26,729","16,38,872"
12-03-2005,A,"6,02,909","3,43,944","9,46,853"
12-04-2005,U,"3,94,671","2,32,929","6,27,600"
12-05-2005,W,"9,59,432","5,91,559","15,50,991"
12-06-2005,W,"9,43,778","5,95,172","15,38,950"
12-07-2005,W,"9,22,076","5,91,500","15,13,576"
12-08-2005,W,"9,00,776","6,51,313","15,52,089"
12-09-2005,W,"9,22,330","6,30,309","15,52,639"
12-10-2005,A,"5,45,442","3,31,523","8,76,965"
12-11-2005,U,"3,84,544","2,23,869","6,08,413"
12-12-2005,W,"9,74,895","6,03,601","15,78,496"
12/13/2005,W,"9,84,740","6,12,377","15,97,117"
12/14/2005,W,"9,59,741","6,29,222","15,88,963"
12/15/2005,W,"9,72,435","6,21,555","15,93,990"
12/16/2005,W,"9,52,574","6,05,734","15,58,308"
12/17/2005,A,"5,76,780","3,26,028","9,02,808"
12/18/2005,U,"3,71,336","2,22,374","5,93,710"
12/19/2005,W,"8,60,779","5,35,968","13,96,747"
12/20/2005,W,"8,94,974","5,34,766","14,29,740"
12/21/2005,W,"9,18,067","5,53,734","14,71,801"
12/22/2005,W,"9,12,016","5,44,544","14,56,560"
12/23/2005,W,"8,78,003","4,79,373","13,57,376"
12/24/2005,A,"4,81,238","1,98,644","6,79,882"
12/25/2005,U,"2,63,158","1,05,718","3,68,876"
12/26/2005,U,"4,37,677","2,24,784","6,62,461"
12/27/2005,W,"7,35,303","4,57,726","11,93,029"
12/28/2005,W,"7,11,850","4,62,580","11,74,430"
12/29/2005,W,"7,38,031","4,81,238","12,19,269"
12/30/2005,W,"7,62,706","4,71,541","12,34,247"
12/31/2005,A,"5,26,241","3,07,444","8,33,685"
01-01-2006,U,"2,87,126","2,03,291","4,90,417"
01-02-2006,U,"3,60,273","2,15,920","5,76,193"
01-03-2006,W,"7,72,171","5,40,341","13,12,512"
01-04-2006,W,"7,59,600","5,43,243","13,02,843"
01-05-2006,W,"7,66,560","5,50,285","13,16,845"
01-06-2006,W,"7,88,239","5,51,707","13,39,946"
01-07-2006,A,"5,18,237","2,80,538","7,98,775"
01-08-2006,U,"3,67,927","1,99,691","5,67,618"
01-09-2006,W,"9,17,702","5,88,402","15,06,104"
01-10-2006,W,"9,38,390","6,00,336","15,38,726"
01-11-2006,W,"9,27,898","6,02,096","15,29,994"
01-12-2006,W,"9,55,926","6,16,251","15,72,177"
01/13/2006,W,"8,87,164","5,85,207","14,72,371"
01/14/2006,A,"5,58,211","3,09,983","8,68,194"
01/15/2006,U,"3,81,225","2,23,499","6,04,724"
01/16/2006,W,"6,05,772","3,99,562","10,05,334"
01/17/2006,W,"9,48,555","6,19,527","15,68,082"
01/18/2006,W,"9,54,238","6,21,428","15,75,666"
01/19/2006,W,"9,83,087","6,34,043","16,17,130"
01/20/2006,W,"9,44,694","6,15,420","15,60,114"
01/21/2006,A,"5,42,740","3,08,378","8,51,118"
01/22/2006,U,"3,71,481","2,08,257","5,79,738"
01/23/2006,W,"9,76,988","6,26,292","16,03,280"
01/24/2006,W,"9,72,893","6,34,204","16,07,097"
01/25/2006,W,"9,80,770","6,34,664","16,15,434"
01/26/2006,W,"9,88,382","6,43,068","16,31,450"
01/27/2006,W,"8,89,516","6,08,327","14,97,843"
01/28/2006,A,"5,68,287","3,14,425","8,82,712"
01/29/2006,U,"3,80,026","2,23,196","6,03,222"
01/30/2006,W,"9,66,708","6,14,814","15,81,522"
01/31/2006,W,"9,95,530","6,34,459","16,29,989"
02-01-2006,W,"10,35,412","6,41,676","16,77,088"
02-02-2006,W,"10,25,866","6,42,353","16,68,219"
02-03-2006,W,"10,20,411","6,27,330","16,47,741"
02-04-2006,A,"5,87,568","3,17,239","9,04,807"
02-05-2006,U,"3,90,808","2,11,645","6,02,453"
02-06-2006,W,"9,86,048","6,12,106","15,98,154"
02-07-2006,W,"10,08,328","6,31,742","16,40,070"
02-08-2006,W,"9,77,974","6,29,155","16,07,129"
02-09-2006,W,"9,84,574","6,35,409","16,19,983"
02-10-2006,W,"10,03,608","6,23,814","16,27,422"
02-11-2006,A,"6,01,208","3,27,796","9,29,004"
02-12-2006,U,"4,05,657","2,21,409","6,27,066"
02/13/2006,W,"7,99,595","5,46,148","13,45,743"
02/14/2006,W,"10,44,587","6,44,218","16,88,805"
02/15/2006,W,"9,88,045","6,26,072","16,14,117"
02/16/2006,W,"9,30,188","6,13,347","15,43,535"
02/17/2006,W,"9,42,685","6,04,038","15,46,723"
02/18/2006,A,"4,50,578","2,65,649","7,16,227"
02/19/2006,U,"3,34,766","1,96,957","5,31,723"
02/20/2006,W,"6,81,948","4,53,199","11,35,147"
02/21/2006,W,"9,93,188","6,23,860","16,17,048"
02/22/2006,W,"9,99,636","6,29,122","16,28,758"
02/23/2006,W,"9,91,146","6,35,013","16,26,159"
02/24/2006,W,"9,87,623","6,15,401","16,03,024"
02/25/2006,A,"5,80,618","3,14,037","8,94,655"
02/26/2006,U,"3,86,242","2,11,388","5,97,630"
02/27/2006,W,"9,59,193","6,03,047","15,62,240"
02/28/2006,W,"9,87,195","6,23,237","16,10,432"
03-01-2006,W,"10,20,267","6,27,527","16,47,794"
03-02-2006,W,"9,86,927","6,20,235","16,07,162"
03-03-2006,W,"10,21,045","6,20,890","16,41,935"
03-04-2006,A,"6,09,288","3,22,365","9,31,653"
03-05-2006,U,"3,63,219","2,08,605","5,71,824"
03-06-2006,W,"7,94,246","5,50,369","13,44,615"
03-07-2006,W,"10,06,095","6,26,557","16,32,652"
03-08-2006,W,"9,82,979","6,23,290","16,06,269"
03-09-2006,W,"9,79,823","6,27,081","16,06,904"
03-10-2006,W,"10,15,665","7,21,158","17,36,823"
03-11-2006,A,"6,14,019","3,86,305","10,00,324"
03-12-2006,U,"4,00,822","2,33,603","6,34,425"
03/13/2006,W,"9,68,366","6,09,970","15,78,336"
03/14/2006,W,"10,00,900","6,29,929","16,30,829"
03/15/2006,W,"10,05,800","6,32,700","16,38,500"
03/16/2006,W,"9,53,483","6,30,443","15,83,926"
03/17/2006,W,"9,89,694","6,33,801","16,23,495"
03/18/2006,A,"6,03,484","3,47,527","9,51,011"
03/19/2006,U,"4,13,687","2,25,740","6,39,427"
03/20/2006,W,"9,63,013","5,87,104","15,50,117"
03/21/2006,W,"9,43,649","5,85,590","15,29,239"
03/22/2006,W,"9,82,523","6,05,646","15,88,169"
03/23/2006,W,"9,79,617","6,09,325","15,88,942"
03/24/2006,W,"9,78,424","5,97,943","15,76,367"
03/25/2006,A,"6,20,929","3,22,685","9,43,614"
03/26/2006,U,"4,33,649","2,34,862","6,68,511"
03/27/2006,W,"9,62,206","6,01,488","15,63,694"
03/28/2006,W,"9,81,183","6,19,650","16,00,833"
03/29/2006,W,"9,87,756","6,36,692","16,24,448"
03/30/2006,W,"9,96,804","6,00,724","15,97,528"
03/31/2006,W,"10,28,124","6,41,079","16,69,203"
04-01-2006,A,"6,20,450","3,48,344","9,68,794"
04-02-2006,U,"3,91,830","2,54,413","6,46,243"
04-03-2006,W,"9,85,177","6,16,386","16,01,563"
04-04-2006,W,"10,42,810","6,60,381","17,03,191"
04-05-2006,W,"10,20,222","6,54,034","16,74,256"
04-06-2006,W,"9,98,368","6,35,705","16,34,073"
04-07-2006,W,"8,80,902","6,34,777","15,15,679"
04-08-2006,A,"6,07,382","3,60,442","9,67,824"
04-09-2006,U,"4,26,567","2,58,613","6,85,180"
04-10-2006,W,"8,80,692","6,01,070","14,81,762"
04-11-2006,W,"8,85,029","6,28,374","15,13,403"
04-12-2006,W,"8,77,362","6,27,736","15,05,098"
04/13/2006,W,"8,71,878","6,34,065","15,05,943"
04/14/2006,W,"8,04,781","5,51,524","13,56,305"
04/15/2006,A,"5,92,251","3,23,845","9,16,096"
04/16/2006,U,"3,24,770","1,81,980","5,06,750"
04/17/2006,W,"9,64,793","6,23,255","15,88,048"
04/18/2006,W,"10,00,958","6,46,316","16,47,274"
04/19/2006,W,"9,84,239","6,52,275","16,36,514"
04/20/2006,W,"9,38,226","6,41,954","15,80,180"
04/21/2006,W,"9,99,808","6,59,127","16,58,935"
04/22/2006,A,"6,07,395","3,57,315","9,64,710"
04/23/2006,U,"4,15,959","2,48,173","6,64,132"
04/24/2006,W,"9,98,455","6,42,816","16,41,271"
04/25/2006,W,"9,53,034","6,36,129","15,89,163"
04/26/2006,W,"9,52,603","6,49,967","16,02,570"
04/27/2006,W,"9,55,057","6,44,011","15,99,068"
04/28/2006,W,"10,08,989","6,66,532","16,75,521"
04/29/2006,A,"5,74,038","3,43,244","9,17,282"
04/30/2006,U,"3,45,287","2,24,122","5,69,409"
05-01-2006,W,"9,97,873","7,38,966","17,36,839"
05-02-2006,W,"10,45,233","6,64,946","17,10,179"
05-03-2006,W,"10,60,500","6,63,686","17,24,186"
05-04-2006,W,"10,47,587","6,65,514","17,13,101"
05-05-2006,W,"10,23,957","6,51,798","16,75,755"
05-06-2006,A,"6,37,405","3,68,890","10,06,295"
05-07-2006,U,"4,38,858","2,58,592","6,97,450"
05-08-2006,W,"10,10,412","6,24,197","16,34,609"
05-09-2006,W,"10,04,081","6,50,430","16,54,511"
05-10-2006,W,"10,07,923","6,48,361","16,56,284"
05-11-2006,W,"9,26,462","6,21,331","15,47,793"
05-12-2006,W,"9,58,553","6,39,308","15,97,861"
05/13/2006,A,"5,87,533","3,40,904","9,28,437"
05/14/2006,U,"4,11,861","2,49,652","6,61,513"
05/15/2006,W,"9,61,857","6,01,838","15,63,695"
05/16/2006,W,"9,94,913","6,48,507","16,43,420"
05/17/2006,W,"9,64,565","6,40,270","16,04,835"
05/18/2006,W,"9,87,234","6,53,070","16,40,304"
05/19/2006,W,"9,94,011","6,51,428","16,45,439"
05/20/2006,A,"6,19,536","3,65,397","9,84,933"
05/21/2006,U,"4,23,940","2,58,770","6,82,710"
05/22/2006,W,"9,96,607","6,29,775","16,26,382"
05/23/2006,W,"10,13,298","6,47,643","16,60,941"
05/24/2006,W,"9,51,852","6,31,510","15,83,362"
05/25/2006,W,"9,78,387","6,39,540","16,17,927"
05/26/2006,W,"9,88,688","6,57,379","16,46,067"
05/27/2006,A,"6,46,979","3,58,425","10,05,404"
05/28/2006,U,"4,61,625","2,82,850","7,44,475"
05/29/2006,U,"3,81,213","2,45,203","6,26,416"
05/30/2006,W,"9,45,888","6,32,333","15,78,221"
05/31/2006,W,"9,68,145","6,46,966","16,15,111"
06-01-2006,W,"10,28,046","6,38,192","16,66,238"
06-02-2006,W,"10,31,966","6,47,618","16,79,584"
06-03-2006,A,"6,68,592","3,71,768","10,40,360"
06-04-2006,U,"4,57,674","2,74,564","7,32,238"
06-05-2006,W,"10,05,516","6,25,171","16,30,687"
06-06-2006,W,"10,08,096","6,53,049","16,61,145"
06-07-2006,W,"10,12,230","6,66,040","16,78,270"
06-08-2006,W,"10,11,430","6,75,651","16,87,081"
06-09-2006,W,"9,88,332","6,52,258","16,40,590"
06-10-2006,A,"5,73,542","3,49,687","9,23,229"
06-11-2006,U,"4,24,510","2,67,884","6,92,394"
06-12-2006,W,"9,60,901","6,23,525","15,84,426"
06/13/2006,W,"9,61,923","6,64,539","16,26,462"
06/14/2006,W,"9,41,928","6,65,279","16,07,207"
06/15/2006,W,"9,07,237","6,59,507","15,66,744"
06/16/2006,W,"9,66,314","6,67,762","16,34,076"
06/17/2006,A,"6,16,266","3,84,541","10,00,807"
06/18/2006,U,"4,12,366","2,59,888","6,72,254"
06/19/2006,W,"8,80,777","6,08,854","14,89,631"
06/20/2006,W,"8,89,908","6,36,659","15,26,567"
06/21/2006,W,"8,59,537","6,29,433","14,88,970"
06/22/2006,W,"8,72,019","6,33,021","15,05,040"
06/23/2006,W,"9,05,242","6,39,365","15,44,607"
06/24/2006,A,"6,07,951","3,71,810","9,79,761"
06/25/2006,U,"4,07,079","3,02,719","7,09,798"
06/26/2006,W,"8,52,939","6,26,802","14,79,741"
06/27/2006,W,"8,86,147","6,42,922","15,29,069"
06/28/2006,W,"8,86,828","6,49,479","15,36,307"
06/29/2006,W,"8,99,339","6,67,597","15,66,936"
06/30/2006,W,"9,50,077","7,16,112","16,66,189"
07-01-2006,A,"6,31,294","4,29,319","10,60,613"
07-02-2006,U,"4,40,041","3,43,944","7,83,985"
07-03-2006,W,"8,02,169","6,84,040","14,86,209"
07-04-2006,U,"4,50,356","3,50,242","8,00,598"
07-05-2006,W,"9,01,332","6,61,426","15,62,758"
07-06-2006,W,"9,25,381","6,78,340","16,03,721"
07-07-2006,W,"9,28,760","7,02,727","16,31,487"
07-08-2006,A,"6,25,575","4,23,300","10,48,875"
07-09-2006,U,"4,43,095","3,13,512","7,56,607"
07-10-2006,W,"9,00,356","6,18,702","15,19,058"
07-11-2006,W,"8,73,419","6,05,343","14,78,762"
07-12-2006,W,"9,26,286","6,15,196","15,41,482"
07/13/2006,W,"9,22,492","6,44,488","15,66,980"
07/14/2006,W,"8,89,540","6,69,868","15,59,408"
07/15/2006,A,"6,03,018","4,12,144","10,15,162"
07/16/2006,U,"4,18,278","3,08,173","7,26,451"
07/17/2006,W,"8,86,469","6,26,986","15,13,455"
07/18/2006,W,"9,27,651","6,75,064","16,02,715"
07/19/2006,W,"9,11,699","6,87,896","15,99,595"
07/20/2006,W,"8,27,202","6,44,150","14,71,352"
07/21/2006,W,"9,31,578","6,76,491","16,08,069"
07/22/2006,A,"6,25,346","4,08,434","10,33,780"
07/23/2006,U,"4,46,438","2,84,632","7,31,070"
07/24/2006,W,"9,06,725","6,33,184","15,39,909"
07/25/2006,W,"9,19,219","6,50,364","15,69,583"
07/26/2006,W,"8,97,731","6,41,296","15,39,027"
07/27/2006,W,"8,94,993","6,63,387","15,58,380"
07/28/2006,W,"9,00,144","6,73,789","15,73,933"
07/29/2006,A,"5,93,188","4,23,092","10,16,280"
07/30/2006,U,"4,16,361","2,90,935","7,07,296"
07/31/2006,W,"8,31,261","6,08,739","14,40,000"
08-01-2006,W,"8,94,297","6,19,717","15,14,014"
08-02-2006,W,"8,72,246","6,28,299","15,00,545"
08-03-2006,W,"9,11,057","6,56,020","15,67,077"
08-04-2006,W,"9,51,984","7,22,072","16,74,056"
08-05-2006,A,"6,45,372","4,72,159","11,17,531"
08-06-2006,U,"4,51,477","3,57,797","8,09,274"
08-07-2006,W,"9,05,263","6,33,078","15,38,341"
08-08-2006,W,"9,16,905","6,46,778","15,63,683"
08-09-2006,W,"9,09,623","6,41,076","15,50,699"
08-10-2006,W,"8,56,682","6,14,321","14,71,003"
08-11-2006,W,"9,09,305","6,38,056","15,47,361"
08-12-2006,A,"6,52,458","3,91,862","10,44,320"
08/13/2006,U,"4,33,792","2,68,208","7,02,000"
08/14/2006,W,"8,57,738","5,95,551","14,53,289"
08/15/2006,W,"8,88,214","6,18,372","15,06,586"
08/16/2006,W,"8,78,842","6,20,892","14,99,734"
08/17/2006,W,"8,74,196","6,28,756","15,02,952"
08/18/2006,W,"8,69,355","6,38,938","15,08,293"
08/19/2006,A,"6,12,065","3,84,987","9,97,052"
08/20/2006,U,"4,81,484","3,21,400","8,02,884"
08/21/2006,W,"8,78,842","6,13,716","14,92,558"
08/22/2006,W,"8,96,666","6,28,952","15,25,618"
08/23/2006,W,"8,91,561","6,32,682","15,24,243"
08/24/2006,W,"8,31,663","6,17,548","14,49,211"
08/25/2006,W,"8,95,640","6,45,738","15,41,378"
08/26/2006,A,"5,92,637","3,61,355","9,53,992"
08/27/2006,U,"4,17,115","2,76,143","6,93,258"
08/28/2006,W,"7,92,601","5,87,722","13,80,323"
08/29/2006,W,"8,91,705","6,38,128","15,29,833"
08/30/2006,W,"9,13,445","6,50,359","15,63,804"
08/31/2006,W,"9,17,102","6,54,437","15,71,539"
09-01-2006,W,"9,77,274","6,63,472","16,40,746"
09-02-2006,A,"6,68,504","4,05,986","10,74,490"
09-03-2006,U,"4,88,706","3,20,575","8,09,281"
09-04-2006,U,"4,04,856","2,56,882","6,61,738"
09-05-2006,W,"10,56,228","6,80,476","17,36,704"
09-06-2006,W,"10,69,326","7,06,958","17,76,284"
09-07-2006,W,"10,43,601","7,26,551","17,70,152"
09-08-2006,W,"9,85,806","7,08,845","16,94,651"
09-09-2006,A,"6,09,019","3,86,190","9,95,209"
09-10-2006,U,"3,79,770","2,45,048","6,24,818"
09-11-2006,W,"9,81,275","6,56,692","16,37,967"
09-12-2006,W,"10,30,796","6,94,780","17,25,576"
09/13/2006,W,"9,92,146","6,94,220","16,86,366"
09/14/2006,W,"10,54,398","7,19,561","17,73,959"
09/15/2006,W,"10,60,398","7,29,995","17,90,393"
09/16/2006,A,"6,51,694","4,21,692","10,73,386"
09/17/2006,U,"4,33,989","2,94,159","7,28,148"
09/18/2006,W,"10,37,929","6,88,531","17,26,460"
09/19/2006,W,"10,41,255","6,90,760","17,32,015"
09/20/2006,W,"10,53,131","7,00,536","17,53,667"
09/21/2006,W,"10,44,501","6,96,162","17,40,663"
09/22/2006,W,"9,93,335","6,68,669","16,62,004"
09/23/2006,A,"5,84,517","3,49,931","9,34,448"
09/24/2006,U,"4,20,423","2,59,500","6,79,923"
09/25/2006,W,"10,41,474","6,66,046","17,07,520"
09/26/2006,W,"10,54,882","6,95,484","17,50,366"
09/27/2006,W,"10,35,426","6,90,413","17,25,839"
09/28/2006,W,"10,43,356","6,76,811","17,20,167"
09/29/2006,W,"10,58,057","6,99,340","17,57,397"
09/30/2006,A,"6,36,906","3,94,280","10,31,186"
10-01-2006,U,"4,62,755","2,96,236","7,58,991"
10-02-2006,W,"9,81,933","6,35,901","16,17,834"
10-03-2006,W,"10,64,774","6,81,381","17,46,155"
10-04-2006,W,"10,26,517","6,75,804","17,02,321"
10-05-2006,W,"10,60,282","6,98,851","17,59,133"
10-06-2006,W,"10,55,911","6,91,122","17,47,033"
10-07-2006,A,"6,41,240","3,73,957","10,15,197"
10-08-2006,U,"4,52,460","2,83,787","7,36,247"
10-09-2006,W,"8,06,458","5,72,361","13,78,819"
10-10-2006,W,"10,55,021","6,84,475","17,39,496"
10-11-2006,W,"10,22,625","6,84,138","17,06,763"
10-12-2006,W,"9,98,899","6,76,609","16,75,508"
10/13/2006,W,"10,14,747","6,80,633","16,95,380"
10/14/2006,A,"6,22,249","3,86,404","10,08,653"
10/15/2006,U,"4,20,083","2,60,059","6,80,142"
10/16/2006,W,"10,11,001","6,68,480","16,79,481"
10/17/2006,W,"10,29,815","6,83,799","17,13,614"
10/18/2006,W,"10,35,671","6,87,285","17,22,956"
10/19/2006,W,"10,35,827","6,89,629","17,25,456"
10/20/2006,W,"10,31,742","7,05,991","17,37,733"
10/21/2006,A,"6,31,254","4,03,698","10,34,952"
10/22/2006,U,"3,89,726","3,75,938","7,65,664"
10/23/2006,W,"10,18,534","6,59,505","16,78,039"
10/24/2006,W,"10,43,962","6,75,059","17,19,021"
10/25/2006,W,"10,57,646","6,63,754","17,21,400"
10/26/2006,W,"9,94,421","6,59,139","16,53,560"
10/27/2006,W,"10,07,282","6,63,912","16,71,194"
10/28/2006,A,"6,22,775","3,64,159","9,86,934"
10/29/2006,U,"4,34,824","2,65,624","7,00,448"
10/30/2006,W,"10,33,777","6,60,257","16,94,034"
10/31/2006,W,"9,97,495","6,63,340","16,60,835"
11-01-2006,W,"10,53,237","6,73,789","17,27,026"
11-02-2006,W,"10,12,046","6,71,054","16,83,100"
11-03-2006,W,"9,59,706","6,54,291","16,13,997"
11-04-2006,A,"6,09,584","3,56,326","9,65,910"
11-05-2006,U,"4,35,747","2,66,756","7,02,503"
11-06-2006,W,"10,26,257","6,53,935","16,80,192"
11-07-2006,W,"10,33,037","6,51,606","16,84,643"
11-08-2006,W,"10,46,870","6,74,951","17,21,821"
11-09-2006,W,"10,01,116","6,68,263","16,69,379"
11-10-2006,W,"9,35,843","6,10,547","15,46,390"
11-11-2006,A,"5,91,773","3,76,391","9,68,164"
11-12-2006,U,"4,17,471","2,51,876","6,69,347"
11/13/2006,W,"10,07,564","6,43,008","16,50,572"
11/14/2006,W,"10,47,208","6,69,094","17,16,302"
11/15/2006,W,"10,39,976","6,61,667","17,01,643"
11/16/2006,W,"9,98,140","6,58,701","16,56,841"
11/17/2006,W,"10,18,763","6,64,438","16,83,201"
11/18/2006,A,"6,20,464","4,03,175","10,23,639"
11/19/2006,U,"4,17,408","2,42,830","6,60,238"
11/20/2006,W,"10,22,880","6,38,117","16,60,997"
11/21/2006,W,"10,22,970","6,51,230","16,74,200"
11/22/2006,W,"9,80,561","6,16,974","15,97,535"
11/23/2006,U,"3,18,233","1,82,131","5,00,364"
11/24/2006,W,"6,28,700","3,93,228","10,21,928"
11/25/2006,A,"5,49,875","3,17,650","8,67,525"
11/26/2006,U,"4,00,592","2,34,961","6,35,553"
11/27/2006,W,"10,12,191","6,28,799","16,40,990"
11/28/2006,W,"10,30,255","6,48,239","16,78,494"
11/29/2006,W,"9,76,231","6,34,505","16,10,736"
11/30/2006,W,"9,85,569","6,49,626","16,35,195"
12-01-2006,W,"9,12,314","6,29,776","15,42,090"
12-02-2006,A,"5,95,637","3,38,009","9,33,646"
12-03-2006,U,"3,75,419","2,24,761","6,00,180"
12-04-2006,W,"9,62,864","6,05,349","15,68,213"
12-05-2006,W,"9,92,857","6,20,241","16,13,098"
12-06-2006,W,"10,15,490","6,29,687","16,45,177"
12-07-2006,W,"9,21,792","6,03,900","15,25,692"
12-08-2006,W,"9,52,445","6,26,294","15,78,739"
12-09-2006,A,"5,90,225","3,44,215","9,34,440"
12-10-2006,U,"4,06,068","2,37,226","6,43,294"
12-11-2006,W,"9,95,926","6,09,360","16,05,286"
12-12-2006,W,"9,91,473","6,12,992","16,04,465"
12/13/2006,W,"10,20,619","6,40,224","16,60,843"
12/14/2006,W,"10,07,667","6,26,704","16,34,371"
12/15/2006,W,"10,02,739","6,32,077","16,34,816"
12/16/2006,A,"6,32,218","3,56,756","9,88,974"
12/17/2006,U,"4,32,910","2,51,802","6,84,712"
12/18/2006,W,"9,90,534","5,91,895","15,82,429"
12/19/2006,W,"10,19,785","5,96,338","16,16,123"
12/20/2006,W,"9,75,226","5,86,048","15,61,274"
12/21/2006,W,"9,24,778","5,64,199","14,88,977"
12/22/2006,W,"9,06,201","5,29,373","14,35,574"
12/23/2006,A,"5,78,507","2,77,455","8,55,962"
12/24/2006,U,"3,91,926","1,75,847","5,67,773"
12/25/2006,U,"2,42,369","1,12,855","3,55,224"
12/26/2006,W,"6,52,808","3,77,449","10,30,257"
12/27/2006,W,"7,32,919","4,60,703","11,93,622"
12/28/2006,W,"7,58,151","4,87,441","12,45,592"
12/29/2006,W,"8,16,636","4,99,735","13,16,371"
12/30/2006,A,"5,89,298","3,10,684","8,99,982"
12/31/2006,U,"4,12,048","2,93,362","7,05,410"
01-01-2007,U,"3,26,042","2,19,953","5,45,995"
01-02-2007,W,"7,72,549","4,52,097","12,24,646"
01-03-2007,W,"8,71,683","5,61,287","14,32,970"
01-04-2007,W,"8,14,984","5,48,904","13,63,888"
01-05-2007,W,"8,62,748","5,69,322","14,32,070"
01-06-2007,A,"5,80,851","3,05,019","8,85,870"
01-07-2007,U,"3,84,626","2,08,188","5,92,814"
01-08-2007,W,"9,76,783","5,94,028","15,70,811"
01-09-2007,W,"9,78,577","5,98,746","15,77,323"
01-10-2007,W,"9,68,643","5,99,118","15,67,761"
01-11-2007,W,"9,67,218","6,02,194","15,69,412"
01-12-2007,W,"9,73,391","6,03,456","15,76,847"
01/13/2007,A,"5,62,827","3,08,047","8,70,874"
01/14/2007,U,"3,68,736","2,17,983","5,86,719"
01/15/2007,W,"6,04,564","3,89,675","9,94,239"
01/16/2007,W,"9,78,082","6,20,145","15,98,227"
01/17/2007,W,"9,77,527","6,18,895","15,96,422"
01/18/2007,W,"9,82,237","6,20,579","16,02,816"
01/19/2007,W,"9,78,490","6,17,473","15,95,963"
01/20/2007,A,"5,76,490","3,16,657","8,93,147"
01/21/2007,U,"3,64,130","2,14,796","5,78,926"
01/22/2007,W,"10,02,003","6,16,824","16,18,827"
01/23/2007,W,"10,11,645","6,29,993","16,41,638"
01/24/2007,W,"10,06,911","6,29,208","16,36,119"
01/25/2007,W,"9,88,347","6,30,002","16,18,349"
01/26/2007,W,"9,01,880","6,00,561","15,02,441"
01/27/2007,A,"5,78,477","3,14,380","8,92,857"
01/28/2007,U,"3,45,116","1,99,255","5,44,371"
01/29/2007,W,"9,45,286","5,94,742","15,40,028"
01/30/2007,W,"9,52,201","6,04,145","15,56,346"
01/31/2007,W,"9,43,384","5,98,814","15,42,198"
02-01-2007,W,"10,07,882","6,16,420","16,24,302"
02-02-2007,W,"9,58,446","5,84,607","15,43,053"
02-03-2007,A,"4,54,188","2,47,767","7,01,955"
02-04-2007,U,"2,66,510","1,62,712","4,29,222"
02-05-2007,W,"7,61,572","5,00,675","12,62,247"
02-06-2007,W,"8,50,354","5,64,981","14,15,335"
02-07-2007,W,"9,33,093","5,93,113","15,26,206"
02-08-2007,W,"9,48,308","5,91,797","15,40,105"
02-09-2007,W,"9,44,364","5,82,089","15,26,453"
02-10-2007,A,"5,46,086","2,92,046","8,38,132"
02-11-2007,U,"3,69,026","2,01,895","5,70,921"
02-12-2007,W,"7,93,846","5,30,211","13,24,057"
02/13/2007,W,"8,05,441","6,07,127","14,12,568"
02/14/2007,W,"8,84,567","5,96,676","14,81,243"
02/15/2007,W,"9,33,588","6,04,415","15,38,003"
02/16/2007,W,"9,28,048","5,89,591","15,17,639"
02/17/2007,A,"5,62,470","3,06,944","8,69,414"
02/18/2007,U,"3,94,698","2,26,617","6,21,315"
02/19/2007,W,"7,36,322","4,66,950","12,03,272"
02/20/2007,W,"10,30,943","6,26,057","16,57,000"
02/21/2007,W,"10,36,604","6,31,249","16,67,853"
02/22/2007,W,"10,18,598","6,31,479","16,50,077"
02/23/2007,W,"9,99,849","6,17,663","16,17,512"
02/24/2007,A,"5,44,391","3,02,947","8,47,338"
02/25/2007,U,"3,31,808","1,95,652","5,27,460"
02/26/2007,W,"9,53,661","5,97,444","15,51,105"
02/27/2007,W,"9,98,059","6,10,100","16,08,159"
02/28/2007,W,"9,97,324","6,17,882","16,15,206"
03-01-2007,W,"9,91,173","6,16,136","16,07,309"
03-02-2007,W,"9,61,731","5,96,551","15,58,282"
03-03-2007,A,"5,82,869","3,04,060","8,86,929"
03-04-2007,U,"4,00,292","2,14,735","6,15,027"
03-05-2007,W,"8,61,145","5,58,483","14,19,628"
03-06-2007,W,"10,04,928","6,11,416","16,16,344"
03-07-2007,W,"10,00,287","6,11,040","16,11,327"
03-08-2007,W,"10,19,684","6,25,383","16,45,067"
03-09-2007,W,"10,21,269","6,16,768","16,38,037"
03-10-2007,A,"6,45,222","3,43,183","9,88,405"
03-11-2007,U,"4,35,861","2,37,257","6,73,118"
03-12-2007,W,"10,09,154","6,13,447","16,22,601"
03/13/2007,W,"10,53,169","6,48,460","17,01,629"
03/14/2007,W,"10,10,219","6,31,196","16,41,415"
03/15/2007,W,"10,11,742","6,35,295","16,47,037"
03/16/2007,W,"10,19,835","6,38,871","16,58,706"
03/17/2007,A,"6,22,487","4,32,315","10,54,802"
03/18/2007,U,"4,20,366","2,36,110","6,56,476"
03/19/2007,W,"10,07,874","6,07,303","16,15,177"
03/20/2007,W,"10,31,451","6,20,644","16,52,095"
03/21/2007,W,"9,70,928","5,96,843","15,67,771"
03/22/2007,W,"10,25,487","6,20,409","16,45,896"
03/23/2007,W,"9,97,803","6,01,679","15,99,482"
03/24/2007,A,"6,19,377","3,26,859","9,46,236"
03/25/2007,U,"4,42,112","2,67,216","7,09,328"
03/26/2007,W,"10,11,806","6,04,279","16,16,085"
03/27/2007,W,"10,10,067","6,06,509","16,16,576"
03/28/2007,W,"9,81,180","6,08,639","15,89,819"
03/29/2007,W,"10,14,456","6,26,073","16,40,529"
03/30/2007,W,"10,37,493","6,21,496","16,58,989"
03/31/2007,A,"6,08,037","3,23,073","9,31,110"
04-01-2007,U,"4,25,595","2,22,200","6,47,795"
04-02-2007,W,"9,36,869","5,74,727","15,11,596"
04-03-2007,W,"9,32,688","5,64,461","14,97,149"
04-04-2007,W,"8,74,823","5,65,985","14,40,808"
04-05-2007,W,"8,92,666","5,77,450","14,70,116"
04-06-2007,W,"8,22,387","5,08,529","13,30,916"
04-07-2007,A,"5,47,926","2,79,962","8,27,888"
04-08-2007,U,"3,74,365","1,89,557","5,63,922"
04-09-2007,W,"10,02,171","6,01,020","16,03,191"
04-10-2007,W,"10,48,978","6,29,888","16,78,866"
04-11-2007,W,"9,21,761","5,85,857","15,07,618"
04-12-2007,W,"10,15,749","6,17,734","16,33,483"
04/13/2007,W,"9,46,466","6,21,763","15,68,229"
04/14/2007,A,"6,19,468","3,49,162","9,68,630"
04/15/2007,U,"4,47,385","2,50,988","6,98,373"
04/16/2007,W,"10,57,373","6,22,244","16,79,617"
04/17/2007,W,"10,58,244","6,31,795","16,90,039"
04/18/2007,W,"10,30,970","6,17,779","16,48,749"
04/19/2007,W,"9,87,896","6,17,546","16,05,442"
04/20/2007,W,"10,49,980","6,47,296","16,97,276"
04/21/2007,A,"6,72,236","3,71,504","10,43,740"
04/22/2007,U,"4,74,187","2,71,708","7,45,895"
04/23/2007,W,"10,21,947","6,17,017","16,38,964"
04/24/2007,W,"10,54,294","6,31,249","16,85,543"
04/25/2007,W,"9,27,830","6,04,311","15,32,141"
04/26/2007,W,"9,54,930","6,04,957","15,59,887"
04/27/2007,W,"10,17,433","6,17,985","16,35,418"
04/28/2007,A,"6,57,645","3,20,088","9,77,733"
04/29/2007,U,"4,67,869","2,37,595","7,05,464"
04/30/2007,W,"10,30,435","5,99,953","16,30,388"
05-01-2007,W,"10,96,741","6,80,365","17,77,106"
05-02-2007,W,"10,67,338","6,17,675","16,85,013"
05-03-2007,W,"11,02,282","6,31,926","17,34,208"
05-04-2007,W,"10,81,903","6,42,564","17,24,467"
05-05-2007,A,"6,64,729","3,60,852","10,25,581"
05-06-2007,U,"4,70,694","2,66,988","7,37,682"
05-07-2007,W,"10,59,535","6,10,376","16,69,911"
05-08-2007,W,"10,79,400","6,48,555","17,27,955"
05-09-2007,W,"10,61,512","6,45,132","17,06,644"
05-10-2007,W,"10,65,947","6,54,856","17,20,803"
05-11-2007,W,"10,50,841","6,68,098","17,18,939"
05-12-2007,A,"6,60,001","3,29,029","9,89,030"
05/13/2007,U,"4,46,076","2,24,489","6,70,565"
05/14/2007,W,"10,17,451","5,86,905","16,04,356"
05/15/2007,W,"9,99,166","6,04,844","16,04,010"
05/16/2007,W,"10,28,004","6,25,297","16,53,301"
05/17/2007,W,"10,43,033","6,27,116","16,70,149"
05/18/2007,W,"10,44,582","6,43,462","16,88,044"
05/19/2007,A,"6,84,079","3,43,947","10,28,026"
05/20/2007,U,"4,22,463","2,33,007","6,55,470"
05/21/2007,W,"10,39,954","6,14,276","16,54,230"
05/22/2007,W,"10,44,661","6,27,087","16,71,748"
05/23/2007,W,"10,28,065","6,23,366","16,51,431"
05/24/2007,W,"10,09,067","6,17,536","16,26,603"
05/25/2007,W,"9,95,233","6,11,019","16,06,252"
05/26/2007,A,"5,56,682","3,07,727","8,64,409"
05/27/2007,U,"4,51,833","2,70,636","7,22,469"
05/28/2007,U,"4,15,256","2,54,935","6,70,191"
05/29/2007,W,"10,24,735","6,22,662","16,47,397"
05/30/2007,W,"10,55,384","6,37,763","16,93,147"
05/31/2007,W,"9,97,007","6,12,977","16,09,984"
06-01-2007,W,"10,79,848","6,54,251","17,34,099"
06-02-2007,A,"6,80,844","3,67,035","10,47,879"
06-03-2007,U,"4,61,358","2,63,646","7,25,004"
06-04-2007,W,"9,88,557","6,11,310","15,99,867"
06-05-2007,W,"10,67,413","6,43,474","17,10,887"
06-06-2007,W,"10,47,624","6,41,107","16,88,731"
06-07-2007,W,"10,41,490","6,56,169","16,97,659"
06-08-2007,W,"10,25,937","6,53,397","16,79,334"
06-09-2007,A,"6,61,835","4,02,393","10,64,228"
06-10-2007,U,"4,66,294","2,91,979","7,58,273"
06-11-2007,W,"10,00,007","6,45,161","16,45,168"
06-12-2007,W,"10,15,390","6,60,899","16,76,289"
06/13/2007,W,"9,55,467","6,54,913","16,10,380"
06/14/2007,W,"9,44,081","6,53,008","15,97,089"
06/15/2007,W,"10,18,966","6,70,995","16,89,961"
06/16/2007,A,"6,33,038","3,63,871","9,96,909"
06/17/2007,U,"4,64,411","2,57,682","7,22,093"
06/18/2007,W,"8,98,272","5,90,320","14,88,592"
06/19/2007,W,"9,54,392","6,18,913","15,73,305"
06/20/2007,W,"9,52,574","6,25,805","15,78,379"
06/21/2007,W,"9,41,671","6,26,907","15,68,578"
06/22/2007,W,"9,15,690","6,23,048","15,38,738"
06/23/2007,A,"5,76,598","3,36,644","9,13,242"
06/24/2007,U,"4,51,145","3,46,881","7,98,026"
06/25/2007,W,"9,22,491","6,19,299","15,41,790"
06/26/2007,W,"8,87,917","6,23,390","15,11,307"
06/27/2007,W,"9,05,210","6,27,568","15,32,778"
06/28/2007,W,"9,27,302","6,20,611","15,47,913"
06/29/2007,W,"9,68,906","7,08,650","16,77,556"
06/30/2007,A,"6,80,629","4,47,188","11,27,817"
07-01-2007,U,"4,95,101","3,54,648","8,49,749"
07-02-2007,W,"9,55,129","6,44,079","15,99,208"
07-03-2007,W,"10,48,504","8,48,262","18,96,766"
07-04-2007,U,"4,86,961","3,49,716","8,36,677"
07-05-2007,W,"9,33,153","6,55,871","15,89,024"
07-06-2007,W,"9,56,208","6,96,508","16,52,716"
07-07-2007,A,"6,40,418","3,98,525","10,38,943"
07-08-2007,U,"4,43,791","2,87,948","7,31,739"
07-09-2007,W,"8,96,820","5,87,889","14,84,709"
07-10-2007,W,"9,39,774","6,10,001","15,49,775"
07-11-2007,W,"9,73,860","6,29,790","16,03,650"
07-12-2007,W,"9,62,640","6,31,002","15,93,642"
07/13/2007,W,"9,56,346","6,76,306","16,32,652"
07/14/2007,A,"6,87,968","3,83,132","10,71,100"
07/15/2007,U,"4,89,228","2,89,728","7,78,956"
07/16/2007,W,"9,39,642","6,27,282","15,66,924"
07/17/2007,W,"9,45,057","6,37,429","15,82,486"
07/18/2007,W,"9,39,708","6,54,848","15,94,556"
07/19/2007,W,"9,35,717","6,48,112","15,83,829"
07/20/2007,W,"9,59,207","6,55,992","16,15,199"
07/21/2007,A,"6,85,445","3,66,356","10,51,801"
07/22/2007,U,"4,80,317","2,66,827","7,47,144"
07/23/2007,W,"9,37,452","6,13,805","15,51,257"
07/24/2007,W,"9,35,763","6,24,166","15,59,929"
07/25/2007,W,"9,39,278","6,26,658","15,65,936"
07/26/2007,W,"9,19,288","6,24,338","15,43,626"
07/27/2007,W,"9,23,332","6,25,772","15,49,104"
07/28/2007,A,"6,41,760","3,80,163","10,21,923"
07/29/2007,U,"4,57,951","2,72,684","7,30,635"
07/30/2007,W,"9,17,757","6,20,439","15,38,196"
07/31/2007,W,"9,46,285","6,37,331","15,83,616"
08-01-2007,W,"9,74,958","6,43,448","16,18,406"
08-02-2007,W,"9,44,912","6,50,901","15,95,813"
08-03-2007,W,"9,76,842","6,92,273","16,69,115"
08-04-2007,A,"6,46,378","4,22,115","10,68,493"
08-05-2007,U,"4,57,228","3,32,786","7,90,014"
08-06-2007,W,"9,08,881","5,91,244","15,00,125"
08-07-2007,W,"9,30,259","6,09,984","15,40,243"
08-08-2007,W,"9,11,127","5,98,593","15,09,720"
08-09-2007,W,"9,21,233","6,10,768","15,32,001"
08-10-2007,W,"9,42,284","6,17,817","15,60,101"
08-11-2007,A,"7,10,009","3,79,200","10,89,209"
08-12-2007,U,"4,72,709","2,62,521","7,35,230"
08/13/2007,W,"9,01,029","5,74,616","14,75,645"
08/14/2007,W,"9,05,711","6,05,080","15,10,791"
08/15/2007,W,"9,06,121","6,03,458","15,09,579"
08/16/2007,W,"9,10,468","6,20,464","15,30,932"
08/17/2007,W,"9,40,525","6,29,675","15,70,200"
08/18/2007,A,"6,13,516","3,67,895","9,81,411"
08/19/2007,U,"3,84,648","2,41,159","6,25,807"
08/20/2007,W,"8,69,663","5,97,026","14,66,689"
08/21/2007,W,"9,27,597","6,00,468","15,28,065"
08/22/2007,W,"9,29,593","6,01,469","15,31,062"
08/23/2007,W,"8,48,806","5,78,731","14,27,537"
08/24/2007,W,"8,86,880","6,05,153","14,92,033"
08/25/2007,A,"6,60,678","3,62,365","10,23,043"
08/26/2007,U,"4,91,356","2,74,617","7,65,973"
08/27/2007,W,"9,52,232","6,09,440","15,61,672"
08/28/2007,W,"9,86,289","6,48,482","16,34,771"
08/29/2007,W,"9,61,627","6,40,436","16,02,063"
08/30/2007,W,"9,68,474","6,66,661","16,35,135"
08/31/2007,W,"10,12,720","6,74,373","16,87,093"
09-01-2007,A,"6,97,334","4,12,998","11,10,332"
09-02-2007,U,"5,06,887","3,28,760","8,35,647"
09-03-2007,U,"4,61,629","2,75,023","7,36,652"
09-04-2007,W,"10,96,027","6,66,200","17,62,227"
09-05-2007,W,"10,97,897","6,89,499","17,87,396"
09-06-2007,W,"10,68,817","6,89,347","17,58,164"
09-07-2007,W,"10,43,967","6,68,804","17,12,771"
09-08-2007,A,"7,00,510","3,74,022","10,74,532"
09-09-2007,U,"4,84,803","2,66,371","7,51,174"
09-10-2007,W,"10,72,218","6,76,612","17,48,830"
09-11-2007,W,"11,08,582","6,79,973","17,88,555"
09-12-2007,W,"10,90,043","6,80,733","17,70,776"
09/13/2007,W,"10,73,415","6,64,991","17,38,406"
09/14/2007,W,"10,70,397","6,69,129","17,39,526"
09/15/2007,A,"6,42,789","3,78,741","10,21,530"
09/16/2007,U,"4,55,579","2,72,814","7,28,393"
09/17/2007,W,"10,80,112","6,75,627","17,55,739"
09/18/2007,W,"11,04,193","6,89,330","17,93,523"
09/19/2007,W,"10,98,945","6,92,726","17,91,671"
09/20/2007,W,"10,85,299","6,82,588","17,67,887"
09/21/2007,W,"10,77,275","6,97,999","17,75,274"
09/22/2007,A,"6,78,534","3,61,587","10,40,121"
09/23/2007,U,"4,81,232","2,69,325","7,50,557"
09/24/2007,W,"10,65,887","6,49,262","17,15,149"
09/25/2007,W,"10,64,946","6,64,976","17,29,922"
09/26/2007,W,"10,09,515","6,60,197","16,69,712"
09/27/2007,W,"10,93,222","6,75,936","17,69,158"
09/28/2007,W,"10,80,223","6,80,820","17,61,043"
09/29/2007,A,"6,78,705","3,58,750","10,37,455"
09/30/2007,U,"4,63,947","2,39,074","7,03,021"
10-01-2007,W,"10,88,750","6,52,510","17,41,260"
10-02-2007,W,"11,29,578","6,69,817","17,99,395"
10-03-2007,W,"11,41,300","6,78,734","18,20,034"
10-04-2007,W,"11,21,496","6,82,778","18,04,274"
10-05-2007,W,"11,08,038","6,81,736","17,89,774"
10-06-2007,A,"6,93,470","4,30,713","11,24,183"
10-07-2007,U,"4,50,253","3,94,647","8,44,900"
10-08-2007,W,"8,57,090","5,63,619","14,20,709"
10-09-2007,W,"11,19,151","6,73,318","17,92,469"
10-10-2007,W,"10,75,443","6,66,054","17,41,497"
10-11-2007,W,"10,80,412","6,74,960","17,55,372"
10-12-2007,W,"10,81,900","6,69,582","17,51,482"
10/13/2007,A,"6,57,864","3,38,481","9,96,345"
10/14/2007,U,"4,52,914","2,34,730","6,87,644"
10/15/2007,W,"10,87,003","6,51,751","17,38,754"
10/16/2007,W,"10,84,935","6,64,961","17,49,896"
10/17/2007,W,"10,96,384","6,68,523","17,64,907"
10/18/2007,W,"10,56,395","6,66,975","17,23,370"
10/19/2007,W,"9,74,134","6,54,836","16,28,970"
10/20/2007,A,"7,31,918","3,52,442","10,84,360"
10/21/2007,U,"4,99,779","2,43,884","7,43,663"
10/22/2007,W,"10,56,369","6,48,233","17,04,602"
10/23/2007,W,"10,88,752","6,62,913","17,51,665"
10/24/2007,W,"10,80,803","6,62,981","17,43,784"
10/25/2007,W,"10,72,949","6,72,155","17,45,104"
10/26/2007,W,"10,61,706","6,59,354","17,21,060"
10/27/2007,A,"6,78,861","3,30,492","10,09,353"
10/28/2007,U,"4,72,765","2,33,248","7,06,013"
10/29/2007,W,"10,49,394","6,39,837","16,89,231"
10/30/2007,W,"10,88,015","6,54,838","17,42,853"
10/31/2007,W,"10,36,100","6,46,598","16,82,698"
11-01-2007,W,"11,02,515","6,62,120","17,64,635"
11-02-2007,W,"10,19,370","6,40,204","16,59,574"
11-03-2007,A,"7,18,550","3,31,447","10,49,997"
11-04-2007,U,"4,91,005","2,24,395","7,15,400"
11-05-2007,W,"10,74,116","6,45,467","17,19,583"
11-06-2007,W,"10,63,193","6,55,389","17,18,582"
11-07-2007,W,"10,10,629","6,43,227","16,53,856"
11-08-2007,W,"10,58,758","6,63,386","17,22,144"
11-09-2007,W,"10,38,131","6,58,500","16,96,631"
11-10-2007,A,"6,99,360","3,23,757","10,23,117"
11-11-2007,U,"4,62,568","2,16,467","6,79,035"
11-12-2007,W,"8,43,086","5,51,847","13,94,933"
11/13/2007,W,"10,95,253","6,60,671","17,55,924"
11/14/2007,W,"10,73,985","6,52,294","17,26,279"
11/15/2007,W,"10,56,246","6,53,620","17,09,866"
11/16/2007,W,"10,63,833","6,45,494","17,09,327"
11/17/2007,A,"6,51,609","3,73,784","10,25,393"
11/18/2007,U,"4,51,689","2,24,895","6,76,584"
11/19/2007,W,"10,45,626","6,28,079","16,73,705"
11/20/2007,W,"10,55,688","6,38,081","16,93,769"
11/21/2007,W,"9,33,046","5,78,739","15,11,785"
11/22/2007,U,"2,94,447","1,57,890","4,52,337"
11/23/2007,W,"6,19,195","3,56,064","9,75,259"
11/24/2007,A,"5,41,464","2,85,732","8,27,196"
11/25/2007,U,"3,96,237","2,21,021","6,17,258"
11/26/2007,W,"10,09,519","6,12,439","16,21,958"
11/27/2007,W,"10,44,685","6,29,784","16,74,469"
11/28/2007,W,"10,30,447","6,27,268","16,57,715"
11/29/2007,W,"10,15,386","6,25,742","16,41,128"
11/30/2007,W,"10,64,598","6,31,624","16,96,222"
12-01-2007,A,"6,06,838","3,07,004","9,13,842"
12-02-2007,U,"4,23,280","2,19,797","6,43,077"
12-03-2007,W,"10,64,265","6,05,852","16,70,117"
12-04-2007,W,"10,82,140","6,25,524","17,07,664"
12-05-2007,W,"10,24,462","6,23,607","16,48,069"
12-06-2007,W,"10,29,586","6,19,960","16,49,546"
12-07-2007,W,"9,56,775","6,09,732","15,66,507"
12-08-2007,A,"6,36,461","3,26,501","9,62,962"
12-09-2007,U,"4,23,634","2,15,699","6,39,333"
12-10-2007,W,"10,36,018","5,97,674","16,33,692"
12-11-2007,W,"10,02,470","6,05,203","16,07,673"
12-12-2007,W,"10,51,962","6,15,293","16,67,255"
12/13/2007,W,"10,39,827","6,15,948","16,55,775"
12/14/2007,W,"10,45,488","6,11,182","16,56,670"
12/15/2007,A,"6,06,795","3,16,867","9,23,662"
12/16/2007,U,"4,12,777","2,15,055","6,27,832"
12/17/2007,W,"9,68,005","5,64,404","15,32,409"
12/18/2007,W,"10,09,642","5,82,487","15,92,129"
12/19/2007,W,"10,27,855","5,87,683","16,15,538"
12/20/2007,W,"10,16,117","5,78,637","15,94,754"
12/21/2007,W,"10,14,168","5,63,789","15,77,957"
12/22/2007,A,"6,13,180","2,90,854","9,04,034"
12/23/2007,U,"3,47,895","1,84,560","5,32,455"
12/24/2007,W,"5,31,176","2,52,649","7,83,825"
12/25/2007,U,"2,49,699","1,11,582","3,61,281"
12/26/2007,W,"7,07,668","3,99,662","11,07,330"
12/27/2007,W,"7,73,602","4,62,843","12,36,445"
12/28/2007,W,"7,47,807","4,63,830","12,11,637"
12/29/2007,A,"5,46,998","2,77,819","8,24,817"
12/30/2007,U,"4,12,003","2,32,213","6,44,216"
12/31/2007,W,"6,69,463","4,05,727","10,75,190"
01-01-2008,U,"2,95,571","1,74,243","4,69,814"
01-02-2008,W,"6,99,149","4,71,241","11,70,390"
01-03-2008,W,"7,83,950","5,17,492","13,01,442"
01-04-2008,W,"8,51,632","5,37,002","13,88,634"
01-05-2008,A,"5,68,839","2,80,264","8,49,103"
01-06-2008,U,"4,15,385","2,07,391","6,22,776"
01-07-2008,W,"9,88,485","5,88,092","15,76,577"
01-08-2008,W,"9,90,597","5,92,632","15,83,229"
01-09-2008,W,"10,23,189","6,04,515","16,27,704"
01-10-2008,W,"9,98,489","6,02,398","16,00,887"
01-11-2008,W,"10,22,368","6,02,428","16,24,796"
01-12-2008,A,"6,04,388","2,99,546","9,03,934"
01/13/2008,U,"3,91,645","2,02,380","5,94,025"
01/14/2008,W,"9,96,258","6,07,357","16,03,615"
01/15/2008,W,"10,13,209","6,16,432","16,29,641"
01/16/2008,W,"10,41,939","6,26,138","16,68,077"
01/17/2008,W,"9,98,608","6,19,823","16,18,431"
01/18/2008,W,"9,59,859","5,85,432","15,45,291"
01/19/2008,A,"4,14,819","2,31,306","6,46,125"
01/20/2008,U,"2,91,354","1,68,692","4,60,046"
01/21/2008,W,"6,11,887","3,82,753","9,94,640"
01/22/2008,W,"9,92,432","6,15,285","16,07,717"
01/23/2008,W,"9,74,052","6,05,979","15,80,031"
01/24/2008,W,"9,10,998","5,88,279","14,99,277"
01/25/2008,W,"8,59,813","5,65,226","14,25,039"
01/26/2008,A,"5,72,085","2,93,979","8,66,064"
01/27/2008,U,"4,13,581","2,13,177","6,26,758"
01/28/2008,W,"10,25,845","6,23,259","16,49,104"
01/29/2008,W,"10,11,729","6,27,428","16,39,157"
01/30/2008,W,"8,82,014","5,80,657","14,62,671"
01/31/2008,W,"9,61,357","6,26,504","15,87,861"
02-01-2008,W,"9,11,151","5,93,534","15,04,685"
02-02-2008,A,"6,27,807","3,20,544","9,48,351"
02-03-2008,U,"4,16,661","2,16,443","6,33,104"
02-04-2008,W,"10,04,041","6,08,975","16,13,016"
02-05-2008,W,"10,58,756","6,32,513","16,91,269"
02-06-2008,W,"9,25,504","6,09,115","15,34,619"
02-07-2008,W,"10,28,104","6,33,781","16,61,885"
02-08-2008,W,"10,31,968","6,22,837","16,54,805"
02-09-2008,A,"6,27,412","3,19,751","9,47,163"
02-10-2008,U,"3,00,232","1,76,228","4,76,460"
02-11-2008,W,"8,18,840","5,59,672","13,78,512"
02-12-2008,W,"8,19,820","5,53,554","13,73,374"
02/13/2008,W,"10,39,517","6,30,232","16,69,749"
02/14/2008,W,"10,74,632","6,40,598","17,15,230"
02/15/2008,W,"10,36,232","6,18,258","16,54,490"
02/16/2008,A,"6,49,814","3,36,935","9,86,749"
02/17/2008,U,"4,11,858","2,18,846","6,30,704"
02/18/2008,W,"7,15,974","4,56,610","11,72,584"
02/19/2008,W,"9,67,658","5,95,964","15,63,622"
02/20/2008,W,"9,61,552","6,01,847","15,63,399"
02/21/2008,W,"10,01,382","6,15,384","16,16,766"
02/22/2008,W,"10,21,900","6,10,589","16,32,489"
02/23/2008,A,"6,48,822","3,25,327","9,74,149"
02/24/2008,U,"4,39,134","2,22,548","6,61,682"
02/25/2008,W,"10,03,187","6,02,866","16,06,053"
02/26/2008,W,"9,70,886","6,05,240","15,76,126"
02/27/2008,W,"10,19,462","6,17,002","16,36,464"
02/28/2008,W,"10,28,392","6,20,602","16,48,994"
02/29/2008,W,"10,49,773","6,18,230","16,68,003"
03-01-2008,A,"6,68,866","3,22,061","9,90,927"
03-02-2008,U,"4,65,660","2,29,531","6,95,191"
03-03-2008,W,"8,90,785","5,56,767","14,47,552"
03-04-2008,W,"10,53,813","6,19,343","16,73,156"
03-05-2008,W,"10,59,027","6,20,660","16,79,687"
03-06-2008,W,"10,55,418","6,24,362","16,79,780"
03-07-2008,W,"10,31,200","6,04,635","16,35,835"
03-08-2008,A,"5,90,236","2,94,749","8,84,985"
03-09-2008,U,"4,15,621","2,15,690","6,31,311"
03-10-2008,W,"10,24,901","6,06,737","16,31,638"
03-11-2008,W,"10,62,865","6,33,917","16,96,782"
03-12-2008,W,"10,68,268","6,40,051","17,08,319"
03/13/2008,W,"10,70,019","6,42,018","17,12,037"
03/14/2008,W,"10,77,635","6,47,279","17,24,914"
03/15/2008,A,"6,45,518","4,07,380","10,52,898"
03/16/2008,U,"4,47,363","2,43,823","6,91,186"
03/17/2008,W,"8,97,500","5,84,885","14,82,385"
03/18/2008,W,"9,09,978","5,93,247","15,03,225"
03/19/2008,W,"9,45,983","6,08,639","15,54,622"
03/20/2008,W,"9,55,273","6,00,735","15,56,008"
03/21/2008,W,"7,67,583","4,93,573","12,61,156"
03/22/2008,A,"5,89,688","2,88,852","8,78,540"
03/23/2008,U,"4,01,640","1,92,284","5,93,924"
03/24/2008,W,"10,01,268","5,70,762","15,72,030"
03/25/2008,W,"10,36,465","5,96,853","16,33,318"
03/26/2008,W,"10,50,176","6,03,440","16,53,616"
03/27/2008,W,"9,86,130","5,88,572","15,74,702"
03/28/2008,W,"10,53,516","6,04,448","16,57,964"
03/29/2008,A,"6,88,035","3,19,080","10,07,115"
03/30/2008,U,"4,42,777","2,33,663","6,76,440"
03/31/2008,W,"10,08,940","6,22,143","16,31,083"
04-01-2008,W,"11,14,418","6,37,976","17,52,394"
04-02-2008,W,"11,18,495","6,61,969","17,80,464"
04-03-2008,W,"11,12,511","6,63,802","17,76,313"
04-04-2008,W,"11,15,690","6,53,351","17,69,041"
04-05-2008,A,"7,65,299","3,56,215","11,21,514"
04-06-2008,U,"5,23,895","2,49,096","7,72,991"
04-07-2008,W,"10,84,375","6,38,419","17,22,794"
04-08-2008,W,"10,63,269","6,28,618","16,91,887"
04-09-2008,W,"10,92,341","6,46,940","17,39,281"
04-10-2008,W,"9,94,944","6,20,427","16,15,371"
04-11-2008,W,"9,99,556","6,29,067","16,28,623"
04-12-2008,A,"6,64,161","3,02,616","9,66,777"
04/13/2008,U,"4,79,293","2,16,008","6,95,301"
04/14/2008,W,"10,88,485","6,35,754","17,24,239"
04/15/2008,W,"11,27,401","6,49,135","17,76,536"
04/16/2008,W,"10,64,026","6,61,463","17,25,489"
04/17/2008,W,"10,91,387","6,65,873","17,57,260"
04/18/2008,W,"10,97,367","6,52,105","17,49,472"
04/19/2008,A,"6,86,540","3,40,662","10,27,202"
04/20/2008,U,"5,19,280","2,66,945","7,86,225"
04/21/2008,W,"10,88,521","6,51,232","17,39,753"
04/22/2008,W,"10,85,729","6,71,423","17,57,152"
04/23/2008,W,"10,55,157","6,50,232","17,05,389"
04/24/2008,W,"10,21,163","6,49,514","16,70,677"
04/25/2008,W,"10,54,844","6,29,468","16,84,312"
04/26/2008,A,"6,98,927","3,19,314","10,18,241"
04/27/2008,U,"4,81,571","2,25,896","7,07,467"
04/28/2008,W,"10,09,567","6,06,882","16,16,449"
04/29/2008,W,"10,91,930","6,52,034","17,43,964"
04/30/2008,W,"11,04,713","6,62,503","17,67,216"
05-01-2008,W,"11,29,443","6,80,679","18,10,122"
05-02-2008,W,"10,82,350","6,41,332","17,23,682"
05-03-2008,A,"7,16,121","3,44,446","10,60,567"
05-04-2008,U,"5,36,640","2,45,821","7,82,461"
05-05-2008,W,"11,11,775","6,33,266","17,45,041"
05-06-2008,W,"11,22,716","6,51,484","17,74,200"
05-07-2008,W,"10,45,666","6,31,068","16,76,734"
05-08-2008,W,"11,12,033","6,55,364","17,67,397"
05-09-2008,W,"11,17,011","6,59,889","17,76,900"
05-10-2008,A,"7,42,741","3,26,525","10,69,266"
05-11-2008,U,"4,09,987","1,93,452","6,03,439"
05-12-2008,W,"10,70,403","6,30,574","17,00,977"
05/13/2008,W,"10,92,576","6,52,724","17,45,300"
05/14/2008,W,"10,83,589","6,50,904","17,34,493"
05/15/2008,W,"10,92,014","6,62,730","17,54,744"
05/16/2008,W,"11,10,816","6,68,057","17,78,873"
05/17/2008,A,"7,49,048","3,50,884","10,99,932"
05/18/2008,U,"5,18,114","2,48,679","7,66,793"
05/19/2008,W,"10,76,847","6,14,865","16,91,712"
05/20/2008,W,"10,85,719","6,34,661","17,20,380"
05/21/2008,W,"11,08,988","6,47,342","17,56,330"
05/22/2008,W,"10,97,500","6,49,513","17,47,013"
05/23/2008,W,"10,74,370","6,22,769","16,97,139"
05/24/2008,A,"6,92,374","3,71,905","10,64,279"
05/25/2008,U,"5,02,997","2,84,612","7,87,609"
05/26/2008,U,"4,60,848","2,74,870","7,35,718"
05/27/2008,W,"10,26,141","6,26,634","16,52,775"
05/28/2008,W,"11,05,899","6,47,402","17,53,301"
05/29/2008,W,"10,90,598","6,53,634","17,44,232"
05/30/2008,W,"10,79,526","6,37,842","17,17,368"
05/31/2008,A,"7,88,945","3,74,327","11,63,272"
06-01-2008,U,"5,66,162","2,79,274","8,45,436"
06-02-2008,W,"10,98,574","6,38,006","17,36,580"
06-03-2008,W,"10,73,873","6,43,040","17,16,913"
06-04-2008,W,"11,14,498","6,56,098","17,70,596"
06-05-2008,W,"11,04,182","6,73,642","17,77,824"
06-06-2008,W,"10,87,144","6,61,938","17,49,082"
06-07-2008,A,"7,08,308","3,58,623","10,66,931"
06-08-2008,U,"4,94,209","2,81,814","7,76,023"
06-09-2008,W,"10,32,999","6,30,410","16,63,409"
06-10-2008,W,"11,17,614","6,85,952","18,03,566"
06-11-2008,W,"11,00,852","6,96,784","17,97,636"
06-12-2008,W,"10,26,283","6,81,143","17,07,426"
06/13/2008,W,"10,84,190","6,55,268","17,39,458"
06/14/2008,A,"7,85,252","3,68,109","11,53,361"
06/15/2008,U,"4,95,972","2,35,961","7,31,933"
06/16/2008,W,"9,99,214","6,14,395","16,13,609"
06/17/2008,W,"10,33,341","6,43,362","16,76,703"
06/18/2008,W,"10,43,814","6,54,284","16,98,098"
06/19/2008,W,"10,37,717","6,59,852","16,97,569"
06/20/2008,W,"9,96,558","6,62,324","16,58,882"
06/21/2008,A,"7,41,561","3,99,150","11,40,711"
06/22/2008,U,"5,31,761","2,82,226","8,13,987"
06/23/2008,W,"10,19,631","6,25,987","16,45,618"
06/24/2008,W,"10,46,337","6,66,522","17,12,859"
06/25/2008,W,"10,05,969","6,62,936","16,68,905"
06/26/2008,W,"10,52,301","6,85,526","17,37,827"
06/27/2008,W,"10,19,687","6,93,555","17,13,242"
06/28/2008,A,"7,30,245","4,83,016","12,13,261"
06/29/2008,U,"5,05,046","4,12,562","9,17,608"
06/30/2008,W,"10,37,295","6,79,631","17,16,926"
07-01-2008,W,"10,98,281","6,94,175","17,92,456"
07-02-2008,W,"10,43,654","6,75,750","17,19,404"
07-03-2008,W,"11,43,777","9,05,742","20,49,519"
07-04-2008,U,"6,06,974","4,21,170","10,28,144"
07-05-2008,A,"6,75,949","4,09,554","10,85,503"
07-06-2008,U,"5,20,542","3,24,341","8,44,883"
07-07-2008,W,"9,90,782","6,08,485","15,99,267"
07-08-2008,W,"10,52,665","6,66,338","17,19,003"
07-09-2008,W,"10,93,064","6,86,636","17,79,700"
07-10-2008,W,"10,29,219","6,74,645","17,03,864"
07-11-2008,W,"10,59,114","6,82,404","17,41,518"
07-12-2008,A,"7,18,369","3,61,910","10,80,279"
07/13/2008,U,"5,53,236","2,91,565","8,44,801"
07/14/2008,W,"10,58,694","6,37,119","16,95,813"
07/15/2008,W,"10,88,616","6,55,456","17,44,072"
07/16/2008,W,"10,63,054","6,51,228","17,14,282"
07/17/2008,W,"10,70,349","6,56,485","17,26,834"
07/18/2008,W,"10,50,847","6,64,271","17,15,118"
07/19/2008,A,"6,75,968","3,42,834","10,18,802"
07/20/2008,U,"5,46,570","2,84,611","8,31,181"
07/21/2008,W,"10,24,212","6,35,587","16,59,799"
07/22/2008,W,"10,77,279","6,66,303","17,43,582"
07/23/2008,W,"10,82,583","6,72,801","17,55,384"
07/24/2008,W,"10,62,708","6,95,993","17,58,701"
07/25/2008,W,"10,32,058","6,83,549","17,15,607"
07/26/2008,A,"7,33,901","4,46,775","11,80,676"
07/27/2008,U,"5,20,244","2,91,389","8,11,633"
07/28/2008,W,"9,96,509","6,22,637","16,19,146"
07/29/2008,W,"10,14,276","6,54,547","16,68,823"
07/30/2008,W,"10,09,837","6,41,527","16,51,364"
07/31/2008,W,"9,76,117","6,52,936","16,29,053"
08-01-2008,W,"10,81,564","7,66,911","18,48,475"
08-02-2008,A,"7,64,749","5,02,705","12,67,454"
08-03-2008,U,"5,49,191","4,03,165","9,52,356"
08-04-2008,W,"9,29,003","6,36,533","15,65,536"
08-05-2008,W,"9,97,379","6,73,384","16,70,763"
08-06-2008,W,"10,20,516","6,84,080","17,04,596"
08-07-2008,W,"10,24,746","6,83,487","17,08,233"
08-08-2008,W,"10,41,165","7,13,105","17,54,270"
08-09-2008,A,"7,70,627","4,31,699","12,02,326"
08-10-2008,U,"5,42,860","3,14,698","8,57,558"
08-11-2008,W,"9,69,826","6,23,874","15,93,700"
08-12-2008,W,"9,89,226","6,32,942","16,22,168"
08/13/2008,W,"9,73,719","6,27,548","16,01,267"
08/14/2008,W,"9,93,155","6,38,565","16,31,720"
08/15/2008,W,"10,38,006","6,51,338","16,89,344"
08/16/2008,A,"7,48,347","4,14,784","11,63,131"
08/17/2008,U,"5,39,476","3,17,781","8,57,257"
08/18/2008,W,"9,74,311","6,21,522","15,95,833"
08/19/2008,W,"10,12,560","6,62,493","16,75,053"
08/20/2008,W,"10,19,019","6,71,769","16,90,788"
08/21/2008,W,"10,06,682","6,79,508","16,86,190"
08/22/2008,W,"10,09,399","6,77,130","16,86,529"
08/23/2008,A,"7,50,128","3,87,758","11,37,886"
08/24/2008,U,"5,47,427","2,95,072","8,42,499"
08/25/2008,W,"10,12,339","6,31,974","16,44,313"
08/26/2008,W,"10,51,063","6,53,148","17,04,211"
08/27/2008,W,"10,40,926","6,50,396","16,91,322"
08/28/2008,W,"10,22,254","6,78,635","17,00,889"
08/29/2008,W,"10,80,840","6,81,463","17,62,303"
08/30/2008,A,"7,66,930","3,95,205","11,62,135"
08/31/2008,U,"5,57,427","3,25,462","8,82,889"
09-01-2008,U,"5,00,748","2,93,458","7,94,206"
09-02-2008,W,"11,31,494","6,81,719","18,13,213"
09-03-2008,W,"11,66,955","7,10,304","18,77,259"
09-04-2008,W,"10,25,296","6,53,827","16,79,123"
09-05-2008,W,"11,71,756","6,98,545","18,70,301"
09-06-2008,A,"7,78,425","4,16,356","11,94,781"
09-07-2008,U,"5,29,779","2,73,883","8,03,662"
09-08-2008,W,"10,58,699","6,51,127","17,09,826"
09-09-2008,W,"11,76,865","7,12,792","18,89,657"
09-10-2008,W,"11,67,063","7,19,905","18,86,968"
09-11-2008,W,"11,56,490","7,19,806","18,76,296"
09-12-2008,W,"11,20,112","7,00,943","18,21,055"
09/13/2008,A,"5,97,639","3,17,145","9,14,784"
09/14/2008,U,"3,99,483","2,31,026","6,30,509"
09/15/2008,W,"11,40,716","6,92,029","18,32,745"
09/16/2008,W,"11,68,626","7,31,344","18,99,970"
09/17/2008,W,"11,72,871","7,40,575","19,13,446"
09/18/2008,W,"11,69,932","7,39,141","19,09,073"
09/19/2008,W,"11,74,967","7,43,560","19,18,527"
09/20/2008,A,"7,91,707","4,47,679","12,39,386"
09/21/2008,U,"5,51,489","3,17,922","8,69,411"
09/22/2008,W,"11,40,486","6,90,356","18,30,842"
09/23/2008,W,"11,63,232","7,07,370","18,70,602"
09/24/2008,W,"11,48,720","7,13,572","18,62,292"
09/25/2008,W,"11,62,318","7,20,003","18,82,321"
09/26/2008,W,"10,90,515","7,08,141","17,98,656"
09/27/2008,A,"7,53,562","4,09,500","11,63,062"
09/28/2008,U,"5,08,469","2,80,560","7,89,029"
09/29/2008,W,"10,74,139","6,71,489","17,45,628"
09/30/2008,W,"11,37,377","7,06,085","18,43,462"
10-01-2008,W,"11,97,836","7,24,444","19,22,280"
10-02-2008,W,"11,80,204","7,31,452","19,11,656"
10-03-2008,W,"12,11,992","7,06,967","19,18,959"
10-04-2008,A,"7,78,642","3,87,182","11,65,824"
10-05-2008,U,"5,12,429","2,71,121","7,83,550"
10-06-2008,W,"11,66,019","6,98,883","18,64,902"
10-07-2008,W,"11,33,103","6,89,214","18,22,317"
10-08-2008,W,"11,41,745","6,93,515","18,35,260"
10-09-2008,W,"11,61,478","7,03,190","18,64,668"
10-10-2008,W,"11,69,810","7,16,085","18,85,895"
10-11-2008,A,"7,50,797","4,44,185","11,94,982"
10-12-2008,U,"4,95,211","4,36,316","9,31,527"
10/13/2008,W,"9,09,500","5,99,831","15,09,331"
10/14/2008,W,"11,65,787","7,04,419","18,70,206"
10/15/2008,W,"11,15,651","6,94,445","18,10,096"
10/16/2008,W,"11,66,556","7,15,760","18,82,316"
10/17/2008,W,"11,62,723","7,09,679","18,72,402"
10/18/2008,A,"7,66,941","4,25,998","11,92,939"
10/19/2008,U,"5,37,382","2,96,713","8,34,095"
10/20/2008,W,"10,92,061","6,74,708","17,66,769"
10/21/2008,W,"11,58,146","7,01,303","18,59,449"
10/22/2008,W,"11,49,832","6,99,333","18,49,165"
10/23/2008,W,"11,44,729","7,03,527","18,48,256"
10/24/2008,W,"10,36,465","6,75,065","17,11,530"
10/25/2008,A,"7,18,718","3,91,521","11,10,239"
10/26/2008,U,"4,92,388","2,69,253","7,61,641"
10/27/2008,W,"10,85,873","6,77,343","17,63,216"
10/28/2008,W,"11,29,560","6,90,269","18,19,829"
10/29/2008,W,"11,23,289","6,96,994","18,20,283"
10/30/2008,W,"11,42,793","7,09,395","18,52,188"
10/31/2008,W,"11,35,299","7,09,363","18,44,662"
11-01-2008,A,"7,34,026","3,85,865","11,19,891"
11-02-2008,U,"5,25,585","2,78,142","8,03,727"
11-03-2008,W,"11,78,414","6,90,751","18,69,165"
11-04-2008,W,"11,52,333","7,86,405","19,38,738"
11-05-2008,W,"11,56,522","7,15,659","18,72,181"
11-06-2008,W,"11,01,916","6,91,666","17,93,582"
11-07-2008,W,"10,40,709","6,78,770","17,19,479"
11-08-2008,A,"6,75,404","3,98,288","10,73,692"
11-09-2008,U,"4,75,132","2,67,029","7,42,161"
11-10-2008,W,"10,00,224","6,56,658","16,56,882"
11-11-2008,W,"8,91,353","5,99,602","14,90,955"
11-12-2008,W,"10,81,236","6,79,826","17,61,062"
11/13/2008,W,"10,74,912","6,84,049","17,58,961"
11/14/2008,W,"11,33,869","6,83,123","18,16,992"
11/15/2008,A,"6,88,151","3,74,896","10,63,047"
11/16/2008,U,"4,59,244","2,45,130","7,04,374"
11/17/2008,W,"10,80,548","6,52,199","17,32,747"
11/18/2008,W,"10,93,821","6,66,335","17,60,156"
11/19/2008,W,"11,14,917","6,70,515","17,85,432"
11/20/2008,W,"10,85,367","6,70,667","17,56,034"
11/21/2008,W,"10,87,614","6,57,879","17,45,493"
11/22/2008,A,"6,97,641","4,17,656","11,15,297"
11/23/2008,U,"4,77,070","2,43,556","7,20,626"
11/24/2008,W,"10,60,943","6,38,066","16,99,009"
11/25/2008,W,"10,88,066","6,53,433","17,41,499"
11/26/2008,W,"10,32,378","5,99,978","16,32,356"
11/27/2008,U,"3,50,071","1,89,458","5,39,529"
11/28/2008,W,"6,68,376","3,63,454","10,31,830"
11/29/2008,A,"5,95,913","3,20,575","9,16,488"
11/30/2008,U,"3,84,770","2,17,697","6,02,467"
12-01-2008,W,"10,60,059","6,35,852","16,95,911"
12-02-2008,W,"10,95,425","6,52,324","17,47,749"
12-03-2008,W,"11,15,007","6,58,630","17,73,637"
12-04-2008,W,"10,63,682","6,51,130","17,14,812"
12-05-2008,W,"10,28,359","6,28,044","16,56,403"
12-06-2008,A,"5,96,202","3,47,667","9,43,869"
12-07-2008,U,"4,06,475","2,41,719","6,48,194"
12-08-2008,W,"10,39,370","6,18,281","16,57,651"
12-09-2008,W,"10,00,971","6,19,711","16,20,682"
12-10-2008,W,"10,41,145","6,40,709","16,81,854"
12-11-2008,W,"10,59,298","6,53,239","17,12,537"
12-12-2008,W,"10,16,010","6,26,638","16,42,648"
12/13/2008,A,"6,25,939","3,50,799","9,76,738"
12/14/2008,U,"4,40,496","2,47,568","6,88,064"
12/15/2008,W,"8,99,917","5,64,467","14,64,384"
12/16/2008,W,"9,06,945","6,32,719","15,39,664"
12/17/2008,W,"9,82,687","6,15,707","15,98,394"
12/18/2008,W,"9,95,662","6,18,571","16,14,233"
12/19/2008,W,"8,94,131","5,96,207","14,90,338"
12/20/2008,A,"5,89,697","3,35,672","9,25,369"
12/21/2008,U,"2,80,044","1,72,052","4,52,096"
12/22/2008,W,"7,03,302","4,74,711","11,78,013"
12/23/2008,W,"7,42,980","5,01,283","12,44,263"
12/24/2008,W,"6,26,374","3,39,616","9,65,990"
12/25/2008,U,"2,38,727","1,13,322","3,52,049"
12/26/2008,W,"5,64,107","3,21,342","8,85,449"
12/27/2008,A,"5,10,369","2,54,291","7,64,660"
12/28/2008,U,"3,97,897","2,19,334","6,17,231"
12/29/2008,W,"8,13,142","5,03,359","13,16,501"
12/30/2008,W,"8,20,666","5,23,516","13,44,182"
12/31/2008,W,"7,43,027","4,80,797","12,23,824"
01-01-2009,U,"3,38,779","2,38,590","5,77,369"
01-02-2009,W,"7,65,802","4,43,439","12,09,241"
01-03-2009,A,"5,80,506","2,93,634","8,74,140"
01-04-2009,U,"4,02,180","2,13,098","6,15,278"
01-05-2009,W,"10,12,207","5,91,455","16,03,662"
01-06-2009,W,"10,06,184","6,00,314","16,06,498"
01-07-2009,W,"9,91,858","6,06,481","15,98,339"
01-08-2009,W,"10,00,931","6,06,524","16,07,455"
01-09-2009,W,"9,85,250","6,25,043","16,10,293"
01-10-2009,A,"5,21,906","3,04,657","8,26,563"
01-11-2009,U,"3,90,151","2,19,600","6,09,751"
01-12-2009,W,"10,09,651","6,29,944","16,39,595"
01/13/2009,W,"9,52,091","6,15,363","15,67,454"
01/14/2009,W,"9,05,548","6,20,646","15,26,194"
01/15/2009,W,"7,55,677","5,32,219","12,87,896"
01/16/2009,W,"8,22,136","5,42,180","13,64,316"
01/17/2009,A,"5,53,273","3,02,764","8,56,037"
01/18/2009,U,"3,97,317","2,24,910","6,22,227"
01/19/2009,W,"6,65,251","4,09,551","10,74,802"
01/20/2009,W,"10,18,227","6,24,553","16,42,780"
01/21/2009,W,"10,68,170","6,47,903","17,16,073"
01/22/2009,W,"10,82,611","6,57,786","17,40,397"
01/23/2009,W,"9,79,795","6,22,633","16,02,428"
01/24/2009,A,"5,61,515","3,16,086","8,77,601"
01/25/2009,U,"3,76,302","2,15,452","5,91,754"
01/26/2009,W,"10,24,953","6,33,365","16,58,318"
01/27/2009,W,"10,50,873","6,46,578","16,97,451"
01/28/2009,W,"10,44,085","6,53,089","16,97,174"
01/29/2009,W,"10,40,926","6,48,114","16,89,040"
01/30/2009,W,"10,59,741","6,27,734","16,87,475"
01/31/2009,A,"6,67,780","3,40,757","10,08,537"
02-01-2009,U,"4,59,271","2,42,773","7,02,044"
02-02-2009,W,"10,62,276","6,28,819","16,91,095"
02-03-2009,W,"10,58,730","6,36,578","16,95,308"
02-04-2009,W,"10,26,435","6,31,042","16,57,477"
02-05-2009,W,"10,64,605","6,43,718","17,08,323"
02-06-2009,W,"10,90,042","6,39,394","17,29,436"
02-07-2009,A,"7,22,336","3,87,825","11,10,161"
02-08-2009,U,"4,69,249","2,45,082","7,14,331"
02-09-2009,W,"10,61,620","6,34,229","16,95,849"
02-10-2009,W,"11,21,451","6,66,014","17,87,465"
02-11-2009,W,"10,01,838","6,37,558","16,39,396"
02-12-2009,W,"9,43,891","6,20,278","15,64,169"
02/13/2009,W,"10,08,863","6,43,066","16,51,929"
02/14/2009,A,"7,11,324","3,88,028","10,99,352"
02/15/2009,U,"4,66,104","2,62,442","7,28,546"
02/16/2009,W,"7,65,356","4,86,133","12,51,489"
02/17/2009,W,"10,87,248","6,54,156","17,41,404"
02/18/2009,W,"10,30,930","6,37,389","16,68,319"
02/19/2009,W,"10,04,978","6,39,414","16,44,392"
02/20/2009,W,"10,32,282","6,32,936","16,65,218"
02/21/2009,A,"5,78,539","3,29,252","9,07,791"
02/22/2009,U,"4,22,899","2,31,506","6,54,405"
02/23/2009,W,"10,30,913","6,19,409","16,50,322"
02/24/2009,W,"10,72,167","6,42,992","17,15,159"
02/25/2009,W,"10,82,105","6,50,665","17,32,770"
02/26/2009,W,"9,81,515","6,24,424","16,05,939"
02/27/2009,W,"10,45,953","6,31,269","16,77,222"
02/28/2009,A,"6,39,146","3,49,295","9,88,441"
03-01-2009,U,"3,85,236","2,19,552","6,04,788"
03-02-2009,W,"8,66,001","5,70,796","14,36,797"
03-03-2009,W,"10,95,720","6,42,501","17,38,221"
03-04-2009,W,"10,98,350","6,48,398","17,46,748"
03-05-2009,W,"11,05,607","6,58,867","17,64,474"
03-06-2009,W,"11,06,466","6,53,708","17,60,174"
03-07-2009,A,"5,64,839","3,19,673","8,84,512"
03-08-2009,U,"3,67,983","2,12,484","5,80,467"
03-09-2009,W,"10,73,249","6,38,209","17,11,458"
03-10-2009,W,"10,26,177","6,36,119","16,62,296"
03-11-2009,W,"10,58,738","6,49,963","17,08,701"
03-12-2009,W,"10,39,462","6,46,252","16,85,714"
03/13/2009,W,"10,75,419","6,56,181","17,31,600"
03/14/2009,A,"6,99,923","4,71,323","11,71,246"
03/15/2009,U,"4,84,927","2,86,972","7,71,899"
03/16/2009,W,"10,40,208","6,48,040","16,88,248"
03/17/2009,W,"11,10,747","6,83,241","17,93,988"
03/18/2009,W,"10,51,328","6,53,127","17,04,455"
03/19/2009,W,"10,73,688","6,56,286","17,29,974"
03/20/2009,W,"10,64,573","6,43,149","17,07,722"
03/21/2009,A,"6,84,551","3,77,094","10,61,645"
03/22/2009,U,"4,71,865","2,60,374","7,32,239"
03/23/2009,W,"10,07,657","5,98,236","16,05,893"
03/24/2009,W,"10,23,641","6,16,038","16,39,679"
03/25/2009,W,"10,52,157","6,25,381","16,77,538"
03/26/2009,W,"10,53,676","6,33,781","16,87,457"
03/27/2009,W,"9,69,091","6,14,690","15,83,781"
03/28/2009,A,"5,82,316","3,31,568","9,13,884"
03/29/2009,U,"3,60,851","2,29,406","5,90,257"
03/30/2009,W,"10,44,468","6,28,992","16,73,460"
03/31/2009,W,"10,07,561","6,28,945","16,36,506"
04-01-2009,W,"11,03,516","6,58,559","17,62,075"
04-02-2009,W,"10,17,567","6,49,643","16,67,210"
04-03-2009,W,"10,94,889","6,53,334","17,48,223"
04-04-2009,A,"6,96,212","3,90,735","10,86,947"
04-05-2009,U,"3,94,704","2,36,381","6,31,085"
04-06-2009,W,"8,78,367","5,93,691","14,72,058"
04-07-2009,W,"9,48,719","6,36,189","15,84,908"
04-08-2009,W,"9,63,532","6,42,963","16,06,495"
04-09-2009,W,"9,52,099","6,38,401","15,90,500"
04-10-2009,W,"8,66,040","5,62,197","14,28,237"
04-11-2009,A,"6,41,437","3,49,911","9,91,348"
04-12-2009,U,"4,23,274","2,28,889","6,52,163"
04/13/2009,W,"9,37,261","6,19,681","15,56,942"
04/14/2009,W,"10,28,849","6,42,703","16,71,552"
04/15/2009,W,"10,73,275","6,82,839","17,56,114"
04/16/2009,W,"10,82,379","6,92,868","17,75,247"
04/17/2009,W,"10,87,613","6,95,313","17,82,926"
04/18/2009,A,"6,90,066","4,21,519","11,11,585"
04/19/2009,U,"3,98,430","2,43,756","6,42,186"
04/20/2009,W,"10,07,645","6,29,066","16,36,711"
04/21/2009,W,"10,30,738","6,59,154","16,89,892"
04/22/2009,W,"10,40,599","6,79,753","17,20,352"
04/23/2009,W,"10,39,524","6,88,741","17,28,265"
04/24/2009,W,"10,84,984","6,79,180","17,64,164"
04/25/2009,A,"6,12,802","3,58,235","9,71,037"
04/26/2009,U,"4,22,437","2,51,595","6,74,032"
04/27/2009,W,"9,72,593","6,33,164","16,05,757"
04/28/2009,W,"10,43,138","6,50,112","16,93,250"
04/29/2009,W,"10,45,681","6,48,841","16,94,522"
04/30/2009,W,"9,99,397","6,60,465","16,59,862"
05-01-2009,W,"11,16,163","6,77,684","17,93,847"
05-02-2009,A,"7,64,832","3,99,421","11,64,253"
05-03-2009,U,"5,28,055","2,91,070","8,19,125"
05-04-2009,W,"10,81,915","6,67,219","17,49,134"
05-05-2009,W,"10,91,934","6,80,732","17,72,666"
05-06-2009,W,"10,40,297","6,50,834","16,91,131"
05-07-2009,W,"10,71,031","6,75,865","17,46,896"
05-08-2009,W,"10,84,713","6,57,966","17,42,679"
05-09-2009,A,"6,74,760","3,43,099","10,17,859"
05-10-2009,U,"4,74,595","2,49,540","7,24,135"
05-11-2009,W,"10,19,002","6,20,480","16,39,482"
05-12-2009,W,"10,70,549","6,75,570","17,46,119"
05/13/2009,W,"9,79,697","6,40,084","16,19,781"
05/14/2009,W,"10,74,183","6,90,670","17,64,853"
05/15/2009,W,"9,85,291","6,50,805","16,36,096"
05/16/2009,A,"7,46,301","4,06,577","11,52,878"
05/17/2009,U,"5,11,550","2,93,680","8,05,230"
05/18/2009,W,"10,45,190","6,23,839","16,69,029"
05/19/2009,W,"10,72,111","6,50,975","17,23,086"
05/20/2009,W,"10,85,546","6,64,197","17,49,743"
05/21/2009,W,"10,70,609","6,63,646","17,34,255"
05/22/2009,W,"10,52,067","6,37,603","16,89,670"
05/23/2009,A,"7,00,549","3,67,228","10,67,777"
05/24/2009,U,"5,11,582","2,88,558","8,00,140"
05/25/2009,U,"4,09,208","2,58,452","6,67,660"
05/26/2009,W,"9,98,498","6,34,549","16,33,047"
05/27/2009,W,"10,26,962","6,48,266","16,75,228"
05/28/2009,W,"10,38,163","6,63,980","17,02,143"
05/29/2009,W,"10,64,215","6,77,893","17,42,108"
05/30/2009,A,"6,95,552","3,85,727","10,81,279"
05/31/2009,U,"5,11,749","2,89,239","8,00,988"
06-01-2009,W,"10,11,224","6,19,841","16,31,065"
06-02-2009,W,"10,36,601","6,35,007","16,71,608"
06-03-2009,W,"10,92,082","6,59,178","17,51,260"
06-04-2009,W,"10,78,827","6,65,490","17,44,317"
06-05-2009,W,"10,74,738","6,56,345","17,31,083"
06-06-2009,A,"6,76,207","3,68,951","10,45,158"
06-07-2009,U,"4,89,403","2,64,624","7,54,027"
06-08-2009,W,"10,03,036","6,33,669","16,36,705"
06-09-2009,W,"10,17,857","6,45,412","16,63,269"
06-10-2009,W,"10,10,707","6,55,620","16,66,327"
06-11-2009,W,"8,81,200","6,27,380","15,08,580"
06-12-2009,W,"10,67,730","7,22,970","17,90,700"
06/13/2009,A,"6,19,909","4,29,667","10,49,576"
06/14/2009,U,"5,19,510","3,72,743","8,92,253"
06/15/2009,W,"9,69,271","6,36,444","16,05,715"
06/16/2009,W,"9,13,925","6,44,994","15,58,919"
06/17/2009,W,"9,78,050","6,71,546","16,49,596"
06/18/2009,W,"9,70,757","6,84,946","16,55,703"
06/19/2009,W,"8,68,477","6,22,117","14,90,594"
06/20/2009,A,"7,57,562","4,23,217","11,80,779"
06/21/2009,U,"5,14,773","2,92,519","8,07,292"
06/22/2009,W,"9,57,022","6,23,252","15,80,274"
06/23/2009,W,"9,78,739","6,44,145","16,22,884"
06/24/2009,W,"9,37,838","6,42,145","15,79,983"
06/25/2009,W,"9,69,861","6,59,105","16,28,966"
06/26/2009,W,"9,85,078","7,08,491","16,93,569"
06/27/2009,A,"6,92,627","4,69,970","11,62,597"
06/28/2009,U,"5,16,762","4,69,985","9,86,747"
06/29/2009,W,"9,61,592","6,49,188","16,10,780"
06/30/2009,W,"9,62,402","6,48,809","16,11,211"
07-01-2009,W,"10,03,064","6,80,635","16,83,699"
07-02-2009,W,"10,20,960","7,13,778","17,34,738"
07-03-2009,U,"7,91,721","7,11,335","15,03,056"
07-04-2009,A,"5,40,914","3,94,405","9,35,319"
07-05-2009,U,"5,07,244","3,64,973","8,72,217"
07-06-2009,W,"9,66,889","6,43,223","16,10,112"
07-07-2009,W,"9,77,293","6,70,829","16,48,122"
07-08-2009,W,"9,54,018","6,67,258","16,21,276"
07-09-2009,W,"10,02,646","6,73,821","16,76,467"
07-10-2009,W,"9,38,460","6,72,582","16,11,042"
07-11-2009,A,"7,33,100","4,22,670","11,55,770"
07-12-2009,U,"5,25,978","3,35,349","8,61,327"
07/13/2009,W,"9,75,656","6,38,789","16,14,445"
07/14/2009,W,"9,75,173","6,44,793","16,19,966"
07/15/2009,W,"9,84,189","6,50,434","16,34,623"
07/16/2009,W,"9,90,574","6,83,021","16,73,595"
07/17/2009,W,"9,54,520","6,67,858","16,22,378"
07/18/2009,A,"7,11,371","4,21,356","11,32,727"
07/19/2009,U,"4,93,670","3,11,785","8,05,455"
07/20/2009,W,"9,63,999","6,43,810","16,07,809"
07/21/2009,W,"9,86,777","6,83,790","16,70,567"
07/22/2009,W,"9,73,865","6,54,420","16,28,285"
07/23/2009,W,"9,59,920","6,73,917","16,33,837"
07/24/2009,W,"9,68,278","6,86,977","16,55,255"
07/25/2009,A,"6,93,104","4,67,927","11,61,031"
07/26/2009,U,"4,90,518","3,34,490","8,25,008"
07/27/2009,W,"9,39,982","6,48,312","15,88,294"
07/28/2009,W,"9,56,278","6,67,503","16,23,781"
07/29/2009,W,"9,58,820","6,72,872","16,31,692"
07/30/2009,W,"9,26,905","6,80,056","16,06,961"
07/31/2009,W,"9,97,830","6,74,810","16,72,640"
08-01-2009,A,"7,12,791","3,96,785","11,09,576"
08-02-2009,U,"5,41,877","3,24,804","8,66,681"
08-03-2009,W,"9,45,629","6,12,506","15,58,135"
08-04-2009,W,"9,66,555","6,45,725","16,12,280"
08-05-2009,W,"9,65,266","6,53,026","16,18,292"
08-06-2009,W,"9,58,790","6,73,897","16,32,687"
08-07-2009,W,"9,00,717","6,95,143","15,95,860"
08-08-2009,A,"7,14,606","5,03,501","12,18,107"
08-09-2009,U,"4,92,623","3,83,769","8,76,392"
08-10-2009,W,"9,20,020","6,24,034","15,44,054"
08-11-2009,W,"9,50,753","6,72,387","16,23,140"
08-12-2009,W,"9,51,988","6,66,879","16,18,867"
08/13/2009,W,"9,46,370","6,74,767","16,21,137"
08/14/2009,W,"9,69,081","6,83,249","16,52,330"
08/15/2009,A,"7,22,837","4,72,275","11,95,112"
08/16/2009,U,"4,73,628","3,38,169","8,11,797"
08/17/2009,W,"8,54,426","5,94,551","14,48,977"
08/18/2009,W,"9,48,964","6,36,143","15,85,107"
08/19/2009,W,"9,17,526","6,24,721","15,42,247"
08/20/2009,W,"9,22,627","6,30,083","15,52,710"
08/21/2009,W,"9,46,374","6,33,411","15,79,785"
08/22/2009,A,"7,13,225","3,93,634","11,06,859"
08/23/2009,U,"5,16,846","2,83,806","8,00,652"
08/24/2009,W,"9,66,314","6,34,030","16,00,344"
08/25/2009,W,"9,93,279","6,80,981","16,74,260"
08/26/2009,W,"9,21,926","6,51,492","15,73,418"
08/27/2009,W,"9,34,232","6,64,531","15,98,763"
08/28/2009,W,"9,74,302","6,74,306","16,48,608"
08/29/2009,A,"7,08,836","4,05,427","11,14,263"
08/30/2009,U,"5,05,635","3,02,535","8,08,170"
08/31/2009,W,"9,75,508","6,58,827","16,34,335"
09-01-2009,W,"10,55,167","6,80,368","17,35,535"
09-02-2009,W,"10,32,505","6,82,877","17,15,382"
09-03-2009,W,"10,63,234","7,14,324","17,77,558"
09-04-2009,W,"10,20,694","6,78,461","16,99,155"
09-05-2009,A,"7,01,349","4,28,069","11,29,418"
09-06-2009,U,"5,03,694","3,38,561","8,42,255"
09-07-2009,U,"4,63,198","2,99,374","7,62,572"
09-08-2009,W,"10,04,429","7,09,373","17,13,802"
09-09-2009,W,"10,97,851","7,11,047","18,08,898"
09-10-2009,W,"10,99,979","7,13,849","18,13,828"
09-11-2009,W,"11,14,404","7,43,271","18,57,675"
09-12-2009,A,"7,28,447","4,82,038","12,10,485"
09/13/2009,U,"5,17,813","3,55,437","8,73,250"
09/14/2009,W,"11,01,985","7,14,141","18,16,126"
09/15/2009,W,"11,15,027","7,29,171","18,44,198"
09/16/2009,W,"11,08,929","7,32,849","18,41,778"
09/17/2009,W,"11,12,462","7,45,180","18,57,642"
09/18/2009,W,"11,02,861","7,08,997","18,11,858"
09/19/2009,A,"7,21,408","4,15,652","11,37,060"
09/20/2009,U,"4,80,835","2,92,572","7,73,407"
09/21/2009,W,"10,76,200","6,92,304","17,68,504"
09/22/2009,W,"10,98,839","7,08,391","18,07,230"
09/23/2009,W,"11,02,842","7,18,424","18,21,266"
09/24/2009,W,"10,99,145","7,12,276","18,11,421"
09/25/2009,W,"10,10,229","6,97,003","17,07,232"
09/26/2009,A,"7,02,445","4,26,960","11,29,405"
09/27/2009,U,"4,94,098","2,95,158","7,89,256"
09/28/2009,W,"10,25,351","6,59,478","16,84,829"
09/29/2009,W,"10,70,466","7,01,863","17,72,329"
09/30/2009,W,"10,92,412","7,23,123","18,15,535"
10-01-2009,W,"10,92,443","7,14,559","18,07,002"
10-02-2009,W,"10,94,376","7,10,954","18,05,330"
10-03-2009,A,"7,15,566","4,15,308","11,30,874"
10-04-2009,U,"5,14,280","3,09,529","8,23,809"
10-05-2009,W,"11,10,701","6,90,993","18,01,694"
10-06-2009,W,"10,71,550","6,93,172","17,64,722"
10-07-2009,W,"11,11,089","7,14,396","18,25,485"
10-08-2009,W,"10,63,003","7,14,502","17,77,505"
10-09-2009,W,"10,23,705","6,89,843","17,13,548"
10-10-2009,A,"6,76,836","4,33,332","11,10,168"
10-11-2009,U,"4,36,381","4,28,201","8,64,582"
10-12-2009,W,"8,27,772","5,94,084","14,21,856"
10/13/2009,W,"11,02,805","7,06,201","18,09,006"
10/14/2009,W,"10,77,269","7,03,009","17,80,278"
10/15/2009,W,"10,52,994","7,12,178","17,65,172"
10/16/2009,W,"10,67,868","7,08,838","17,76,706"
10/17/2009,A,"6,92,682","4,20,801","11,13,483"
10/18/2009,U,"4,94,901","2,96,936","7,91,837"
10/19/2009,W,"10,94,468","6,97,391","17,91,859"
10/20/2009,W,"10,95,869","7,09,084","18,04,953"
10/21/2009,W,"11,10,910","7,14,863","18,25,773"
10/22/2009,W,"10,51,505","7,08,978","17,60,483"
10/23/2009,W,"9,32,000","6,64,168","15,96,168"
10/24/2009,A,"6,72,636","3,94,925","10,67,561"
10/25/2009,U,"4,71,453","2,78,478","7,49,931"
10/26/2009,W,"10,45,756","6,73,242","17,18,998"
10/27/2009,W,"11,06,013","6,99,054","18,05,067"
10/28/2009,W,"10,91,208","6,99,543","17,90,751"
10/29/2009,W,"10,96,369","7,15,628","18,11,997"
10/30/2009,W,"10,35,778","6,80,089","17,15,867"
10/31/2009,A,"6,98,324","4,06,844","11,05,168"
11-01-2009,U,"4,94,777","2,90,701","7,85,478"
11-02-2009,W,"10,99,218","6,81,759","17,80,977"
11-03-2009,W,"11,36,686","6,97,012","18,33,698"
11-04-2009,W,"11,05,418","6,95,322","18,00,740"
11-05-2009,W,"11,14,979","7,10,657","18,25,636"
11-06-2009,W,"10,15,815","6,83,216","16,99,031"
11-07-2009,A,"7,23,832","4,19,045","11,42,877"
11-08-2009,U,"5,12,125","2,97,504","8,09,629"
11-09-2009,W,"10,76,270","6,73,433","17,49,703"
11-10-2009,W,"10,90,758","6,86,972","17,77,730"
11-11-2009,W,"9,08,424","6,20,355","15,28,779"
11-12-2009,W,"10,97,428","7,09,937","18,07,365"
11/13/2009,W,"10,92,994","6,93,142","17,86,136"
11/14/2009,A,"6,94,924","4,10,234","11,05,158"
11/15/2009,U,"4,60,225","2,74,484","7,34,709"
11/16/2009,W,"10,61,332","6,68,884","17,30,216"
11/17/2009,W,"10,60,364","6,77,993","17,38,357"
11/18/2009,W,"10,43,248","6,76,849","17,20,097"
11/19/2009,W,"10,21,173","6,82,045","17,03,218"
11/20/2009,W,"11,05,710","6,92,325","17,98,035"
11/21/2009,A,"7,02,789","4,82,859","11,85,648"
11/22/2009,U,"4,85,345","2,97,371","7,82,716"
11/23/2009,W,"10,73,100","6,65,885","17,38,985"
11/24/2009,W,"10,54,145","6,65,966","17,20,111"
11/25/2009,W,"9,97,101","6,12,769","16,09,870"
11/26/2009,U,"3,29,214","1,88,829","5,18,043"
11/27/2009,W,"6,47,293","3,78,145","10,25,438"
11/28/2009,A,"5,87,950","3,42,511","9,30,461"
11/29/2009,U,"3,99,383","2,38,190","6,37,573"
11/30/2009,W,"10,48,329","6,50,622","16,98,951"
12-01-2009,W,"11,30,467","6,82,786","18,13,253"
12-02-2009,W,"10,94,833","6,73,684","17,68,517"
12-03-2009,W,"10,98,849","6,86,030","17,84,879"
12-04-2009,W,"9,73,336","6,52,626","16,25,962"
12-05-2009,A,"6,71,524","3,85,396","10,56,920"
12-06-2009,U,"4,61,240","2,76,654","7,37,894"
12-07-2009,W,"10,34,149","6,43,604","16,77,753"
12-08-2009,W,"10,31,237","6,61,097","16,92,334"
12-09-2009,W,"9,85,064","6,49,445","16,34,509"
12-10-2009,W,"8,75,574","5,98,439","14,74,013"
12-11-2009,W,"9,80,494","6,27,993","16,08,487"
12-12-2009,A,"6,53,142","3,71,427","10,24,569"
12/13/2009,U,"4,57,587","2,65,706","7,23,293"
12/14/2009,W,"10,03,184","6,16,209","16,19,393"
12/15/2009,W,"9,88,681","6,19,534","16,08,215"
12/16/2009,W,"9,68,963","6,14,739","15,83,702"
12/17/2009,W,"9,95,849","6,24,996","16,20,845"
12/18/2009,W,"10,05,529","6,23,684","16,29,213"
12/19/2009,A,"6,12,039","3,50,048","9,62,087"
12/20/2009,U,"4,41,105","2,57,984","6,99,089"
12/21/2009,W,"8,48,265","5,48,679","13,96,944"
12/22/2009,W,"8,18,602","5,46,637","13,65,239"
12/23/2009,W,"7,78,855","4,98,841","12,77,696"
12/24/2009,W,"5,84,096","3,03,611","8,87,707"
12/25/2009,U,"2,49,347","1,21,545","3,70,892"
12/26/2009,A,"4,64,351","2,37,093","7,01,444"
12/27/2009,U,"3,68,183","2,07,527","5,75,710"
12/28/2009,W,"7,40,043","4,69,843","12,09,886"
12/29/2009,W,"7,53,943","4,88,944","12,42,887"
12/30/2009,W,"7,60,344","5,00,436","12,60,780"
12/31/2009,W,"7,50,868","4,61,311","12,12,179"
01-01-2010,U,"3,48,324","2,17,060","5,65,384"
01-02-2010,A,"4,84,655","2,64,011","7,48,666"
01-03-2010,U,"3,54,762","2,00,944","5,55,706"
01-04-2010,W,"9,38,766","5,69,397","15,08,163"
01-05-2010,W,"9,70,860","5,89,044","15,59,904"
01-06-2010,W,"9,80,962","5,98,511","15,79,473"
01-07-2010,W,"9,01,941","6,16,491","15,18,432"
01-08-2010,W,"9,37,662","5,97,434","15,35,096"
01-09-2010,A,"5,50,886","3,10,265","8,61,151"
01-10-2010,U,"3,72,942","2,16,331","5,89,273"
01-11-2010,W,"9,83,964","6,09,826","15,93,790"
01-12-2010,W,"10,12,053","6,26,651","16,38,704"
01/13/2010,W,"10,31,317","6,32,953","16,64,270"
01/14/2010,W,"10,36,398","6,41,827","16,78,225"
01/15/2010,W,"10,43,125","6,34,202","16,77,327"
01/16/2010,A,"6,16,904","3,48,293","9,65,197"
01/17/2010,U,"4,37,665","2,51,971","6,89,636"
01/18/2010,W,"6,72,311","4,16,744","10,89,055"
01/19/2010,W,"10,83,689","6,61,331","17,45,020"
01/20/2010,W,"10,69,450","6,57,695","17,27,145"
01/21/2010,W,"10,37,561","6,59,269","16,96,830"
01/22/2010,W,"10,61,872","6,42,443","17,04,315"
01/23/2010,A,"6,36,107","3,55,143","9,91,250"
01/24/2010,U,"4,16,766","2,39,968","6,56,734"
01/25/2010,W,"10,39,778","6,45,886","16,85,664"
01/26/2010,W,"10,37,134","6,53,753","16,90,887"
01/27/2010,W,"10,22,417","6,48,561","16,70,978"
01/28/2010,W,"10,02,952","6,47,250","16,50,202"
01/29/2010,W,"9,18,474","6,10,943","15,29,417"
01/30/2010,A,"6,36,005","3,58,140","9,94,145"
01/31/2010,U,"4,37,345","2,49,932","6,87,277"
02-01-2010,W,"10,91,041","6,48,428","17,39,469"
02-02-2010,W,"10,62,988","6,51,659","17,14,647"
02-03-2010,W,"11,14,266","6,61,280","17,75,546"
02-04-2010,W,"10,90,369","6,66,455","17,56,824"
02-05-2010,W,"10,47,904","6,41,303","16,89,207"
02-06-2010,A,"6,16,747","3,54,178","9,70,925"
02-07-2010,U,"4,17,214","2,48,644","6,65,858"
02-08-2010,W,"10,06,311","6,37,392","16,43,703"
02-09-2010,W,"9,13,022","6,46,792","15,59,814"
02-10-2010,W,"9,39,412","6,45,430","15,84,842"
02-11-2010,W,"9,21,768","6,57,486","15,79,254"
02-12-2010,W,"8,86,702","6,08,456","14,95,158"
02/13/2010,A,"6,41,619","3,85,945","10,27,564"
02/14/2010,U,"4,86,887","3,09,746","7,96,633"
02/15/2010,W,"7,22,405","4,83,572","12,05,977"
02/16/2010,W,"10,28,597","6,65,769","16,94,366"
02/17/2010,W,"10,28,817","6,63,479","16,92,296"
02/18/2010,W,"10,26,992","6,73,127","17,00,119"
02/19/2010,W,"10,30,451","6,58,459","16,88,910"
02/20/2010,A,"6,25,306","3,79,346","10,04,652"
02/21/2010,U,"4,18,101","2,56,673","6,74,774"
02/22/2010,W,"9,53,759","6,33,739","15,87,498"
02/23/2010,W,"10,15,116","6,59,707","16,74,823"
02/24/2010,W,"9,96,077","6,60,548","16,56,625"
02/25/2010,W,"10,00,799","6,68,380","16,69,179"
02/26/2010,W,"9,99,789","6,49,111","16,48,900"
02/27/2010,A,"6,03,577","3,72,769","9,76,346"
02/28/2010,U,"4,18,652","2,59,369","6,78,021"
03-01-2010,W,"8,93,861","6,06,818","15,00,679"
03-02-2010,W,"10,32,445","6,66,762","16,99,207"
03-03-2010,W,"10,62,280","6,74,355","17,36,635"
03-04-2010,W,"10,51,738","6,80,673","17,32,411"
03-05-2010,W,"10,36,156","6,64,445","17,00,601"
03-06-2010,A,"6,62,470","3,99,749","10,62,219"
03-07-2010,U,"4,18,097","2,57,932","6,76,029"
03-08-2010,W,"10,13,812","6,51,269","16,65,081"
03-09-2010,W,"10,25,242","6,65,192","16,90,434"
03-10-2010,W,"10,30,470","6,70,440","17,00,910"
03-11-2010,W,"9,94,390","6,64,881","16,59,271"
03-12-2010,W,"10,13,971","6,62,812","16,76,783"
03/13/2010,A,"5,93,823","4,43,491","10,37,314"
03/14/2010,U,"4,28,683","2,73,849","7,02,532"
03/15/2010,W,"9,96,747","6,48,605","16,45,352"
03/16/2010,W,"10,36,185","6,79,563","17,15,748"
03/17/2010,W,"10,43,518","6,89,789","17,33,307"
03/18/2010,W,"10,36,643","6,90,207","17,26,850"
03/19/2010,W,"10,22,766","6,63,983","16,86,749"
03/20/2010,A,"5,05,581","3,25,253","8,30,834"
03/21/2010,U,"4,05,115","2,71,794","6,76,909"
03/22/2010,W,"9,81,316","6,17,250","15,98,566"
03/23/2010,W,"10,12,454","6,38,684","16,51,138"
03/24/2010,W,"9,87,466","6,33,221","16,20,687"
03/25/2010,W,"9,49,845","6,29,016","15,78,861"
03/26/2010,W,"9,71,169","6,32,589","16,03,758"
03/27/2010,A,"6,08,093","3,73,225","9,81,318"
03/28/2010,U,"4,13,535","2,60,956","6,74,491"
03/29/2010,W,"8,52,199","6,01,592","14,53,791"
03/30/2010,W,"8,84,276","6,25,592","15,09,868"
03/31/2010,W,"9,01,476","6,45,780","15,47,256"
04-01-2010,W,"9,49,879","6,73,448","16,23,327"
04-02-2010,W,"8,81,173","6,01,009","14,82,182"
04-03-2010,A,"5,83,966","3,40,842","9,24,808"
04-04-2010,U,"4,00,341","2,34,963","6,35,304"
04-05-2010,W,"9,75,213","6,57,842","16,33,055"
04-06-2010,W,"9,84,899","6,64,805","16,49,704"
04-07-2010,W,"9,40,753","6,66,668","16,07,421"
04-08-2010,W,"9,88,825","6,83,625","16,72,450"
04-09-2010,W,"9,48,808","6,79,699","16,28,507"
04-10-2010,A,"6,63,179","4,40,432","11,03,611"
04-11-2010,U,"4,40,552","2,89,141","7,29,693"
04-12-2010,W,"10,08,809","6,89,027","16,97,836"
04/13/2010,W,"10,31,798","6,79,327","17,11,125"
04/14/2010,W,"10,43,690","7,14,316","17,58,006"
04/15/2010,W,"10,40,113","7,28,178","17,68,291"
04/16/2010,W,"10,05,953","7,06,984","17,12,937"
04/17/2010,A,"6,43,599","4,38,658","10,82,257"
04/18/2010,U,"4,43,588","3,09,798","7,53,386"
04/19/2010,W,"10,06,105","6,63,348","16,69,453"
04/20/2010,W,"10,23,621","6,85,488","17,09,109"
04/21/2010,W,"10,10,968","6,82,322","16,93,290"
04/22/2010,W,"9,76,688","6,83,400","16,60,088"
04/23/2010,W,"9,96,166","6,71,480","16,67,646"
04/24/2010,A,"5,88,835","3,85,430","9,74,265"
04/25/2010,U,"3,87,151","2,64,966","6,52,117"
04/26/2010,W,"10,14,665","6,82,134","16,96,799"
04/27/2010,W,"10,22,698","6,97,232","17,19,930"
04/28/2010,W,"9,81,925","6,95,381","16,77,306"
04/29/2010,W,"9,71,157","6,97,327","16,68,484"
04/30/2010,W,"10,32,120","7,07,210","17,39,330"
05-01-2010,A,"6,68,743","4,55,658","11,24,401"
05-02-2010,U,"4,58,651","3,14,736","7,73,387"
05-03-2010,W,"10,51,064","6,73,932","17,24,996"
05-04-2010,W,"10,47,595","6,87,646","17,35,241"
05-05-2010,W,"10,33,684","6,92,081","17,25,765"
05-06-2010,W,"10,30,345","6,90,306","17,20,651"
05-07-2010,W,"9,59,307","6,50,935","16,10,242"
05-08-2010,A,"6,08,071","3,79,017","9,87,088"
05-09-2010,U,"4,39,376","2,82,516","7,21,892"
05-10-2010,W,"9,82,426","6,80,635","16,63,061"
05-11-2010,W,"9,48,970","6,68,287","16,17,257"
05-12-2010,W,"9,87,926","6,82,843","16,70,769"
05/13/2010,W,"9,55,701","6,64,390","16,20,091"
05/14/2010,W,"10,22,640","7,08,596","17,31,236"
05/15/2010,A,"6,32,980","4,28,608","10,61,588"
05/16/2010,U,"4,46,820","3,16,780","7,63,600"
05/17/2010,W,"9,51,092","6,43,233","15,94,325"
05/18/2010,W,"9,76,377","6,69,846","16,46,223"
05/19/2010,W,"10,09,046","6,68,811","16,77,857"
05/20/2010,W,"9,82,640","6,67,152","16,49,792"
05/21/2010,W,"9,49,316","6,56,659","16,05,975"
05/22/2010,A,"6,46,961","4,13,263","10,60,224"
05/23/2010,U,"4,90,423","3,22,958","8,13,381"
05/24/2010,W,"9,74,382","6,50,835","16,25,217"
05/25/2010,W,"10,05,290","6,90,144","16,95,434"
05/26/2010,W,"10,04,824","6,88,396","16,93,220"
05/27/2010,W,"9,95,700","6,97,901","16,93,601"
05/28/2010,W,"9,94,671","6,94,492","16,89,163"
05/29/2010,A,"6,45,684","4,55,979","11,01,663"
05/30/2010,U,"4,80,340","3,67,778","8,48,118"
05/31/2010,U,"3,47,857","2,43,566","5,91,423"
06-01-2010,W,"10,24,767","6,69,261","16,94,028"
06-02-2010,W,"9,90,049","6,63,107","16,53,156"
06-03-2010,W,"10,42,401","6,88,706","17,31,107"
06-04-2010,W,"10,13,014","6,79,386","16,92,400"
06-05-2010,A,"5,96,776","3,90,596","9,87,372"
06-06-2010,U,"4,55,093","3,08,756","7,63,849"
06-07-2010,W,"10,01,595","6,79,492","16,81,087"
06-08-2010,W,"9,31,456","6,52,565","15,84,021"
06-09-2010,W,"10,32,439","7,07,821","17,40,260"
06-10-2010,W,"10,19,373","7,07,755","17,27,128"
06-11-2010,W,"9,79,074","8,45,329","18,24,403"
06-12-2010,A,"6,00,914","4,44,278","10,45,192"
06/13/2010,U,"4,51,434","3,48,910","8,00,344"
06/14/2010,W,"9,55,902","6,62,467","16,18,369"
06/15/2010,W,"9,48,177","6,86,852","16,35,029"
06/16/2010,W,"10,03,968","7,23,671","17,27,639"
06/17/2010,W,"9,54,409","7,19,629","16,74,038"
06/18/2010,W,"9,40,534","6,93,973","16,34,507"
06/19/2010,A,"6,73,052","4,72,662","11,45,714"
06/20/2010,U,"4,65,420","3,01,730","7,67,150"
06/21/2010,W,"8,68,542","6,26,192","14,94,734"
06/22/2010,W,"9,16,810","6,66,558","15,83,368"
06/23/2010,W,"8,20,493","6,27,767","14,48,260"
06/24/2010,W,"9,31,520","6,91,266","16,22,786"
06/25/2010,W,"9,41,751","7,50,414","16,92,165"
06/26/2010,A,"6,46,770","4,67,943","11,14,713"
06/27/2010,U,"4,39,815","4,41,824","8,81,639"
06/28/2010,W,"9,11,187","6,98,735","16,09,922"
06/29/2010,W,"9,19,886","7,16,597","16,36,483"
06/30/2010,W,"9,39,032","7,26,101","16,65,133"
07-01-2010,W,"9,97,162","8,02,022","17,99,184"
07-02-2010,W,"9,48,286","7,28,895","16,77,181"
07-03-2010,A,"6,88,185","4,98,374","11,86,559"
07-04-2010,U,"5,17,771","4,31,068","9,48,839"
07-05-2010,U,"4,90,386","3,38,754","8,29,140"
07-06-2010,W,"9,06,377","6,37,312","15,43,689"
07-07-2010,W,"9,11,994","6,56,096","15,68,090"
07-08-2010,W,"9,13,888","6,65,000","15,78,888"
07-09-2010,W,"9,30,427","6,76,348","16,06,775"
07-10-2010,A,"6,25,843","4,18,254","10,44,097"
07-11-2010,U,"4,41,707","3,04,804","7,46,511"
07-12-2010,W,"9,16,793","6,45,066","15,61,859"
07/13/2010,W,"9,44,367","6,64,923","16,09,290"
07/14/2010,W,"9,38,980","6,70,046","16,09,026"
07/15/2010,W,"9,34,492","7,15,607","16,50,099"
07/16/2010,W,"9,28,476","7,53,901","16,82,377"
07/17/2010,A,"6,53,987","5,18,643","11,72,630"
07/18/2010,U,"4,53,952","3,78,151","8,32,103"
07/19/2010,W,"9,27,114","6,81,084","16,08,198"
07/20/2010,W,"9,38,739","6,92,212","16,30,951"
07/21/2010,W,"9,51,550","7,05,647","16,57,197"
07/22/2010,W,"9,27,185","6,70,399","15,97,584"
07/23/2010,W,"8,79,035","6,77,196","15,56,231"
07/24/2010,A,"5,71,189","4,16,540","9,87,729"
07/25/2010,U,"4,72,911","3,51,173","8,24,084"
07/26/2010,W,"9,15,404","6,58,817","15,74,221"
07/27/2010,W,"9,35,330","6,70,382","16,05,712"
07/28/2010,W,"9,08,070","6,67,607","15,75,677"
07/29/2010,W,"9,33,636","6,84,987","16,18,623"
07/30/2010,W,"9,43,778","6,83,141","16,26,919"
07/31/2010,A,"6,57,365","4,50,680","11,08,045"
08-01-2010,U,"4,91,220","3,48,968","8,40,188"
08-02-2010,W,"9,13,649","6,60,658","15,74,307"
08-03-2010,W,"9,27,125","6,68,186","15,95,311"
08-04-2010,W,"8,80,047","6,63,305","15,43,352"
08-05-2010,W,"9,49,218","6,98,256","16,47,474"
08-06-2010,W,"9,47,220","7,91,899","17,39,119"
08-07-2010,A,"6,68,567","5,51,140","12,19,707"
08-08-2010,U,"4,64,239","4,15,228","8,79,467"
08-09-2010,W,"9,02,342","6,47,949","15,50,291"
08-10-2010,W,"9,09,752","6,62,126","15,71,878"
08-11-2010,W,"9,02,498","6,61,211","15,63,709"
08-12-2010,W,"9,08,352","6,66,665","15,75,017"
08/13/2010,W,"9,18,501","6,65,794","15,84,295"
08/14/2010,A,"6,88,021","4,60,503","11,48,524"
08/15/2010,U,"5,07,105","3,59,893","8,66,998"
08/16/2010,W,"9,07,011","6,48,950","15,55,961"
08/17/2010,W,"9,09,673","6,59,235","15,68,908"
08/18/2010,W,"9,35,381","6,76,787","16,12,168"
08/19/2010,W,"9,40,943","6,88,195","16,29,138"
08/20/2010,W,"9,28,525","6,88,864","16,17,389"
08/21/2010,A,"6,62,928","4,62,355","11,25,283"
08/22/2010,U,"4,70,110","3,36,654","8,06,764"
08/23/2010,W,"9,41,694","6,50,532","15,92,226"
08/24/2010,W,"9,62,622","6,74,401","16,37,023"
08/25/2010,W,"9,73,800","6,89,560","16,63,360"
08/26/2010,W,"9,78,212","6,94,660","16,72,872"
08/27/2010,W,"9,91,691","7,00,296","16,91,987"
08/28/2010,A,"6,78,949","4,58,504","11,37,453"
08/29/2010,U,"4,71,725","3,34,378","8,06,103"
08/30/2010,W,"9,60,273","6,73,150","16,33,423"
08/31/2010,W,"9,80,388","6,93,348","16,73,736"
09-01-2010,W,"10,14,776","6,96,657","17,11,433"
09-02-2010,W,"9,64,759","6,79,832","16,44,591"
09-03-2010,W,"9,96,297","7,21,206","17,17,503"
09-04-2010,A,"6,71,418","4,75,332","11,46,750"
09-05-2010,U,"4,97,194","3,99,389","8,96,583"
09-06-2010,U,"4,53,040","3,19,536","7,72,576"
09-07-2010,W,"10,67,665","7,23,135","17,90,800"
09-08-2010,W,"10,78,904","7,44,212","18,23,116"
09-09-2010,W,"10,53,439","7,29,328","17,82,767"
09-10-2010,W,"10,67,844","7,40,993","18,08,837"
09-11-2010,A,"6,20,475","4,38,303","10,58,778"
09-12-2010,U,"4,78,785","3,43,875","8,22,660"
09/13/2010,W,"10,64,113","7,22,939","17,87,052"
09/14/2010,W,"10,73,013","7,43,702","18,16,715"
09/15/2010,W,"10,77,313","7,57,144","18,34,457"
09/16/2010,W,"10,30,218","7,51,525","17,81,743"
09/17/2010,W,"10,70,710","7,77,601","18,48,311"
09/18/2010,A,"6,02,888","4,57,774","10,60,662"
09/19/2010,U,"4,63,244","3,35,858","7,99,102"
09/20/2010,W,"10,40,338","7,12,870","17,53,208"
09/21/2010,W,"10,68,204","7,50,363","18,18,567"
09/22/2010,W,"10,38,052","7,51,724","17,89,776"
09/23/2010,W,"10,67,715","7,67,134","18,34,849"
09/24/2010,W,"9,66,185","7,50,033","17,16,218"
09/25/2010,A,"6,47,044","4,86,430","11,33,474"
09/26/2010,U,"4,39,578","3,31,103","7,70,681"
09/27/2010,W,"10,30,264","7,25,559","17,55,823"
09/28/2010,W,"10,49,114","7,32,828","17,81,942"
09/29/2010,W,"10,44,807","7,34,953","17,79,760"
09/30/2010,W,"10,40,445","7,48,851","17,89,296"
10-01-2010,W,"10,95,244","7,42,857","18,38,101"
10-02-2010,A,"6,20,784","4,23,372","10,44,156"
10-03-2010,U,"4,51,850","3,07,659","7,59,509"
10-04-2010,W,"10,49,060","7,10,406","17,59,466"
10-05-2010,W,"10,62,843","7,26,247","17,89,090"
10-06-2010,W,"10,57,375","7,30,113","17,87,488"
10-07-2010,W,"10,48,120","7,53,345","18,01,465"
10-08-2010,W,"10,60,557","7,53,053","18,13,610"
10-09-2010,A,"6,83,056","5,03,343","11,86,399"
10-10-2010,U,"4,53,193","4,89,078","9,42,271"
10-11-2010,W,"8,24,834","6,27,449","14,52,283"
10-12-2010,W,"10,68,010","7,36,048","18,04,058"
10/13/2010,W,"10,24,910","7,26,372","17,51,282"
10/14/2010,W,"10,60,257","7,50,943","18,11,200"
10/15/2010,W,"10,67,602","7,53,653","18,21,255"
10/16/2010,A,"6,74,323","4,77,876","11,52,199"
10/17/2010,U,"4,70,817","3,37,407","8,08,224"
10/18/2010,W,"10,38,903","7,17,627","17,56,530"
10/19/2010,W,"10,57,820","7,29,779","17,87,599"
10/20/2010,W,"10,61,125","7,33,950","17,95,075"
10/21/2010,W,"10,53,153","7,47,116","18,00,269"
10/22/2010,W,"9,87,323","7,27,707","17,15,030"
10/23/2010,A,"6,24,770","4,51,848","10,76,618"
10/24/2010,U,"4,43,462","3,19,622","7,63,084"
10/25/2010,W,"10,30,602","7,10,784","17,41,386"
10/26/2010,W,"9,48,119","6,91,241","16,39,360"
10/27/2010,W,"10,51,715","7,39,161","17,90,876"
10/28/2010,W,"10,23,047","7,35,281","17,58,328"
10/29/2010,W,"10,27,443","7,25,760","17,53,203"
10/30/2010,A,"6,53,147","4,47,410","11,00,557"
10/31/2010,U,"4,51,532","3,21,535","7,73,067"
11-01-2010,W,"10,50,239","7,02,890","17,53,129"
11-02-2010,W,"10,53,066","7,11,219","17,64,285"
11-03-2010,W,"10,67,432","7,25,866","17,93,298"
11-04-2010,W,"10,36,639","7,31,024","17,67,663"
11-05-2010,W,"10,34,503","7,23,652","17,58,155"
11-06-2010,A,"6,41,520","4,55,652","10,97,172"
11-07-2010,U,"4,53,831","3,05,880","7,59,711"
11-08-2010,W,"10,46,515","7,09,569","17,56,084"
11-09-2010,W,"10,58,688","7,21,276","17,79,964"
11-10-2010,W,"10,65,459","7,29,087","17,94,546"
11-11-2010,W,"8,82,944","6,60,145","15,43,089"
11-12-2010,W,"9,51,645","7,14,781","16,66,426"
11/13/2010,A,"6,00,900","4,36,971","10,37,871"
11/14/2010,U,"4,83,592","3,06,831","7,90,423"
11/15/2010,W,"10,13,081","7,04,470","17,17,551"
11/16/2010,W,"10,41,704","7,20,439","17,62,143"
11/17/2010,W,"10,33,004","7,17,114","17,50,118"
11/18/2010,W,"9,84,043","7,12,787","16,96,830"
11/19/2010,W,"10,38,686","7,15,507","17,54,193"
11/20/2010,A,"6,40,618","5,45,276","11,85,894"
11/21/2010,U,"4,37,682","2,95,297","7,32,979"
11/22/2010,W,"9,57,125","6,67,375","16,24,500"
11/23/2010,W,"10,06,493","6,98,730","17,05,223"
11/24/2010,W,"8,98,974","6,21,938","15,20,912"
11/25/2010,U,"3,12,756","1,95,258","5,08,014"
11/26/2010,W,"5,57,867","3,69,071","9,26,938"
11/27/2010,A,"5,17,892","3,40,136","8,58,028"
11/28/2010,U,"4,01,514","2,71,093","6,72,607"
11/29/2010,W,"9,74,393","6,58,026","16,32,419"
11/30/2010,W,"9,70,873","6,72,281","16,43,154"
12-01-2010,W,"9,99,878","6,78,039","16,77,917"
12-02-2010,W,"10,08,349","6,88,764","16,97,113"
12-03-2010,W,"9,85,527","6,91,211","16,76,738"
12-04-2010,A,"5,86,500","4,07,739","9,94,239"
12-05-2010,U,"4,06,680","2,77,309","6,83,989"
12-06-2010,W,"9,44,575","6,41,755","15,86,330"
12-07-2010,W,"9,54,467","6,52,015","16,06,482"
12-08-2010,W,"9,68,593","6,62,398","16,30,991"
12-09-2010,W,"9,57,337","6,67,827","16,25,164"
12-10-2010,W,"9,86,800","6,82,824","16,69,624"
12-11-2010,A,"5,73,203","3,88,409","9,61,612"
12-12-2010,U,"3,30,377","2,49,350","5,79,727"
12/13/2010,W,"8,29,736","5,98,167","14,27,903"
12/14/2010,W,"8,88,812","6,23,467","15,12,279"
12/15/2010,W,"9,22,552","6,40,490","15,63,042"
12/16/2010,W,"9,19,713","6,44,539","15,64,252"
12/17/2010,W,"9,32,601","6,42,967","15,75,568"
12/18/2010,A,"5,70,331","3,70,965","9,41,296"
12/19/2010,U,"4,04,153","2,69,162","6,73,315"
12/20/2010,W,"7,91,684","5,73,110","13,64,794"
12/21/2010,W,"7,86,351","5,74,097","13,60,448"
12/22/2010,W,"7,86,757","5,58,711","13,45,468"
12/23/2010,W,"7,40,052","4,89,295","12,29,347"
12/24/2010,W,"5,13,353","2,61,461","7,74,814"
12/25/2010,U,"2,33,266","1,28,261","3,61,527"
12/26/2010,U,"3,46,331","2,15,163","5,61,494"
12/27/2010,W,"6,73,638","4,35,925","11,09,563"
12/28/2010,W,"7,17,933","4,90,978","12,08,911"
12/29/2010,W,"7,31,000","5,13,271","12,44,271"
12/30/2010,W,"7,54,297","5,24,961","12,79,258"
12/31/2010,W,"6,09,114","3,91,713","10,00,827"
01-01-2011,U,"3,42,872","2,39,754","5,82,626"
01-02-2011,U,"3,64,165","2,25,886","5,90,051"
01-03-2011,W,"9,25,770","5,81,035","15,06,805"
01-04-2011,W,"9,46,232","6,21,057","15,67,289"
01-05-2011,W,"9,50,712","6,24,027","15,74,739"
01-06-2011,W,"9,39,518","6,25,246","15,64,764"
01-07-2011,W,"9,27,173","6,22,084","15,49,257"
01-08-2011,A,"5,40,394","3,33,951","8,74,345"
01-09-2011,U,"3,80,762","2,37,361","6,18,123"
01-10-2011,W,"9,66,448","6,39,852","16,06,300"
01-11-2011,W,"9,23,590","6,54,856","15,78,446"
01-12-2011,W,"9,60,115","6,57,426","16,17,541"
01/13/2011,W,"9,69,691","6,61,269","16,30,960"
01/14/2011,W,"9,83,953","6,56,551","16,40,504"
01/15/2011,A,"5,67,710","3,55,580","9,23,290"
01/16/2011,U,"3,86,280","2,60,631","6,46,911"
01/17/2011,W,"6,13,773","4,22,788","10,36,561"
01/18/2011,W,"9,91,055","6,78,327","16,69,382"
01/19/2011,W,"10,06,033","6,79,355","16,85,388"
01/20/2011,W,"9,75,376","6,74,347","16,49,723"
01/21/2011,W,"8,53,208","5,98,356","14,51,564"
01/22/2011,A,"5,22,699","3,30,666","8,53,365"
01/23/2011,U,"3,75,396","2,53,697","6,29,093"
01/24/2011,W,"9,72,155","6,54,573","16,26,728"
01/25/2011,W,"10,06,376","6,80,037","16,86,413"
01/26/2011,W,"10,14,944","6,81,652","16,96,596"
01/27/2011,W,"9,94,412","6,85,346","16,79,758"
01/28/2011,W,"9,30,518","6,55,861","15,86,379"
01/29/2011,A,"6,17,408","3,81,200","9,98,608"
01/30/2011,U,"4,06,547","2,54,689","6,61,236"
01/31/2011,W,"10,01,892","6,70,399","16,72,291"
02-01-2011,W,"8,14,985","6,40,223","14,55,208"
02-02-2011,W,"2,19,234","2,09,287","4,28,521"
02-03-2011,W,"7,32,420","5,80,480","13,12,900"
02-04-2011,W,"9,33,210","7,15,546","16,48,756"
02-05-2011,A,"6,15,765","4,00,440","10,16,205"
02-06-2011,U,"4,02,275","2,73,038","6,75,313"
02-07-2011,W,"9,96,782","6,93,321","16,90,103"
02-08-2011,W,"9,86,388","6,97,441","16,83,829"
02-09-2011,W,"9,41,631","6,76,705","16,18,336"
02-10-2011,W,"9,40,692","6,76,869","16,17,561"
02-11-2011,W,"9,65,062","6,59,696","16,24,758"
02-12-2011,A,"6,63,253","4,15,060","10,78,313"
02/13/2011,U,"4,74,048","3,03,381","7,77,429"
02/14/2011,W,"10,64,293","7,08,790","17,73,083"
02/15/2011,W,"10,41,367","7,02,586","17,43,953"
02/16/2011,W,"10,50,045","7,09,634","17,59,679"
02/17/2011,W,"10,46,143","7,19,471","17,65,614"
02/18/2011,W,"10,53,474","7,10,682","17,64,156"
02/19/2011,A,"6,75,487","4,31,010","11,06,497"
02/20/2011,U,"3,85,554","2,61,695","6,47,249"
02/21/2011,W,"7,06,507","5,04,444","12,10,951"
02/22/2011,W,"10,04,067","6,92,661","16,96,728"
02/23/2011,W,"10,26,312","7,01,009","17,27,321"
02/24/2011,W,"10,30,542","7,08,692","17,39,234"
02/25/2011,W,"10,15,416","6,91,267","17,06,683"
02/26/2011,A,"6,01,634","3,93,242","9,94,876"
02/27/2011,U,"4,19,643","2,78,593","6,98,236"
02/28/2011,W,"10,07,930","6,81,614","16,89,544"
03-01-2011,W,"10,64,543","7,09,683","17,74,226"
03-02-2011,W,"10,38,790","7,02,291","17,41,081"
03-03-2011,W,"10,57,767","7,09,973","17,67,740"
03-04-2011,W,"10,19,568","6,81,216","17,00,784"
03-05-2011,A,"5,81,121","3,75,814","9,56,935"
03-06-2011,U,"4,28,668","2,75,314","7,03,982"
03-07-2011,W,"8,89,994","6,40,899","15,30,893"
03-08-2011,W,"10,54,432","7,10,380","17,64,812"
03-09-2011,W,"10,14,632","6,97,366","17,11,998"
03-10-2011,W,"10,19,921","7,07,389","17,27,310"
03-11-2011,W,"10,47,012","7,08,603","17,55,615"
03-12-2011,A,"6,30,826","5,00,559","11,31,385"
03/13/2011,U,"4,29,046","2,84,406","7,13,452"
03/14/2011,W,"10,19,671","6,86,277","17,05,948"
03/15/2011,W,"10,25,714","6,99,145","17,24,859"
03/16/2011,W,"10,57,440","7,25,095","17,82,535"
03/17/2011,W,"10,39,329","7,30,561","17,69,890"
03/18/2011,W,"10,28,193","7,06,274","17,34,467"
03/19/2011,A,"6,61,882","4,26,128","10,88,010"
03/20/2011,U,"3,97,653","2,63,022","6,60,675"
03/21/2011,W,"10,09,091","6,61,503","16,70,594"
03/22/2011,W,"9,64,687","6,53,024","16,17,711"
03/23/2011,W,"10,00,324","6,67,467","16,67,791"
03/24/2011,W,"9,84,660","6,71,765","16,56,425"
03/25/2011,W,"9,95,334","6,61,865","16,57,199"
03/26/2011,A,"6,03,928","3,87,317","9,91,245"
03/27/2011,U,"4,21,290","2,76,610","6,97,900"
03/28/2011,W,"10,05,055","6,74,351","16,79,406"
03/29/2011,W,"10,18,975","6,88,681","17,07,656"
03/30/2011,W,"10,22,399","6,92,860","17,15,259"
03/31/2011,W,"9,58,648","7,09,483","16,68,131"
04-01-2011,W,"9,60,123","7,12,981","16,73,104"
04-02-2011,A,"6,88,873","4,57,067","11,45,940"
04-03-2011,U,"4,50,017","3,05,328","7,55,345"
04-04-2011,W,"10,21,955","6,95,709","17,17,664"
04-05-2011,W,"10,63,835","7,23,943","17,87,778"
04-06-2011,W,"10,32,831","7,25,191","17,58,022"
04-07-2011,W,"9,82,880","7,19,890","17,02,770"
04-08-2011,W,"10,06,956","7,01,186","17,08,142"
04-09-2011,A,"6,75,312","4,62,038","11,37,350"
04-10-2011,U,"4,83,207","3,59,065","8,42,272"
04-11-2011,W,"9,99,639","6,96,423","16,96,062"
04-12-2011,W,"10,36,334","7,17,458","17,53,792"
04/13/2011,W,"10,40,300","7,21,206","17,61,506"
04/14/2011,W,"10,16,435","7,20,731","17,37,166"
04/15/2011,W,"9,66,032","6,91,935","16,57,967"
04/16/2011,A,"5,87,114","3,98,192","9,85,306"
04/17/2011,U,"4,52,131","3,06,186","7,58,317"
04/18/2011,W,"8,61,574","6,55,013","15,16,587"
04/19/2011,W,"8,62,770","6,27,085","14,89,855"
04/20/2011,W,"8,95,201","6,84,367","15,79,568"
04/21/2011,W,"9,19,676","6,85,284","16,04,960"
04/22/2011,W,"7,67,236","5,83,531","13,50,767"
04/23/2011,A,"6,44,228","4,21,767","10,65,995"
04/24/2011,U,"4,15,484","2,74,724","6,90,208"
04/25/2011,W,"9,70,581","6,85,301","16,55,882"
04/26/2011,W,"10,09,393","7,17,303","17,26,696"
04/27/2011,W,"9,60,037","7,12,176","16,72,213"
04/28/2011,W,"9,72,352","7,10,559","16,82,911"
04/29/2011,W,"10,83,692","7,38,332","18,22,024"
04/30/2011,A,"6,77,693","4,52,569","11,30,262"
05-01-2011,U,"4,74,621","3,20,956","7,95,577"
05-02-2011,W,"10,40,468","6,94,159","17,34,627"
05-03-2011,W,"10,63,059","7,08,526","17,71,585"
05-04-2011,W,"10,68,494","7,18,706","17,87,200"
05-05-2011,W,"10,45,556","7,20,006","17,65,562"
05-06-2011,W,"10,54,724","7,32,966","17,87,690"
05-07-2011,A,"6,42,855","4,43,268","10,86,123"
05-08-2011,U,"4,74,170","3,25,850","8,00,020"
05-09-2011,W,"9,96,746","6,80,206","16,76,952"
05-10-2011,W,"10,50,936","7,34,088","17,85,024"
05-11-2011,W,"10,22,323","7,24,069","17,46,392"
05-12-2011,W,"10,26,861","7,39,195","17,66,056"
05/13/2011,W,"10,05,681","7,28,981","17,34,662"
05/14/2011,A,"5,74,990","4,12,250","9,87,240"
05/15/2011,U,"3,86,219","2,79,473","6,65,692"
05/16/2011,W,"10,02,206","6,83,002","16,85,208"
05/17/2011,W,"10,12,424","6,94,950","17,07,374"
05/18/2011,W,"9,96,766","6,88,457","16,85,223"
05/19/2011,W,"10,14,161","7,05,964","17,20,125"
05/20/2011,W,"10,27,404","7,10,957","17,38,361"
05/21/2011,A,"6,25,518","4,21,143","10,46,661"
05/22/2011,U,"4,60,481","3,21,421","7,81,902"
05/23/2011,W,"9,97,460","6,82,656","16,80,116"
05/24/2011,W,"10,19,381","7,19,974","17,39,355"
05/25/2011,W,"9,32,486","6,76,081","16,08,567"
05/26/2011,W,"9,54,623","6,93,660","16,48,283"
05/27/2011,W,"10,05,068","6,95,755","17,00,823"
05/28/2011,A,"5,86,663","4,20,778","10,07,441"
05/29/2011,U,"3,92,008","3,06,407","6,98,415"
05/30/2011,U,"5,12,702","3,87,955","9,00,657"
05/31/2011,W,"9,76,956","6,83,927","16,60,883"
06-01-2011,W,"10,77,060","7,28,801","18,05,861"
06-02-2011,W,"10,37,191","7,07,569","17,44,760"
06-03-2011,W,"10,84,952","7,53,705","18,38,657"
06-04-2011,A,"6,60,496","4,65,907","11,26,403"
06-05-2011,U,"4,98,740","3,55,072","8,53,812"
06-06-2011,W,"10,26,379","7,23,353","17,49,732"
06-07-2011,W,"10,23,477","7,27,689","17,51,166"
06-08-2011,W,"10,27,909","7,31,488","17,59,397"
06-09-2011,W,"9,25,826","6,77,601","16,03,427"
06-10-2011,W,"9,91,111","6,99,233","16,90,344"
06-11-2011,A,"6,39,456","4,52,885","10,92,341"
06-12-2011,U,"4,92,490","3,88,957","8,81,447"
06/13/2011,W,"10,05,818","7,26,932","17,32,750"
06/14/2011,W,"10,09,778","7,39,810","17,49,588"
06/15/2011,W,"9,27,263","7,08,511","16,35,774"
06/16/2011,W,"9,60,885","7,41,999","17,02,884"
06/17/2011,W,"10,38,570","7,87,772","18,26,342"
06/18/2011,A,"6,68,147","5,02,500","11,70,647"
06/19/2011,U,"4,79,157","3,52,290","8,31,447"
06/20/2011,W,"8,63,375","6,66,828","15,30,203"
06/21/2011,W,"9,28,457","6,98,702","16,27,159"
06/22/2011,W,"9,06,400","6,95,241","16,01,641"
06/23/2011,W,"9,18,605","6,92,002","16,10,607"
06/24/2011,W,"9,23,487","7,14,821","16,38,308"
06/25/2011,A,"6,72,716","5,11,370","11,84,086"
06/26/2011,U,"5,13,140","5,61,689","10,74,829"
06/27/2011,W,"9,15,375","7,02,396","16,17,771"
06/28/2011,W,"9,74,240","7,68,178","17,42,418"
06/29/2011,W,"9,66,399","7,54,551","17,20,950"
06/30/2011,W,"9,47,943","7,53,565","17,01,508"
07-01-2011,W,"9,40,403","7,23,107","16,63,510"
07-02-2011,A,"7,01,711","5,14,859","12,16,570"
07-03-2011,U,"5,46,895","4,41,925","9,88,820"
07-04-2011,U,"5,02,623","3,75,468","8,78,091"
07-05-2011,W,"9,44,119","6,84,091","16,28,210"
07-06-2011,W,"9,61,177","7,11,577","16,72,754"
07-07-2011,W,"9,60,396","7,17,952","16,78,348"
07-08-2011,W,"9,73,648","7,38,968","17,12,616"
07-09-2011,A,"6,88,403","4,87,196","11,75,599"
07-10-2011,U,"4,87,215","3,55,799","8,43,014"
07-11-2011,W,"8,99,672","6,54,659","15,54,331"
07-12-2011,W,"9,53,976","6,95,840","16,49,816"
07/13/2011,W,"9,68,000","7,12,673","16,80,673"
07/14/2011,W,"9,63,077","7,46,693","17,09,770"
07/15/2011,W,"9,60,761","7,67,058","17,27,819"
07/16/2011,A,"6,71,209","5,12,671","11,83,880"
07/17/2011,U,"4,87,492","3,90,269","8,77,761"
07/18/2011,W,"9,12,074","7,08,169","16,20,243"
07/19/2011,W,"9,38,830","7,21,231","16,60,061"
07/20/2011,W,"9,08,375","7,11,617","16,19,992"
07/21/2011,W,"9,01,635","6,93,073","15,94,708"
07/22/2011,W,"8,90,894","7,00,452","15,91,346"
07/23/2011,A,"6,41,738","4,78,455","11,20,193"
07/24/2011,U,"4,40,442","3,46,005","7,86,447"
07/25/2011,W,"9,32,136","6,98,802","16,30,938"
07/26/2011,W,"9,58,271","7,08,596","16,66,867"
07/27/2011,W,"9,26,794","6,97,817","16,24,611"
07/28/2011,W,"9,16,275","6,89,617","16,05,892"
07/29/2011,W,"9,42,044","7,11,542","16,53,586"
07/30/2011,A,"6,77,527","4,72,828","11,50,355"
07/31/2011,U,"4,91,214","3,72,586","8,63,800"
08-01-2011,W,"9,51,492","7,07,492","16,58,984"
08-02-2011,W,"9,21,043","6,82,755","16,03,798"
08-03-2011,W,"9,84,399","7,15,612","17,00,011"
08-04-2011,W,"9,53,514","7,45,527","16,99,041"
08-05-2011,W,"9,68,013","8,22,093","17,90,106"
08-06-2011,A,"6,82,517","5,69,511","12,52,028"
08-07-2011,U,"4,79,588","4,26,721","9,06,309"
08-08-2011,W,"9,12,362","6,92,657","16,05,019"
08-09-2011,W,"9,58,406","7,13,624","16,72,030"
08-10-2011,W,"9,63,575","7,20,504","16,84,079"
08-11-2011,W,"9,57,398","7,09,254","16,66,652"
08-12-2011,W,"9,55,597","7,09,694","16,65,291"
08/13/2011,A,"6,27,401","4,57,851","10,85,252"
08/14/2011,U,"4,70,358","3,58,606","8,28,964"
08/15/2011,W,"9,36,932","6,68,224","16,05,156"
08/16/2011,W,"9,45,179","6,88,071","16,33,250"
08/17/2011,W,"9,43,997","6,92,781","16,36,778"
08/18/2011,W,"9,51,134","7,07,426","16,58,560"
08/19/2011,W,"9,81,727","7,51,679","17,33,406"
08/20/2011,A,"6,22,722","4,72,815","10,95,537"
08/21/2011,U,"5,36,280","4,20,416","9,56,696"
08/22/2011,W,"9,68,715","7,04,225","16,72,940"
08/23/2011,W,"9,14,499","6,88,649","16,03,148"
08/24/2011,W,"9,99,361","7,28,732","17,28,093"
08/25/2011,W,"10,03,797","7,44,805","17,48,602"
08/26/2011,W,"9,97,931","7,10,247","17,08,178"
08/27/2011,A,"6,91,082","4,63,528","11,54,610"
08/28/2011,U,"4,88,275","3,39,049","8,27,324"
08/29/2011,W,"9,88,033","7,12,733","17,00,766"
08/30/2011,W,"9,91,793","7,19,656","17,11,449"
08/31/2011,W,"10,11,858","7,28,047","17,39,905"
09-01-2011,W,"10,47,270","7,39,620","17,86,890"
09-02-2011,W,"10,01,837","7,41,985","17,43,822"
09-03-2011,A,"6,55,947","4,72,827","11,28,774"
09-04-2011,U,"5,29,593","4,32,441","9,62,034"
09-05-2011,U,"4,71,000","3,56,948","8,27,948"
09-06-2011,W,"11,16,811","7,46,632","18,63,443"
09-07-2011,W,"10,79,256","7,73,670","18,52,926"
09-08-2011,W,"10,58,730","7,70,455","18,29,185"
09-09-2011,W,"10,49,654","7,54,824","18,04,478"
09-10-2011,A,"6,65,138","4,86,616","11,51,754"
09-11-2011,U,"4,83,138","3,56,915","8,40,053"
09-12-2011,W,"10,77,578","7,56,209","18,33,787"
09/13/2011,W,"11,01,495","7,75,124","18,76,619"
09/14/2011,W,"10,68,594","7,68,114","18,36,708"
09/15/2011,W,"10,78,395","7,80,369","18,58,764"
09/16/2011,W,"10,61,833","7,74,553","18,36,386"
09/17/2011,A,"6,84,347","5,11,704","11,96,051"
09/18/2011,U,"4,33,064","3,28,422","7,61,486"
09/19/2011,W,"10,56,731","7,58,422","18,15,153"
09/20/2011,W,"10,94,671","7,87,667","18,82,338"
09/21/2011,W,"10,90,762","7,80,222","18,70,984"
09/22/2011,W,"10,76,129","7,70,485","18,46,614"
09/23/2011,W,"10,13,491","7,51,348","17,64,839"
09/24/2011,A,"6,55,360","4,66,534","11,21,894"
09/25/2011,U,"4,48,547","3,33,394","7,81,941"
09/26/2011,W,"10,28,362","7,33,053","17,61,415"
09/27/2011,W,"10,59,305","7,51,659","18,10,964"
09/28/2011,W,"10,53,206","7,59,071","18,12,277"
09/29/2011,W,"10,51,634","7,53,753","18,05,387"
09/30/2011,W,"10,66,348","7,57,321","18,23,669"
10-01-2011,A,"7,01,783","4,80,889","11,82,672"
10-02-2011,U,"4,86,409","3,44,520","8,30,929"
10-03-2011,W,"10,91,676","7,51,034","18,42,710"
10-04-2011,W,"10,90,878","7,67,029","18,57,907"
10-05-2011,W,"10,83,300","7,74,142","18,57,442"
10-06-2011,W,"10,76,741","7,83,363","18,60,104"
10-07-2011,W,"10,74,577","7,83,590","18,58,167"
10-08-2011,A,"6,92,368","5,23,113","12,15,481"
10-09-2011,U,"4,63,310","5,19,453","9,82,763"
10-10-2011,W,"8,57,528","6,69,173","15,26,701"
10-11-2011,W,"10,73,195","7,70,542","18,43,737"
10-12-2011,W,"10,68,602","7,76,561","18,45,163"
10/13/2011,W,"10,11,085","7,73,498","17,84,583"
10/14/2011,W,"10,58,024","7,83,903","18,41,927"
10/15/2011,A,"6,86,909","5,08,391","11,95,300"
10/16/2011,U,"4,57,725","3,51,070","8,08,795"
10/17/2011,W,"10,60,560","7,52,887","18,13,447"
10/18/2011,W,"10,54,603","7,59,917","18,14,520"
10/19/2011,W,"9,87,878","7,38,984","17,26,862"
10/20/2011,W,"10,19,401","7,63,556","17,82,957"
10/21/2011,W,"10,72,848","7,82,981","18,55,829"
10/22/2011,A,"6,78,136","4,97,703","11,75,839"
10/23/2011,U,"4,76,507","3,41,626","8,18,133"
10/24/2011,W,"10,54,251","7,47,402","18,01,653"
10/25/2011,W,"10,66,867","7,57,975","18,24,842"
10/26/2011,W,"10,55,199","7,56,804","18,12,003"
10/27/2011,W,"10,61,301","7,71,358","18,32,659"
10/28/2011,W,"9,93,735","7,58,294","17,52,029"
10/29/2011,A,"6,65,331","4,69,295","11,34,626"
10/30/2011,U,"4,33,281","3,18,565","7,51,846"
10/31/2011,W,"10,27,078","7,34,500","17,61,578"
11-01-2011,W,"10,98,741","7,62,893","18,61,634"
11-02-2011,W,"10,77,675","7,64,539","18,42,214"
11-03-2011,W,"10,11,408","7,55,888","17,67,296"
11-04-2011,W,"10,93,806","7,85,515","18,79,321"
11-05-2011,A,"6,86,104","5,13,654","11,99,758"
11-06-2011,U,"4,77,456","3,31,327","8,08,783"
11-07-2011,W,"10,61,041","7,49,043","18,10,084"
11-08-2011,W,"10,08,764","7,42,973","17,51,737"
11-09-2011,W,"10,36,190","7,59,696","17,95,886"
11-10-2011,W,"9,70,822","7,55,282","17,26,104"
11-11-2011,W,"8,79,535","6,81,237","15,60,772"
11-12-2011,A,"6,60,488","4,74,088","11,34,576"
11/13/2011,U,"4,63,513","3,38,816","8,02,329"
11/14/2011,W,"10,47,638","7,41,813","17,89,451"
11/15/2011,W,"10,79,072","7,70,828","18,49,900"
11/16/2011,W,"10,43,071","7,58,159","18,01,230"
11/17/2011,W,"9,98,699","7,52,834","17,51,533"
11/18/2011,W,"9,65,671","7,43,405","17,09,076"
11/19/2011,A,"6,57,115","5,30,802","11,87,917"
11/20/2011,U,"4,56,466","3,28,721","7,85,187"
11/21/2011,W,"10,39,312","7,26,360","17,65,672"
11/22/2011,W,"9,86,650","7,14,844","17,01,494"
11/23/2011,W,"9,92,006","6,80,837","16,72,843"
11/24/2011,U,"3,40,929","2,35,194","5,76,123"
11/25/2011,W,"6,52,271","4,35,428","10,87,699"
11/26/2011,A,"5,88,157","3,48,525","9,36,682"
11/27/2011,U,"3,97,179","2,74,323","6,71,502"
11/28/2011,W,"10,16,597","7,03,558","17,20,155"
11/29/2011,W,"9,91,030","7,08,638","16,99,668"
11/30/2011,W,"10,43,354","7,30,140","17,73,494"
12-01-2011,W,"10,89,263","7,47,269","18,36,532"
12-02-2011,W,"10,95,431","7,57,734","18,53,165"
12-03-2011,A,"6,62,075","4,61,349","11,23,424"
12-04-2011,U,"4,54,576","3,27,051","7,81,627"
12-05-2011,W,"10,51,712","6,98,735","17,50,447"
12-06-2011,W,"10,35,064","7,12,288","17,47,352"
12-07-2011,W,"10,32,787","7,18,567","17,51,354"
12-08-2011,W,"10,23,297","7,21,739","17,45,036"
12-09-2011,W,"10,06,182","7,26,618","17,32,800"
12-10-2011,A,"6,04,502","4,35,343","10,39,845"
12-11-2011,U,"4,42,689","3,06,703","7,49,392"
12-12-2011,W,"9,88,026","6,73,314","16,61,340"
12/13/2011,W,"10,02,723","6,91,649","16,94,372"
12/14/2011,W,"9,39,524","6,75,577","16,15,101"
12/15/2011,W,"9,94,244","7,01,181","16,95,425"
12/16/2011,W,"10,06,755","7,03,365","17,10,120"
12/17/2011,A,"6,15,724","4,36,091","10,51,815"
12/18/2011,U,"4,55,044","3,25,822","7,80,866"
12/19/2011,W,"9,65,235","6,57,231","16,22,466"
12/20/2011,W,"9,51,363","6,56,796","16,08,159"
12/21/2011,W,"9,48,139","6,49,395","15,97,534"
12/22/2011,W,"9,01,280","6,15,248","15,16,528"
12/23/2011,W,"8,55,427","5,39,186","13,94,613"
12/24/2011,A,"5,09,237","2,62,788","7,72,025"
12/25/2011,U,"2,73,257","1,44,879","4,18,136"
12/26/2011,U,"4,63,630","2,97,972","7,61,602"
12/27/2011,W,"7,21,508","4,98,735","12,20,243"
12/28/2011,W,"7,47,970","5,35,232","12,83,202"
12/29/2011,W,"7,67,769","5,53,630","13,21,399"
12/30/2011,W,"7,62,618","5,28,085","12,90,703"
12/31/2011,A,"5,83,259","4,08,205","9,91,464"
01-01-2012,U,"3,38,458","2,77,156","6,15,614"
01-02-2012,U,"4,27,028","3,00,131","7,27,159"
01-03-2012,W,"8,10,076","6,00,940","14,11,016"
01-04-2012,W,"8,39,010","6,26,372","14,65,382"
01-05-2012,W,"8,41,665","6,52,474","14,94,139"
01-06-2012,W,"8,70,446","6,66,379","15,36,825"
01-07-2012,A,"5,83,725","3,90,564","9,74,289"
01-08-2012,U,"4,11,272","2,75,439","6,86,711"
01-09-2012,W,"9,68,136","6,83,105","16,51,241"
01-10-2012,W,"10,19,667","6,98,468","17,18,135"
01-11-2012,W,"10,36,505","7,09,539","17,46,044"
01-12-2012,W,"9,50,402","7,15,474","16,65,876"
01/13/2012,W,"9,40,512","6,92,943","16,33,455"
01/14/2012,A,"5,57,653","3,77,455","9,35,108"
01/15/2012,U,"4,02,980","2,76,691","6,79,671"
01/16/2012,W,"6,39,506","4,59,803","10,99,309"
01/17/2012,W,"10,16,429","7,25,950","17,42,379"
01/18/2012,W,"10,17,072","7,22,473","17,39,545"
01/19/2012,W,"9,83,178","7,11,259","16,94,437"
01/20/2012,W,"8,26,497","7,46,064","15,72,561"
01/21/2012,A,"5,52,163","3,94,407","9,46,570"
01/22/2012,U,"3,92,633","2,73,772","6,66,405"
01/23/2012,W,"10,10,116","7,10,762","17,20,878"
01/24/2012,W,"10,50,018","7,32,063","17,82,081"
01/25/2012,W,"10,51,823","7,34,192","17,86,015"
01/26/2012,W,"10,52,929","7,39,012","17,91,941"
01/27/2012,W,"9,68,530","7,20,988","16,89,518"
01/28/2012,A,"6,21,329","4,19,586","10,40,915"
01/29/2012,U,"4,16,383","2,93,146","7,09,529"
01/30/2012,W,"10,23,037","7,04,317","17,27,354"
01/31/2012,W,"10,59,681","7,31,360","17,91,041"
02-01-2012,W,"11,11,421","7,36,252","18,47,673"
02-02-2012,W,"10,81,236","7,39,698","18,20,934"
02-03-2012,W,"10,14,951","7,14,336","17,29,287"
02-04-2012,A,"6,61,534","4,18,503","10,80,037"
02-05-2012,U,"4,62,359","2,89,438","7,51,797"
02-06-2012,W,"10,38,157","6,99,926","17,38,083"
02-07-2012,W,"10,40,979","7,21,937","17,62,916"
02-08-2012,W,"10,69,324","7,38,273","18,07,597"
02-09-2012,W,"10,65,885","7,41,959","18,07,844"
02-10-2012,W,"9,82,329","7,15,473","16,97,802"
02-11-2012,A,"5,91,333","3,99,462","9,90,795"
02-12-2012,U,"4,29,977","2,85,739","7,15,716"
02/13/2012,W,"8,82,797","6,53,118","15,35,915"
02/14/2012,W,"10,77,348","7,38,384","18,15,732"
02/15/2012,W,"10,51,929","7,26,359","17,78,288"
02/16/2012,W,"10,58,911","7,36,170","17,95,081"
02/17/2012,W,"10,58,544","7,31,415","17,89,959"
02/18/2012,A,"6,66,760","4,54,131","11,20,891"
02/19/2012,U,"4,75,445","3,22,414","7,97,859"
02/20/2012,W,"7,61,004","5,43,889","13,04,893"
02/21/2012,W,"10,36,038","7,26,162","17,62,200"
02/22/2012,W,"10,52,160","7,32,150","17,84,310"
02/23/2012,W,"10,33,787","7,34,839","17,68,626"
02/24/2012,W,"9,89,267","7,12,507","17,01,774"
02/25/2012,A,"6,30,649","4,17,134","10,47,783"
02/26/2012,U,"4,48,512","2,98,409","7,46,921"
02/27/2012,W,"10,23,956","7,03,435","17,27,391"
02/28/2012,W,"10,39,341","7,20,589","17,59,930"
02/29/2012,W,"10,55,847","7,36,007","17,91,854"
03-01-2012,W,"10,75,076","7,39,664","18,14,740"
03-02-2012,W,"10,31,215","7,05,878","17,37,093"
03-03-2012,A,"6,24,519","4,16,704","10,41,223"
03-04-2012,U,"4,41,120","2,92,334","7,33,454"
03-05-2012,W,"9,13,762","6,51,903","15,65,665"
03-06-2012,W,"10,84,176","7,44,478","18,28,654"
03-07-2012,W,"10,60,619","7,36,849","17,97,468"
03-08-2012,W,"10,49,305","7,35,123","17,84,428"
03-09-2012,W,"10,37,776","7,18,371","17,56,147"
03-10-2012,A,"6,81,263","4,44,574","11,25,837"
03-11-2012,U,"4,82,075","3,16,828","7,98,903"
03-12-2012,W,"10,15,965","7,15,585","17,31,550"
03/13/2012,W,"10,71,861","7,44,918","18,16,779"
03/14/2012,W,"10,87,551","7,62,671","18,50,222"
03/15/2012,W,"10,61,219","7,63,525","18,24,744"
03/16/2012,W,"10,44,828","7,74,035","18,18,863"
03/17/2012,A,"7,55,574","7,08,351","14,63,925"
03/18/2012,U,"5,04,213","3,59,041","8,63,254"
03/19/2012,W,"10,15,401","7,07,467","17,22,868"
03/20/2012,W,"10,43,797","7,18,050","17,61,847"
03/21/2012,W,"10,50,000","7,23,631","17,73,631"
03/22/2012,W,"10,16,361","7,17,170","17,33,531"
03/23/2012,W,"9,45,472","6,85,518","16,30,990"
03/24/2012,A,"6,41,412","4,30,070","10,71,482"
03/25/2012,U,"4,70,355","3,55,696","8,26,051"
03/26/2012,W,"9,96,549","7,00,972","16,97,521"
03/27/2012,W,"10,24,173","7,23,040","17,47,213"
03/28/2012,W,"10,29,545","7,35,639","17,65,184"
03/29/2012,W,"10,13,994","7,34,424","17,48,418"
03/30/2012,W,"10,01,257","7,09,407","17,10,664"
03/31/2012,A,"6,46,169","4,40,893","10,87,062"
04-01-2012,U,"4,77,703","3,21,629","7,99,332"
04-02-2012,W,"9,35,073","6,96,533","16,31,606"
04-03-2012,W,"9,72,756","7,20,709","16,93,465"
04-04-2012,W,"9,54,947","7,24,726","16,79,673"
04-05-2012,W,"9,33,666","7,50,000","16,83,666"
04-06-2012,W,"8,61,696","6,42,047","15,03,743"
04-07-2012,A,"6,37,466","4,34,835","10,72,301"
04-08-2012,U,"4,29,398","2,89,618","7,19,016"
04-09-2012,W,"10,10,279","7,27,154","17,37,433"
04-10-2012,W,"10,38,779","7,51,834","17,90,613"
04-11-2012,W,"10,53,786","7,60,911","18,14,697"
04-12-2012,W,"10,50,150","7,75,089","18,25,239"
04/13/2012,W,"9,58,166","7,41,802","16,99,968"
04/14/2012,A,"6,44,498","4,70,545","11,15,043"
04/15/2012,U,"4,43,006","3,20,025","7,63,031"
04/16/2012,W,"9,96,333","7,13,598","17,09,931"
04/17/2012,W,"10,56,910","7,44,763","18,01,673"
04/18/2012,W,"10,31,225","7,36,936","17,68,161"
04/19/2012,W,"9,89,282","7,43,350","17,32,632"
04/20/2012,W,"9,94,547","7,37,187","17,31,734"
04/21/2012,A,"6,56,064","4,71,715","11,27,779"
04/22/2012,U,"4,48,386","3,33,024","7,81,410"
04/23/2012,W,"10,31,544","7,39,667","17,71,211"
04/24/2012,W,"10,03,275","7,50,511","17,53,786"
04/25/2012,W,"9,78,891","7,40,777","17,19,668"
04/26/2012,W,"10,44,469","7,60,338","18,04,807"
04/27/2012,W,"10,26,691","7,45,495","17,72,186"
04/28/2012,A,"5,92,513","4,25,418","10,17,931"
04/29/2012,U,"4,45,246","3,22,436","7,67,682"
04/30/2012,W,"9,77,200","7,03,630","16,80,830"
05-01-2012,W,"10,73,425","7,43,154","18,16,579"
05-02-2012,W,"10,60,720","7,54,536","18,15,256"
05-03-2012,W,"10,86,032","7,66,616","18,52,648"
05-04-2012,W,"10,54,307","7,78,105","18,32,412"
05-05-2012,A,"6,66,613","4,97,814","11,64,427"
05-06-2012,U,"4,34,634","3,43,213","7,77,847"
05-07-2012,W,"10,00,335","7,31,509","17,31,844"
05-08-2012,W,"10,62,602","7,62,274","18,24,876"
05-09-2012,W,"10,41,744","7,52,170","17,93,914"
05-10-2012,W,"10,36,368","7,43,841","17,80,209"
05-11-2012,W,"10,42,715","7,45,296","17,88,011"
05-12-2012,A,"6,10,945","4,27,440","10,38,385"
05/13/2012,U,"4,55,430","3,21,345","7,76,775"
05/14/2012,W,"9,83,231","7,00,274","16,83,505"
05/15/2012,W,"10,23,348","7,20,962","17,44,310"
05/16/2012,W,"10,13,654","7,34,234","17,47,888"
05/17/2012,W,"10,14,361","7,46,681","17,61,042"
05/18/2012,W,"9,80,261","6,94,037","16,74,298"
05/19/2012,A,"6,46,682","4,65,776","11,12,458"
05/20/2012,U,"4,45,099","3,74,706","8,19,805"
05/21/2012,W,"8,84,516","5,68,256","14,52,772"
05/22/2012,W,"10,14,156","7,21,698","17,35,854"
05/23/2012,W,"10,19,498","7,38,794","17,58,292"
05/24/2012,W,"10,16,089","7,56,023","17,72,112"
05/25/2012,W,"10,05,567","7,36,144","17,41,711"
05/26/2012,A,"6,36,093","4,69,284","11,05,377"
05/27/2012,U,"5,02,724","3,92,936","8,95,660"
05/28/2012,U,"4,63,763","3,62,808","8,26,571"
05/29/2012,W,"10,12,629","7,19,096","17,31,725"
05/30/2012,W,"10,01,845","7,42,834","17,44,679"
05/31/2012,W,"9,10,804","7,14,511","16,25,315"
06-01-2012,W,"10,34,827","7,50,848","17,85,675"
06-02-2012,A,"6,98,536","4,89,792","11,88,328"
06-03-2012,U,"5,12,841","3,54,121","8,66,962"
06-04-2012,W,"10,35,294","7,26,053","17,61,347"
06-05-2012,W,"10,48,003","7,49,888","17,97,891"
06-06-2012,W,"10,33,815","7,53,512","17,87,327"
06-07-2012,W,"10,31,503","7,68,929","18,00,432"
06-08-2012,W,"10,23,786","8,02,823","18,26,609"
06-09-2012,A,"7,04,117","5,69,867","12,73,984"
06-10-2012,U,"5,09,071","4,04,744","9,13,815"
06-11-2012,W,"9,85,578","7,26,731","17,12,309"
06-12-2012,W,"10,03,612","7,72,974","17,76,586"
06/13/2012,W,"9,86,995","7,78,465","17,65,460"
06/14/2012,W,"9,59,511","7,83,352","17,42,863"
06/15/2012,W,"9,96,431","8,03,508","17,99,939"
06/16/2012,A,"6,73,257","5,13,638","11,86,895"
06/17/2012,U,"4,97,166","3,72,514","8,69,680"
06/18/2012,W,"8,99,886","7,10,839","16,10,725"
06/19/2012,W,"9,34,909","7,25,980","16,60,889"
06/20/2012,W,"9,45,821","7,43,331","16,89,152"
06/21/2012,W,"9,31,983","7,28,067","16,60,050"
06/22/2012,W,"9,58,498","7,55,020","17,13,518"
06/23/2012,A,"6,76,430","4,92,238","11,68,668"
06/24/2012,U,"5,13,132","5,30,481","10,43,613"
06/25/2012,W,"9,33,417","7,25,550","16,58,967"
06/26/2012,W,"9,52,845","7,46,532","16,99,377"
06/27/2012,W,"9,57,566","7,51,428","17,08,994"
06/28/2012,W,"8,80,771","7,02,116","15,82,887"
06/29/2012,W,"9,25,177","7,34,451","16,59,628"
06/30/2012,A,"6,83,644","4,85,188","11,68,832"
07-01-2012,U,"4,74,631","3,50,123","8,24,754"
07-02-2012,W,"9,29,572","6,76,617","16,06,189"
07-03-2012,W,"9,76,022","7,10,361","16,86,383"
07-04-2012,U,"5,11,376","3,83,942","8,95,318"
07-05-2012,W,"8,33,954","6,28,259","14,62,213"
07-06-2012,W,"8,52,806","6,51,815","15,04,621"
07-07-2012,A,"6,28,380","4,39,918","10,68,298"
07-08-2012,U,"4,90,561","3,41,530","8,32,091"
07-09-2012,W,"9,34,404","6,97,423","16,31,827"
07-10-2012,W,"9,58,191","7,13,798","16,71,989"
07-11-2012,W,"9,82,452","7,51,429","17,33,881"
07-12-2012,W,"9,73,681","7,69,452","17,43,133"
07/13/2012,W,"9,18,812","7,81,300","17,00,112"
07/14/2012,A,"6,62,503","5,39,189","12,01,692"
07/15/2012,U,"5,20,254","4,34,508","9,54,762"
07/16/2012,W,"9,27,149","7,03,975","16,31,124"
07/17/2012,W,"9,16,666","7,21,980","16,38,646"
07/18/2012,W,"9,47,611","7,37,720","16,85,331"
07/19/2012,W,"9,29,760","7,37,674","16,67,434"
07/20/2012,W,"9,50,944","7,32,949","16,83,893"
07/21/2012,A,"6,82,249","4,67,138","11,49,387"
07/22/2012,U,"4,81,281","3,53,089","8,34,370"
07/23/2012,W,"9,15,219","6,95,786","16,11,005"
07/24/2012,W,"9,02,916","7,01,367","16,04,283"
07/25/2012,W,"9,30,185","7,24,487","16,54,672"
07/26/2012,W,"9,45,792","7,20,070","16,65,862"
07/27/2012,W,"9,47,151","7,58,858","17,06,009"
07/28/2012,A,"6,86,178","5,17,111","12,03,289"
07/29/2012,U,"4,88,506","3,74,441","8,62,947"
07/30/2012,W,"9,07,631","7,05,435","16,13,066"
07/31/2012,W,"9,27,014","7,19,885","16,46,899"
08-01-2012,W,"9,93,124","7,46,620","17,39,744"
08-02-2012,W,"9,56,268","7,36,721","16,92,989"
08-03-2012,W,"9,97,248","8,28,673","18,25,921"
08-04-2012,A,"6,39,837","5,40,564","11,80,401"
08-05-2012,U,"5,20,813","4,54,682","9,75,495"
08-06-2012,W,"9,30,469","7,18,004","16,48,473"
08-07-2012,W,"9,39,745","7,10,734","16,50,479"
08-08-2012,W,"9,37,937","7,14,729","16,52,666"
08-09-2012,W,"9,10,038","7,33,293","16,43,331"
08-10-2012,W,"9,39,807","7,62,585","17,02,392"
08-11-2012,A,"6,34,529","5,25,198","11,59,727"
08-12-2012,U,"4,85,254","3,89,752","8,75,006"
08/13/2012,W,"8,62,334","6,75,894","15,38,228"
08/14/2012,W,"9,52,867","7,19,794","16,72,661"
08/15/2012,W,"9,69,450","7,36,768","17,06,218"
08/16/2012,W,"8,94,461","6,89,521","15,83,982"
08/17/2012,W,"9,85,722","7,34,329","17,20,051"
08/18/2012,A,"7,11,680","5,13,680","12,25,360"
08/19/2012,U,"5,26,215","3,81,863","9,08,078"
08/20/2012,W,"9,32,342","6,94,224","16,26,566"
08/21/2012,W,"9,89,240","7,25,406","17,14,646"
08/22/2012,W,"9,93,443","7,41,288","17,34,731"
08/23/2012,W,"9,96,707","7,30,663","17,27,370"
08/24/2012,W,"9,95,467","7,57,933","17,53,400"
08/25/2012,A,"6,82,483","4,99,512","11,81,995"
08/26/2012,U,"4,25,118","3,26,682","7,51,800"
08/27/2012,W,"9,99,090","7,32,088","17,31,178"
08/28/2012,W,"10,22,555","7,52,842","17,75,397"
08/29/2012,W,"10,19,369","7,57,338","17,76,707"
08/30/2012,W,"10,09,624","7,65,912","17,75,536"
08/31/2012,W,"10,51,323","7,87,713","18,39,036"
09-01-2012,A,"6,70,752","4,98,563","11,69,315"
09-02-2012,U,"5,22,696","4,25,857","9,48,553"
09-03-2012,U,"5,09,576","3,66,891","8,76,467"
09-04-2012,W,"11,01,066","7,57,151","18,58,217"
09-05-2012,W,"10,81,742","7,78,985","18,60,727"
09-06-2012,W,"11,06,785","7,87,102","18,93,887"
09-07-2012,W,"10,57,006","7,98,630","18,55,636"
09-08-2012,A,"6,97,211","5,48,107","12,45,318"
09-09-2012,U,"4,91,612","3,70,846","8,62,458"
09-10-2012,W,"9,80,800","7,86,943","17,67,743"
09-11-2012,W,"10,26,114","7,89,589","18,15,703"
09-12-2012,W,"10,24,605","7,85,316","18,09,921"
09/13/2012,W,"9,91,316","7,93,145","17,84,461"
09/14/2012,W,"10,23,073","7,89,009","18,12,082"
09/15/2012,A,"7,07,625","5,33,074","12,40,699"
09/16/2012,U,"4,97,209","3,69,738","8,66,947"
09/17/2012,W,"9,72,361","7,49,237","17,21,598"
09/18/2012,W,"10,09,476","7,74,593","17,84,069"
09/19/2012,W,"10,90,006","8,05,444","18,95,450"
09/20/2012,W,"10,87,075","8,14,328","19,01,403"
09/21/2012,W,"10,43,281","8,04,809","18,48,090"
09/22/2012,A,"6,69,729","5,07,218","11,76,947"
09/23/2012,U,"4,94,049","3,73,413","8,67,462"
09/24/2012,W,"10,67,116","7,77,711","18,44,827"
09/25/2012,W,"10,93,445","7,87,595","18,81,040"
09/26/2012,W,"10,88,775","7,86,511","18,75,286"
09/27/2012,W,"10,82,616","8,10,524","18,93,140"
09/28/2012,W,"10,80,818","8,03,271","18,84,089"
09/29/2012,A,"7,15,790","5,12,833","12,28,623"
09/30/2012,U,"4,95,883","3,57,104","8,52,987"
10-01-2012,W,"11,17,666","7,83,378","19,01,044"
10-02-2012,W,"11,08,031","8,06,945","19,14,976"
10-03-2012,W,"11,15,762","8,10,692","19,26,454"
10-04-2012,W,"10,99,004","8,10,084","19,09,088"
10-05-2012,W,"10,69,580","8,08,343","18,77,923"
10-06-2012,A,"6,70,397","5,22,379","11,92,776"
10-07-2012,U,"4,49,748","5,12,959","9,62,707"
10-08-2012,W,"9,77,879","7,13,083","16,90,962"
10-09-2012,W,"10,88,484","7,95,608","18,84,092"
10-10-2012,W,"10,79,860","7,98,154","18,78,014"
10-11-2012,W,"10,85,498","8,07,251","18,92,749"
10-12-2012,W,"10,67,152","7,96,441","18,63,593"
10/13/2012,A,"6,04,421","4,47,031","10,51,452"
10/14/2012,U,"4,43,009","3,27,889","7,70,898"
10/15/2012,W,"10,71,312","7,76,921","18,48,233"
10/16/2012,W,"10,81,929","7,92,993","18,74,922"
10/17/2012,W,"10,57,430","7,92,225","18,49,655"
10/18/2012,W,"10,59,957","8,06,783","18,66,740"
10/19/2012,W,"10,51,902","8,01,852","18,53,754"
10/20/2012,A,"6,96,516","5,12,403","12,08,919"
10/21/2012,U,"4,93,474","3,54,896","8,48,370"
10/22/2012,W,"10,03,315","7,69,024","17,72,339"
10/23/2012,W,"10,43,067","7,84,378","18,27,445"
10/24/2012,W,"10,81,481","8,04,851","18,86,332"
10/25/2012,W,"10,27,919","7,97,938","18,25,857"
10/26/2012,W,"10,39,677","7,96,666","18,36,343"
10/27/2012,A,"6,64,877","4,90,779","11,55,656"
10/28/2012,U,"4,54,048","3,41,936","7,95,984"
10/29/2012,W,"10,35,050","7,59,113","17,94,163"
10/30/2012,W,"10,12,512","7,65,043","17,77,555"
10/31/2012,W,"10,42,048","7,80,984","18,23,032"
11-01-2012,W,"10,92,827","7,95,031","18,87,858"
11-02-2012,W,"10,87,124","7,93,396","18,80,520"
11-03-2012,A,"6,75,546","4,62,962","11,38,508"
11-04-2012,U,"4,86,060","3,47,411","8,33,471"
11-05-2012,W,"10,69,691","7,66,701","18,36,392"
11-06-2012,W,"10,50,908","7,68,986","18,19,894"
11-07-2012,W,"10,53,498","7,82,333","18,35,831"
11-08-2012,W,"10,64,006","7,93,455","18,57,461"
11-09-2012,W,"10,65,181","7,98,839","18,64,020"
11-10-2012,A,"6,50,416","4,72,274","11,22,690"
11-11-2012,U,"4,79,696","3,53,062","8,32,758"
11-12-2012,W,"8,23,600","6,66,802","14,90,402"
11/13/2012,W,"10,04,272","7,61,630","17,65,902"
11/14/2012,W,"10,59,509","7,75,491","18,35,000"
11/15/2012,W,"10,58,314","7,86,677","18,44,991"
11/16/2012,W,"10,57,000","7,91,412","18,48,412"
11/17/2012,A,"6,75,393","5,67,804","12,43,197"
11/18/2012,U,"4,72,178","3,36,771","8,08,949"
11/19/2012,W,"10,47,309","7,59,037","18,06,346"
11/20/2012,W,"10,49,100","7,72,991","18,22,091"
11/21/2012,W,"9,90,069","7,05,800","16,95,869"
11/22/2012,U,"3,63,466","2,55,982","6,19,448"
11/23/2012,W,"5,89,493","4,13,384","10,02,877"
11/24/2012,A,"4,76,658","3,77,956","8,54,614"
11/25/2012,U,"4,17,727","3,04,336","7,22,063"
11/26/2012,W,"10,06,387","7,17,499","17,23,886"
11/27/2012,W,"10,16,872","7,34,908","17,51,780"
11/28/2012,W,"10,30,518","7,50,417","17,80,935"
11/29/2012,W,"10,28,698","7,52,188","17,80,886"
11/30/2012,W,"10,75,641","7,76,494","18,52,135"
12-01-2012,A,"6,86,669","4,92,263","11,78,932"
12-02-2012,U,"4,84,623","3,50,433","8,35,056"
12-03-2012,W,"10,69,024","7,42,337","18,11,361"
12-04-2012,W,"10,67,467","7,47,543","18,15,010"
12-05-2012,W,"10,54,367","7,54,701","18,09,068"
12-06-2012,W,"10,30,407","7,51,285","17,81,692"
12-07-2012,W,"10,38,662","7,64,843","18,03,505"
12-08-2012,A,"6,42,192","4,67,324","11,09,516"
12-09-2012,U,"4,18,807","2,95,147","7,13,954"
12-10-2012,W,"9,73,051","6,90,186","16,63,237"
12-11-2012,W,"9,95,089","7,11,140","17,06,229"
12-12-2012,W,"9,99,666","7,20,758","17,20,424"
12/13/2012,W,"9,99,296","7,27,540","17,26,836"
12/14/2012,W,"10,22,704","7,49,478","17,72,182"
12/15/2012,A,"5,97,413","4,25,168","10,22,581"
12/16/2012,U,"4,50,355","3,34,285","7,84,640"
12/17/2012,W,"9,53,565","6,83,683","16,37,248"
12/18/2012,W,"9,50,660","6,93,703","16,44,363"
12/19/2012,W,"9,65,895","6,91,879","16,57,774"
12/20/2012,W,"8,76,460","6,60,268","15,36,728"
12/21/2012,W,"8,71,165","6,34,264","15,05,429"
12/22/2012,A,"5,78,361","3,74,774","9,53,135"
12/23/2012,U,"4,86,169","2,81,962","7,68,131"
12/24/2012,W,"5,45,733","3,13,210","8,58,943"
12/25/2012,U,"2,42,609","1,43,166","3,85,775"
12/26/2012,W,"6,16,049","4,28,605","10,44,654"
12/27/2012,W,"7,10,150","5,14,627","12,24,777"
12/28/2012,W,"7,53,950","5,46,312","13,00,262"
12/29/2012,A,"5,47,238","3,60,962","9,08,200"
12/30/2012,U,"4,05,207","2,91,423","6,96,630"
12/31/2012,W,"6,72,602","4,90,998","11,63,600"
01-01-2013,U,"3,38,644","2,76,167","6,14,811"
01-02-2013,W,"7,47,631","5,70,506","13,18,137"
01-03-2013,W,"8,57,744","6,20,104","14,77,848"
01-04-2013,W,"8,75,485","6,35,401","15,10,886"
01-05-2013,A,"5,49,303","3,56,383","9,05,686"
01-06-2013,U,"3,99,770","2,64,957","6,64,727"
01-07-2013,W,"9,51,511","6,72,001","16,23,512"
01-08-2013,W,"9,75,824","6,87,261","16,63,085"
01-09-2013,W,"9,89,291","6,97,979","16,87,270"
01-10-2013,W,"9,64,506","6,93,642","16,58,148"
01-11-2013,W,"9,91,875","7,08,901","17,00,776"
01-12-2013,A,"5,97,811","4,03,037","10,00,848"
01/13/2013,U,"3,79,108","2,66,395","6,45,503"
01/14/2013,W,"9,64,972","7,01,958","16,66,930"
01/15/2013,W,"10,00,831","7,23,460","17,24,291"
01/16/2013,W,"10,00,782","7,26,032","17,26,814"
01/17/2013,W,"10,03,351","7,30,830","17,34,181"
01/18/2013,W,"9,95,226","7,21,526","17,16,752"
01/19/2013,A,"5,92,561","4,17,820","10,10,381"
01/20/2013,U,"3,72,131","2,75,860","6,47,991"
01/21/2013,W,"5,49,385","4,22,125","9,71,510"
01/22/2013,W,"8,65,232","6,54,679","15,19,911"
01/23/2013,W,"9,52,105","6,97,385","16,49,490"
01/24/2013,W,"9,58,057","7,08,729","16,66,786"
01/25/2013,W,"9,20,833","7,07,962","16,28,795"
01/26/2013,A,"5,60,544","3,93,542","9,54,086"
01/27/2013,U,"3,60,109","2,61,812","6,21,921"
01/28/2013,W,"10,00,004","7,18,545","17,18,549"
01/29/2013,W,"10,09,440","7,28,633","17,38,073"
01/30/2013,W,"9,97,461","7,35,084","17,32,545"
01/31/2013,W,"9,55,113","7,13,918","16,69,031"
02-01-2013,W,"8,78,531","6,59,888","15,38,419"
02-02-2013,A,"5,54,095","3,78,484","9,32,579"
02-03-2013,U,"3,96,422","2,71,153","6,67,575"
02-04-2013,W,"9,83,474","7,10,890","16,94,364"
02-05-2013,W,"10,21,386","7,33,180","17,54,566"
02-06-2013,W,"10,35,100","7,39,979","17,75,079"
02-07-2013,W,"9,73,458","7,43,264","17,16,722"
02-08-2013,W,"9,94,675","7,23,430","17,18,105"
02-09-2013,A,"6,11,263","4,26,081","10,37,344"
02-10-2013,U,"3,92,914","2,78,417","6,71,331"
02-11-2013,W,"9,94,224","7,08,331","17,02,555"
02-12-2013,W,"9,01,097","6,87,334","15,88,431"
02/13/2013,W,"10,70,447","7,54,178","18,24,625"
02/14/2013,W,"10,54,969","7,58,213","18,13,182"
02/15/2013,W,"10,13,485","7,31,689","17,45,174"
02/16/2013,A,"5,98,259","4,12,929","10,11,188"
02/17/2013,U,"4,45,505","3,17,885","7,63,390"
02/18/2013,W,"8,30,133","5,67,064","13,97,197"
02/19/2013,W,"9,61,489","7,09,244","16,70,733"
02/20/2013,W,"9,95,286","7,20,364","17,15,650"
02/21/2013,W,"10,12,672","7,38,526","17,51,198"
02/22/2013,W,"9,44,394","7,16,784","16,61,178"
02/23/2013,A,"5,97,852","4,03,004","10,00,856"
02/24/2013,U,"4,26,783","2,80,619","7,07,402"
02/25/2013,W,"10,32,337","7,18,035","17,50,372"
02/26/2013,W,"9,17,610","7,07,649","16,25,259"
02/27/2013,W,"10,04,620","7,32,706","17,37,326"
02/28/2013,W,"10,11,461","7,41,077","17,52,538"
03-01-2013,W,"10,30,897","7,26,385","17,57,282"
03-02-2013,A,"6,41,791","4,07,706","10,49,497"
03-03-2013,U,"4,51,612","2,90,260","7,41,872"
03-04-2013,W,"10,46,582","6,84,343","17,30,925"
03-05-2013,W,"9,15,814","6,62,182","15,77,996"
03-06-2013,W,"10,00,963","7,03,897","17,04,860"
03-07-2013,W,"10,39,889","7,24,517","17,64,406"
03-08-2013,W,"10,47,924","7,16,118","17,64,042"
03-09-2013,A,"6,19,396","4,04,506","10,23,902"
03-10-2013,U,"4,17,260","2,85,624","7,02,884"
03-11-2013,W,"10,09,909","7,13,865","17,23,774"
03-12-2013,W,"10,17,656","7,38,907","17,56,563"
03/13/2013,W,"10,34,585","7,48,618","17,83,203"
03/14/2013,W,"10,33,042","7,55,471","17,88,513"
03/15/2013,W,"10,02,907","7,71,603","17,74,510"
03/16/2013,A,"6,26,782","6,10,526","12,37,308"
03/17/2013,U,"4,33,504","3,38,473","7,71,977"
03/18/2013,W,"9,71,804","7,15,696","16,87,500"
03/19/2013,W,"9,90,010","7,23,671","17,13,681"
03/20/2013,W,"9,80,735","7,21,345","17,02,080"
03/21/2013,W,"9,99,714","7,29,901","17,29,615"
03/22/2013,W,"10,03,565","7,21,149","17,24,714"
03/23/2013,A,"6,09,394","4,25,222","10,34,616"
03/24/2013,U,"4,01,250","2,88,966","6,90,216"
03/25/2013,W,"8,28,707","6,30,136","14,58,843"
03/26/2013,W,"8,76,069","6,55,138","15,31,207"
03/27/2013,W,"8,80,496","6,70,282","15,50,778"
03/28/2013,W,"8,93,443","6,79,530","15,72,973"
03/29/2013,W,"8,29,810","6,21,657","14,51,467"
03/30/2013,A,"5,94,213","3,95,747","9,89,960"
03/31/2013,U,"4,02,842","2,67,293","6,70,135"
04-01-2013,W,"9,80,489","7,08,026","16,88,515"
04-02-2013,W,"9,93,149","7,28,501","17,21,650"
04-03-2013,W,"10,34,924","7,46,014","17,80,938"
04-04-2013,W,"10,15,284","7,59,059","17,74,343"
04-05-2013,W,"9,96,072","7,46,786","17,42,858"
04-06-2013,A,"6,11,381","4,59,388","10,70,769"
04-07-2013,U,"4,40,588","3,57,215","7,97,803"
04-08-2013,W,"9,77,325","7,37,437","17,14,762"
04-09-2013,W,"9,99,444","7,40,720","17,40,164"
04-10-2013,W,"9,60,903","7,17,466","16,78,369"
04-11-2013,W,"9,82,894","7,52,525","17,35,419"
04-12-2013,W,"9,94,973","7,53,498","17,48,471"
04/13/2013,A,"6,00,393","4,62,508","10,62,901"
04/14/2013,U,"4,50,337","3,51,742","8,02,079"
04/15/2013,W,"9,92,589","7,17,933","17,10,522"
04/16/2013,W,"10,14,884","7,53,356","17,68,240"
04/17/2013,W,"9,15,006","7,11,500","16,26,506"
04/18/2013,W,"8,11,655","6,93,760","15,05,415"
04/19/2013,W,"9,59,757","7,18,526","16,78,283"
04/20/2013,A,"6,15,433","4,48,035","10,63,468"
04/21/2013,U,"4,41,267","3,13,744","7,55,011"
04/22/2013,W,"10,01,200","7,31,504","17,32,704"
04/23/2013,W,"9,22,329","7,15,764","16,38,093"
04/24/2013,W,"9,52,859","7,36,305","16,89,164"
04/25/2013,W,"10,08,224","7,55,375","17,63,599"
04/26/2013,W,"9,99,388","7,50,687","17,50,075"
04/27/2013,A,"6,54,086","4,60,650","11,14,736"
04/28/2013,U,"4,55,561","3,20,737","7,76,298"
04/29/2013,W,"10,09,306","7,17,625","17,26,931"
04/30/2013,W,"10,29,285","7,38,733","17,68,018"
05-01-2013,W,"10,77,184","7,62,553","18,39,737"
05-02-2013,W,"10,28,782","7,52,135","17,80,917"
05-03-2013,W,"10,23,402","7,30,511","17,53,913"
05-04-2013,A,"6,55,097","4,65,245","11,20,342"
05-05-2013,U,"4,71,437","3,50,222","8,21,659"
05-06-2013,W,"10,17,895","7,29,615","17,47,510"
05-07-2013,W,"10,22,360","7,58,068","17,80,428"
05-08-2013,W,"10,25,713","7,69,649","17,95,362"
05-09-2013,W,"10,03,192","7,21,753","17,24,945"
05-10-2013,W,"9,72,916","7,25,511","16,98,427"
05-11-2013,A,"6,03,110","4,35,938","10,39,048"
05-12-2013,U,"4,14,976","3,13,848","7,28,824"
05/13/2013,W,"9,61,814","7,13,048","16,74,862"
05/14/2013,W,"10,06,636","7,50,210","17,56,846"
05/15/2013,W,"9,95,042","7,58,657","17,53,699"
05/16/2013,W,"9,82,565","7,46,034","17,28,599"
05/17/2013,W,"9,66,483","7,57,439","17,23,922"
05/18/2013,A,"6,25,752","4,93,226","11,18,978"
05/19/2013,U,"4,85,211","3,63,850","8,49,061"
05/20/2013,W,"10,08,704","6,81,176","16,89,880"
05/21/2013,W,"10,13,059","6,89,412","17,02,471"
05/22/2013,W,"9,82,149","6,87,729","16,69,878"
05/23/2013,W,"9,87,008","6,93,752","16,80,760"
05/24/2013,W,"10,10,765","6,76,692","16,87,457"
05/25/2013,A,"6,00,972","3,69,584","9,70,556"
05/26/2013,U,"4,60,009","3,36,563","7,96,572"
05/27/2013,U,"4,15,696","2,86,211","7,01,907"
05/28/2013,W,"9,82,424","6,72,485","16,54,909"
05/29/2013,W,"10,14,424","7,15,430","17,29,854"
05/30/2013,W,"9,96,198","7,17,726","17,13,924"
05/31/2013,W,"10,44,620","7,19,350","17,63,970"
06-01-2013,A,"6,31,022","4,45,218","10,76,240"
06-02-2013,U,"4,39,719","3,33,835","7,73,554"
06-03-2013,W,"10,54,416","7,07,210","17,61,626"
06-04-2013,W,"10,44,555","7,16,102","17,60,657"
06-05-2013,W,"10,24,709","7,16,938","17,41,647"
06-06-2013,W,"10,21,552","7,36,943","17,58,495"
06-07-2013,W,"10,30,362","7,68,035","17,98,397"
06-08-2013,A,"6,61,759","5,37,485","11,99,244"
06-09-2013,U,"4,73,625","3,93,881","8,67,506"
06-10-2013,W,"9,93,550","7,31,202","17,24,752"
06-11-2013,W,"10,27,027","7,52,653","17,79,680"
06-12-2013,W,"9,69,474","7,18,831","16,88,305"
06/13/2013,W,"10,31,992","7,61,985","17,93,977"
06/14/2013,W,"10,33,513","7,47,980","17,81,493"
06/15/2013,A,"6,24,345","4,53,140","10,77,485"
06/16/2013,U,"4,79,896","3,69,569","8,49,465"
06/17/2013,W,"9,69,085","6,92,856","16,61,941"
06/18/2013,W,"9,75,403","7,01,224","16,76,627"
06/19/2013,W,"9,90,561","7,18,139","17,08,700"
06/20/2013,W,"9,74,707","7,24,184","16,98,891"
06/21/2013,W,"9,17,934","7,24,999","16,42,933"
06/22/2013,A,"6,33,702","4,88,805","11,22,507"
06/23/2013,U,"4,79,321","3,94,460","8,73,781"
06/24/2013,W,"9,20,436","6,99,721","16,20,157"
06/25/2013,W,"8,88,128","6,94,726","15,82,854"
06/26/2013,W,"8,66,326","6,90,875","15,57,201"
06/27/2013,W,"9,13,619","7,23,050","16,36,669"
06/28/2013,W,"8,98,642","8,94,811","17,93,453"
06/29/2013,A,"6,20,304","4,63,716","10,84,020"
06/30/2013,U,"4,88,073","5,43,707","10,31,780"
07-01-2013,W,"9,46,062","6,81,252","16,27,314"
07-02-2013,W,"9,11,309","6,77,994","15,89,303"
07-03-2013,W,"9,45,848","6,93,445","16,39,293"
07-04-2013,U,"5,25,424","4,07,174","9,32,598"
07-05-2013,W,"8,06,355","5,92,583","13,98,938"
07-06-2013,A,"6,19,632","4,63,509","10,83,141"
07-07-2013,U,"4,67,091","3,54,565","8,21,656"
07-08-2013,W,"8,63,581","6,64,506","15,28,087"
07-09-2013,W,"9,28,137","7,08,853","16,36,990"
07-10-2013,W,"9,61,940","7,56,010","17,17,950"
07-11-2013,W,"9,58,922","7,87,568","17,46,490"
07-12-2013,W,"9,28,925","8,02,562","17,31,487"
07/13/2013,A,"6,62,483","5,65,833","12,28,316"
07/14/2013,U,"4,87,170","4,13,355","9,00,525"
07/15/2013,W,"9,04,464","6,83,553","15,88,017"
07/16/2013,W,"9,24,281","6,95,896","16,20,177"
07/17/2013,W,"9,22,657","7,06,991","16,29,648"
07/18/2013,W,"9,04,388","7,20,245","16,24,633"
07/19/2013,W,"8,97,959","7,75,821","16,73,780"
07/20/2013,A,"6,46,339","5,46,852","11,93,191"
07/21/2013,U,"4,69,900","4,10,606","8,80,506"
07/22/2013,W,"9,03,084","7,09,718","16,12,802"
07/23/2013,W,"9,19,858","7,20,357","16,40,215"
07/24/2013,W,"9,28,256","7,13,067","16,41,323"
07/25/2013,W,"9,19,260","7,15,876","16,35,136"
07/26/2013,W,"8,90,066","6,88,728","15,78,794"
07/27/2013,A,"6,14,357","4,61,775","10,76,132"
07/28/2013,U,"4,55,742","3,71,125","8,26,867"
07/29/2013,W,"8,94,999","6,93,570","15,88,569"
07/30/2013,W,"8,94,122","7,13,697","16,07,819"
07/31/2013,W,"8,98,783","7,07,557","16,06,340"
08-01-2013,W,"9,50,707","7,53,887","17,04,594"
08-02-2013,W,"9,18,087","7,95,020","17,13,107"
08-03-2013,A,"6,67,710","5,74,621","12,42,331"
08-04-2013,U,"4,75,029","4,62,380","9,37,409"
08-05-2013,W,"8,85,007","6,88,747","15,73,754"
08-06-2013,W,"9,14,261","6,98,763","16,13,024"
08-07-2013,W,"8,98,114","6,94,946","15,93,060"
08-08-2013,W,"9,12,994","7,02,001","16,14,995"
08-09-2013,W,"9,06,417","7,11,160","16,17,577"
08-10-2013,A,"6,42,566","4,93,210","11,35,776"
08-11-2013,U,"4,59,030","3,65,118","8,24,148"
08-12-2013,W,"8,48,703","6,84,985","15,33,688"
08/13/2013,W,"8,83,243","7,12,564","15,95,807"
08/14/2013,W,"8,82,740","7,17,664","16,00,404"
08/15/2013,W,"8,77,526","7,05,604","15,83,130"
08/16/2013,W,"8,90,423","7,30,276","16,20,699"
08/17/2013,A,"6,34,078","5,06,124","11,40,202"
08/18/2013,U,"4,72,515","3,84,202","8,56,717"
08/19/2013,W,"8,59,701","6,71,949","15,31,650"
08/20/2013,W,"8,94,283","6,99,558","15,93,841"
08/21/2013,W,"8,94,827","7,04,103","15,98,930"
08/22/2013,W,"8,55,068","6,97,777","15,52,845"
08/23/2013,W,"9,32,928","7,15,975","16,48,903"
08/24/2013,A,"6,32,311","4,65,546","10,97,857"
08/25/2013,U,"4,63,843","3,53,352","8,17,195"
08/26/2013,W,"10,20,173","6,96,403","17,16,576"
08/27/2013,W,"10,32,675","7,21,814","17,54,489"
08/28/2013,W,"10,19,457","7,32,138","17,51,595"
08/29/2013,W,"10,48,608","7,59,088","18,07,696"
08/30/2013,W,"10,25,684","7,40,853","17,66,537"
08/31/2013,A,"5,96,363","4,62,487","10,58,850"
09-01-2013,U,"4,93,648","4,23,770","9,17,418"
09-02-2013,U,"4,54,573","3,44,582","7,99,155"
09-03-2013,W,"10,89,544","7,61,455","18,50,999"
09-04-2013,W,"10,77,803","7,69,975","18,47,778"
09-05-2013,W,"10,59,826","7,63,277","18,23,103"
09-06-2013,W,"10,67,536","7,86,864","18,54,400"
09-07-2013,A,"6,34,809","5,10,149","11,44,958"
09-08-2013,U,"4,59,104","3,71,781","8,30,885"
09-09-2013,W,"10,52,783","7,52,305","18,05,088"
09-10-2013,W,"10,34,136","7,62,582","17,96,718"
09-11-2013,W,"10,47,538","7,83,710","18,31,248"
09-12-2013,W,"10,50,318","8,12,163","18,62,481"
09/13/2013,W,"10,36,536","8,03,298","18,39,834"
09/14/2013,A,"6,32,081","5,04,797","11,36,878"
09/15/2013,U,"4,09,765","3,45,621","7,55,386"
09/16/2013,W,"10,33,555","7,76,155","18,09,710"
09/17/2013,W,"10,49,035","7,88,413","18,37,448"
09/18/2013,W,"10,23,243","7,83,471","18,06,714"
09/19/2013,W,"10,00,885","7,91,208","17,92,093"
09/20/2013,W,"10,34,561","8,00,104","18,34,665"
09/21/2013,A,"6,29,564","5,26,128","11,55,692"
09/22/2013,U,"4,45,308","3,68,372","8,13,680"
09/23/2013,W,"10,26,469","7,80,751","18,07,220"
09/24/2013,W,"10,41,341","8,05,859","18,47,200"
09/25/2013,W,"10,55,790","8,10,826","18,66,616"
09/26/2013,W,"10,47,323","8,13,509","18,60,832"
09/27/2013,W,"10,34,355","7,97,916","18,32,271"
09/28/2013,A,"6,35,517","5,06,929","11,42,446"
09/29/2013,U,"4,39,655","3,60,040","7,99,695"
09/30/2013,W,"10,07,775","7,65,034","17,72,809"
10-01-2013,W,"11,00,251","7,60,127","18,60,378"
10-02-2013,W,"10,60,370","7,71,294","18,31,664"
10-03-2013,W,"10,73,368","7,76,149","18,49,517"
10-04-2013,W,"10,55,644","7,63,663","18,19,307"
10-05-2013,A,"6,06,526","4,57,086","10,63,612"
10-06-2013,U,"4,68,784","3,50,969","8,19,753"
10-07-2013,W,"10,33,503","7,48,714","17,82,217"
10-08-2013,W,"10,62,411","7,62,764","18,25,175"
10-09-2013,W,"10,56,846","7,74,550","18,31,396"
10-10-2013,W,"10,41,043","8,03,786","18,44,829"
10-11-2013,W,"10,33,797","7,92,305","18,26,102"
10-12-2013,A,"5,97,479","4,97,092","10,94,571"
10/13/2013,U,"4,33,578","5,28,335","9,61,913"
10/14/2013,W,"8,36,533","6,78,287","15,14,820"
10/15/2013,W,"10,05,851","7,64,848","17,70,699"
10/16/2013,W,"10,17,742","7,79,074","17,96,816"
10/17/2013,W,"10,25,838","7,89,200","18,15,038"
10/18/2013,W,"10,24,958","7,84,891","18,09,849"
10/19/2013,A,"5,99,201","4,98,671","10,97,872"
10/20/2013,U,"4,17,109","3,67,355","7,84,464"
10/21/2013,W,"9,72,502","7,78,456","17,50,958"
10/22/2013,W,"9,48,098","7,85,501","17,33,599"
10/23/2013,W,"9,93,612","7,97,121","17,90,733"
10/24/2013,W,"10,07,402","8,10,665","18,18,067"
10/25/2013,W,"9,86,527","7,97,551","17,84,078"
10/26/2013,A,"5,78,216","4,92,032","10,70,248"
10/27/2013,U,"4,13,217","3,46,467","7,59,684"
10/28/2013,W,"9,82,644","7,68,974","17,51,618"
10/29/2013,W,"9,76,102","7,90,974","17,67,076"
10/30/2013,W,"9,67,902","7,91,183","17,59,085"
10/31/2013,W,"9,56,055","7,86,574","17,42,629"
11-01-2013,W,"9,37,537","7,83,970","17,21,507"
11-02-2013,A,"5,93,170","4,83,120","10,76,290"
11-03-2013,U,"4,30,036","3,84,737","8,14,773"
11-04-2013,W,"9,78,017","7,88,454","17,66,471"
11-05-2013,W,"9,82,549","7,95,511","17,78,060"
11-06-2013,W,"9,65,938","7,92,044","17,57,982"
11-07-2013,W,"9,74,582","8,12,279","17,86,861"
11-08-2013,W,"9,74,269","8,08,267","17,82,536"
11-09-2013,A,"5,89,432","5,07,077","10,96,509"
11-10-2013,U,"4,26,989","3,70,923","7,97,912"
11-11-2013,W,"7,27,925","6,71,720","13,99,645"
11-12-2013,W,"8,84,181","7,70,609","16,54,790"
11/13/2013,W,"9,67,800","7,83,483","17,51,283"
11/14/2013,W,"9,68,420","8,06,089","17,74,509"
11/15/2013,W,"9,72,734","8,03,561","17,76,295"
11/16/2013,A,"5,48,828","4,89,767","10,38,595"
11/17/2013,U,"3,43,928","3,16,525","6,60,453"
11/18/2013,W,"9,48,312","7,75,101","17,23,413"
11/19/2013,W,"9,72,260","7,90,434","17,62,694"
11/20/2013,W,"9,74,233","7,88,003","17,62,236"
11/21/2013,W,"9,67,167","7,99,283","17,66,450"
11/22/2013,W,"9,55,058","7,97,556","17,52,614"
11/23/2013,A,"5,35,573","5,13,370","10,48,943"
11/24/2013,U,"3,62,949","3,11,868","6,74,817"
11/25/2013,W,"8,98,537","7,42,488","16,41,025"
11/26/2013,W,"9,13,171","7,68,042","16,81,213"
11/27/2013,W,"7,85,887","6,55,899","14,41,786"
11/28/2013,U,"3,16,200","2,38,112","5,54,312"
11/29/2013,W,"6,25,605","4,48,939","10,74,544"
11/30/2013,A,"5,94,111","4,19,067","10,13,178"
12-01-2013,U,"3,93,065","3,11,377","7,04,442"
12-02-2013,W,"9,66,367","7,45,892","17,12,259"
12-03-2013,W,"10,11,416","7,72,345","17,83,761"
12-04-2013,W,"10,22,579","7,78,031","18,00,610"
12-05-2013,W,"9,56,982","7,82,864","17,39,846"
12-06-2013,W,"9,33,388","7,66,511","16,99,899"
12-07-2013,A,"5,23,861","4,55,354","9,79,215"
12-08-2013,U,"3,56,936","3,22,820","6,79,756"
12-09-2013,W,"9,04,306","7,45,781","16,50,087"
12-10-2013,W,"8,84,567","7,26,111","16,10,678"
12-11-2013,W,"8,88,272","7,36,512","16,24,784"
12-12-2013,W,"8,64,926","7,22,404","15,87,330"
12/13/2013,W,"9,30,494","7,60,860","16,91,354"
12/14/2013,A,"5,08,408","4,73,775","9,82,183"
12/15/2013,U,"3,57,251","3,17,666","6,74,917"
12/16/2013,W,"8,56,591","6,97,993","15,54,584"
12/17/2013,W,"8,83,958","7,16,650","16,00,608"
12/18/2013,W,"9,00,934","7,19,652","16,20,586"
12/19/2013,W,"8,88,294","7,15,173","16,03,467"
12/20/2013,W,"8,85,107","7,06,214","15,91,321"
12/21/2013,A,"5,13,799","4,21,443","9,35,242"
12/22/2013,U,"3,74,537","3,10,920","6,85,457"
12/23/2013,W,"6,91,365","5,45,145","12,36,510"
12/24/2013,W,"4,74,089","3,41,784","8,15,873"
12/25/2013,U,"2,18,166","1,44,912","3,63,078"
12/26/2013,W,"5,57,420","4,38,202","9,95,622"
12/27/2013,W,"6,59,876","5,31,774","11,91,650"
12/28/2013,A,"5,06,219","4,05,004","9,11,223"
12/29/2013,U,"3,35,610","2,92,169","6,27,779"
12/30/2013,W,"6,04,796","5,37,971","11,42,767"
12/31/2013,W,"5,95,963","5,65,346","11,61,309"
01-01-2014,U,"2,81,657","3,03,441","5,85,098"
01-02-2014,W,"6,01,103","5,69,395","11,70,498"
01-03-2014,W,"6,91,262","5,98,290","12,89,552"
01-04-2014,A,"4,69,542","3,61,203","8,30,745"
01-05-2014,U,"2,68,582","2,37,067","5,05,649"
01-06-2014,W,"3,11,075","2,69,542","5,80,617"
01-07-2014,W,"4,89,810","4,68,681","9,58,491"
01-08-2014,W,"8,06,256","6,87,473","14,93,729"
01-09-2014,W,"8,60,867","7,27,384","15,88,251"
01-10-2014,W,"8,72,079","7,25,812","15,97,891"
01-11-2014,A,"5,26,267","4,24,639","9,50,906"
01-12-2014,U,"3,87,031","3,12,663","6,99,694"
01/13/2014,W,"9,48,883","7,62,345","17,11,228"
01/14/2014,W,"9,23,401","7,61,893","16,85,294"
01/15/2014,W,"9,40,266","7,61,924","17,02,190"
01/16/2014,W,"9,27,231","7,65,910","16,93,141"
01/17/2014,W,"9,09,353","7,43,024","16,52,377"
01/18/2014,A,"4,80,918","4,18,986","8,99,904"
01/19/2014,U,"3,72,608","3,16,288","6,88,896"
01/20/2014,W,"5,99,662","5,02,485","11,02,147"
01/21/2014,W,"8,55,515","7,34,096","15,89,611"
01/22/2014,W,"8,72,967","7,37,074","16,10,041"
01/23/2014,W,"8,25,049","7,15,759","15,40,808"
01/24/2014,W,"7,63,075","6,80,260","14,43,335"
01/25/2014,A,"4,90,314","3,96,641","8,86,955"
01/26/2014,U,"3,37,328","2,80,648","6,17,976"
01/27/2014,W,"5,02,031","4,72,484","9,74,515"
01/28/2014,W,"5,19,517","4,85,867","10,05,384"
01/29/2014,W,"8,89,744","7,33,780","16,23,524"
01/30/2014,W,"9,02,855","7,51,471","16,54,326"
01/31/2014,W,"9,30,172","7,54,479","16,84,651"
02-01-2014,A,"4,97,989","4,05,961","9,03,950"
02-02-2014,U,"3,77,994","2,99,870","6,77,864"
02-03-2014,W,"9,31,825","7,29,128","16,60,953"
02-04-2014,W,"9,46,438","7,59,960","17,06,398"
02-05-2014,W,"8,28,739","7,53,984","15,82,723"
02-06-2014,W,"8,88,288","7,53,787","16,42,075"
02-07-2014,W,"8,73,759","7,24,771","15,98,530"
02-08-2014,A,"5,13,518","4,16,614","9,30,132"
02-09-2014,U,"3,85,739","3,01,471","6,87,210"
02-10-2014,W,"8,88,500","7,16,772","16,05,272"
02-11-2014,W,"9,23,651","7,43,715","16,67,366"
02-12-2014,W,"8,42,139","7,13,255","15,55,394"
02/13/2014,W,"9,75,061","7,84,280","17,59,341"
02/14/2014,W,"9,61,152","7,78,342","17,39,494"
02/15/2014,A,"5,67,619","4,48,648","10,16,267"
02/16/2014,U,"4,01,088","3,24,457","7,25,545"
02/17/2014,W,"6,95,931","5,94,339","12,90,270"
02/18/2014,W,"9,47,147","7,77,183","17,24,330"
02/19/2014,W,"9,74,552","7,83,745","17,58,297"
02/20/2014,W,"8,93,699","7,59,455","16,53,154"
02/21/2014,W,"9,26,827","7,66,802","16,93,629"
02/22/2014,A,"5,70,349","4,52,998","10,23,347"
02/23/2014,U,"3,92,042","3,15,317","7,07,359"
02/24/2014,W,"9,25,043","7,39,926","16,64,969"
02/25/2014,W,"9,33,471","7,52,744","16,86,215"
02/26/2014,W,"8,84,516","7,28,685","16,13,201"
02/27/2014,W,"8,76,615","7,28,137","16,04,752"
02/28/2014,W,"9,36,301","7,45,915","16,82,216"
03-01-2014,A,"5,59,952","4,48,218","10,08,170"
03-02-2014,U,"3,71,300","3,04,402","6,75,702"
03-03-2014,W,"9,00,837","7,09,629","16,10,466"
03-04-2014,W,"9,53,477","7,61,357","17,14,834"
03-05-2014,W,"9,18,971","7,69,178","16,88,149"
03-06-2014,W,"9,62,802","7,75,465","17,38,267"
03-07-2014,W,"9,58,096","7,69,821","17,27,917"
03-08-2014,A,"5,53,250","4,47,401","10,00,651"
03-09-2014,U,"4,05,308","3,28,025","7,33,333"
03-10-2014,W,"9,59,467","7,67,043","17,26,510"
03-11-2014,W,"9,59,134","7,72,592","17,31,726"
03-12-2014,W,"8,68,232","7,46,895","16,15,127"
03/13/2014,W,"9,40,113","7,85,327","17,25,440"
03/14/2014,W,"9,55,810","8,19,256","17,75,066"
03/15/2014,A,"5,93,789","6,74,922","12,68,711"
03/16/2014,U,"3,71,881","3,49,484","7,21,365"
03/17/2014,W,"9,32,779","7,63,579","16,96,358"
03/18/2014,W,"9,59,483","7,82,899","17,42,382"
03/19/2014,W,"9,20,270","7,67,680","16,87,950"
03/20/2014,W,"9,57,032","7,86,292","17,43,324"
03/21/2014,W,"9,59,387","7,79,226","17,38,613"
03/22/2014,A,"5,97,815","4,52,237","10,50,052"
03/23/2014,U,"4,18,299","3,15,092","7,33,391"
03/24/2014,W,"9,23,396","7,06,637","16,30,033"
03/25/2014,W,"9,28,067","7,19,323","16,47,390"
03/26/2014,W,"9,61,287","7,34,053","16,95,340"
03/27/2014,W,"9,27,050","7,25,889","16,52,939"
03/28/2014,W,"9,44,696","7,32,211","16,76,907"
03/29/2014,A,"5,72,055","4,38,766","10,10,821"
03/30/2014,U,"4,32,880","3,79,220","8,12,100"
03/31/2014,W,"9,40,176","7,62,112","17,02,288"
04-01-2014,W,"9,86,346","7,72,459","17,58,805"
04-02-2014,W,"9,52,475","7,84,201","17,36,676"
04-03-2014,W,"9,17,123","7,65,726","16,82,849"
04-04-2014,W,"9,41,118","8,06,643","17,47,761"
04-05-2014,A,"5,99,182","5,31,509","11,30,691"
04-06-2014,U,"4,35,676","3,73,726","8,09,402"
04-07-2014,W,"9,13,081","7,53,038","16,66,119"
04-08-2014,W,"9,13,012","7,73,383","16,86,395"
04-09-2014,W,"9,77,698","8,05,182","17,82,880"
04-10-2014,W,"9,47,682","8,06,042","17,53,724"
04-11-2014,W,"9,53,384","8,03,062","17,56,446"
04-12-2014,A,"5,74,622","5,24,370","10,98,992"
04/13/2014,U,"3,90,666","3,30,841","7,21,507"
04/14/2014,W,"7,92,277","6,97,727","14,90,004"
04/15/2014,W,"8,44,484","7,34,464","15,78,948"
04/16/2014,W,"8,66,995","7,57,767","16,24,762"
04/17/2014,W,"8,64,791","7,70,728","16,35,519"
04/18/2014,W,"8,14,560","7,12,086","15,26,646"
04/19/2014,A,"5,68,016","4,76,147","10,44,163"
04/20/2014,U,"3,99,289","3,33,380","7,32,669"
04/21/2014,W,"8,76,478","7,41,631","16,18,109"
04/22/2014,W,"9,38,052","7,94,547","17,32,599"
04/23/2014,W,"9,11,681","7,93,484","17,05,165"
04/24/2014,W,"8,93,970","7,94,395","16,88,365"
04/25/2014,W,"9,36,028","7,97,851","17,33,879"
04/26/2014,A,"5,80,601","4,99,576","10,80,177"
04/27/2014,U,"4,00,302","3,44,503","7,44,805"
04/28/2014,W,"8,84,033","7,35,132","16,19,165"
04/29/2014,W,"9,19,869","7,70,461","16,90,330"
04/30/2014,W,"9,25,494","7,72,097","16,97,591"
05-01-2014,W,"9,85,012","7,88,162","17,73,174"
05-02-2014,W,"9,81,085","7,94,448","17,75,533"
05-03-2014,A,"6,32,332","5,11,129","11,43,461"
05-04-2014,U,"4,29,710","3,56,412","7,86,122"
05-05-2014,W,"9,63,691","7,69,476","17,33,167"
05-06-2014,W,"9,74,250","7,84,430","17,58,680"
05-07-2014,W,"9,67,197","7,73,634","17,40,831"
05-08-2014,W,"9,68,856","7,94,388","17,63,244"
05-09-2014,W,"9,21,741","7,62,641","16,84,382"
05-10-2014,A,"6,08,188","4,68,058","10,76,246"
05-11-2014,U,"4,02,497","3,21,063","7,23,560"
05-12-2014,W,"8,80,457","7,11,215","15,91,672"
05/13/2014,W,"9,04,717","7,35,362","16,40,079"
05/14/2014,W,"9,16,259","7,49,500","16,65,759"
05/15/2014,W,"8,90,597","7,51,405","16,42,002"
05/16/2014,W,"9,00,252","7,64,035","16,64,287"
05/17/2014,A,"5,79,674","4,92,704","10,72,378"
05/18/2014,U,"4,34,998","3,82,342","8,17,340"
05/19/2014,W,"8,85,010","7,32,346","16,17,356"
05/20/2014,W,"9,22,226","7,81,529","17,03,755"
05/21/2014,W,"9,25,959","7,90,957","17,16,916"
05/22/2014,W,"9,08,285","7,88,319","16,96,604"
05/23/2014,W,"9,06,712","7,63,127","16,69,839"
05/24/2014,A,"5,75,483","4,90,635","10,66,118"
05/25/2014,U,"4,50,296","4,03,930","8,54,226"
05/26/2014,U,"4,13,568","3,45,231","7,58,799"
05/27/2014,W,"8,80,521","7,28,464","16,08,985"
05/28/2014,W,"9,05,284","7,51,880","16,57,164"
05/29/2014,W,"9,01,067","7,62,505","16,63,572"
05/30/2014,W,"9,34,382","7,82,522","17,16,904"
05/31/2014,A,"6,00,856","5,07,919","11,08,775"
06-01-2014,U,"4,45,596","3,76,894","8,22,490"
06-02-2014,W,"8,64,622","7,26,524","15,91,146"
06-03-2014,W,"9,36,306","8,12,230","17,48,536"
06-04-2014,W,"8,79,397","7,62,035","16,41,432"
06-05-2014,W,"9,10,818","7,97,899","17,08,717"
06-06-2014,W,"9,06,586","7,96,373","17,02,959"
06-07-2014,A,"5,85,247","5,24,812","11,10,059"
06-08-2014,U,"4,29,503","3,93,358","8,22,861"
06-09-2014,W,"8,78,784","7,50,337","16,29,121"
06-10-2014,W,"8,59,477","7,48,307","16,07,784"
06-11-2014,W,"8,70,560","7,61,366","16,31,926"
06-12-2014,W,"8,80,810","7,79,426","16,60,236"
06/13/2014,W,"8,81,991","8,10,893","16,92,884"
06/14/2014,A,"5,81,799","5,56,285","11,38,084"
06/15/2014,U,"4,10,273","3,88,603","7,98,876"
06/16/2014,W,"7,96,802","7,29,177","15,25,979"
06/17/2014,W,"8,06,325","7,38,327","15,44,652"
06/18/2014,W,"7,66,725","7,17,546","14,84,271"
06/19/2014,W,"8,03,296","7,42,211","15,45,507"
06/20/2014,W,"8,13,597","7,75,063","15,88,660"
06/21/2014,A,"5,37,612","5,03,304","10,40,916"
06/22/2014,U,"4,52,933","4,27,533","8,80,466"
06/23/2014,W,"8,25,185","7,26,655","15,51,840"
06/24/2014,W,"8,59,711","7,55,376","16,15,087"
06/25/2014,W,"8,74,922","7,61,775","16,36,697"
06/26/2014,W,"8,83,107","7,79,277","16,62,384"
06/27/2014,W,"8,79,565","7,93,688","16,73,253"
06/28/2014,A,"5,74,082","5,24,253","10,98,335"
06/29/2014,U,"4,28,350","5,34,327","9,62,677"
06/30/2014,W,"7,66,381","6,97,417","14,63,798"
07-01-2014,W,"8,55,553","7,53,101","16,08,654"
07-02-2014,W,"8,24,805","7,25,327","15,50,132"
07-03-2014,W,"8,56,556","7,27,253","15,83,809"
07-04-2014,U,"4,78,993","4,73,842","9,52,835"
07-05-2014,A,"5,13,494","4,39,422","9,52,916"
07-06-2014,U,"4,10,521","3,54,469","7,64,990"
07-07-2014,W,"8,21,674","7,04,301","15,25,975"
07-08-2014,W,"8,36,929","7,25,372","15,62,301"
07-09-2014,W,"8,55,793","7,63,164","16,18,957"
07-10-2014,W,"8,54,968","7,82,968","16,37,936"
07-11-2014,W,"8,39,507","8,17,078","16,56,585"
07-12-2014,A,"4,97,531","4,71,216","9,68,747"
07/13/2014,U,"4,37,544","4,29,753","8,67,297"
07/14/2014,W,"8,03,242","7,16,634","15,19,876"
07/15/2014,W,"8,28,927","7,39,993","15,68,920"
07/16/2014,W,"8,44,384","7,52,925","15,97,309"
07/17/2014,W,"8,37,907","7,62,599","16,00,506"
07/18/2014,W,"8,39,720","8,19,331","16,59,051"
07/19/2014,A,"5,78,126","5,59,893","11,38,019"
07/20/2014,U,"4,23,665","4,31,674","8,55,339"
07/21/2014,W,"8,21,289","7,40,142","15,61,431"
07/22/2014,W,"8,25,700","7,65,642","15,91,342"
07/23/2014,W,"8,38,958","7,77,929","16,16,887"
07/24/2014,W,"8,33,052","7,90,076","16,23,128"
07/25/2014,W,"8,13,032","7,93,426","16,06,458"
07/26/2014,A,"5,63,247","5,40,197","11,03,444"
07/27/2014,U,"4,23,806","4,03,719","8,27,525"
07/28/2014,W,"8,10,122","7,30,188","15,40,310"
07/29/2014,W,"8,10,857","7,46,646","15,57,503"
07/30/2014,W,"8,15,885","7,60,415","15,76,300"
07/31/2014,W,"8,19,409","7,85,640","16,05,049"
08-01-2014,W,"8,41,692","8,24,658","16,66,350"
08-02-2014,A,"5,92,660","5,71,486","11,64,146"
08-03-2014,U,"4,20,667","4,41,136","8,61,803"
08-04-2014,W,"7,98,672","7,16,949","15,15,621"
08-05-2014,W,"8,24,134","7,37,875","15,62,009"
08-06-2014,W,"8,27,073","7,41,608","15,68,681"
08-07-2014,W,"8,27,473","7,45,930","15,73,403"
08-08-2014,W,"8,36,918","7,87,177","16,24,095"
08-09-2014,A,"5,82,607","5,52,265","11,34,872"
08-10-2014,U,"4,27,882","4,05,792","8,33,674"
08-11-2014,W,"7,72,003","7,18,836","14,90,839"
08-12-2014,W,"7,72,713","7,19,699","14,92,412"
08/13/2014,W,"8,17,833","7,45,654","15,63,487"
08/14/2014,W,"8,10,388","7,70,920","15,81,308"
08/15/2014,W,"8,20,884","7,49,693","15,70,577"
08/16/2014,A,"5,83,313","5,01,095","10,84,408"
08/17/2014,U,"4,22,345","3,82,210","8,04,555"
08/18/2014,W,"7,86,527","7,08,188","14,94,715"
08/19/2014,W,"7,87,767","7,27,891","15,15,658"
08/20/2014,W,"8,29,572","7,58,067","15,87,639"
08/21/2014,W,"7,71,537","7,39,451","15,10,988"
08/22/2014,W,"8,16,652","7,62,365","15,79,017"
08/23/2014,A,"5,17,416","4,59,047","9,76,463"
08/24/2014,U,"4,32,777","3,87,171","8,19,948"
08/25/2014,W,"7,87,836","7,12,661","15,00,497"
08/26/2014,W,"8,58,520","7,57,206","16,15,726"
08/27/2014,W,"8,74,420","7,68,933","16,43,353"
08/28/2014,W,"8,67,478","7,73,821","16,41,299"
08/29/2014,W,"8,71,087","7,81,881","16,52,968"
08/30/2014,A,"5,81,944","5,20,855","11,02,799"
08/31/2014,U,"4,51,820","4,48,668","9,00,488"
09-01-2014,U,"4,19,182","3,66,912","7,86,094"
09-02-2014,W,"9,52,266","7,73,307","17,25,573"
09-03-2014,W,"9,85,184","8,13,174","17,98,358"
09-04-2014,W,"9,42,676","7,94,090","17,36,766"
09-05-2014,W,"9,33,196","8,01,886","17,35,082"
09-06-2014,A,"5,93,846","5,34,590","11,28,436"
09-07-2014,U,"4,27,686","3,95,246","8,22,932"
09-08-2014,W,"9,56,395","7,86,501","17,42,896"
09-09-2014,W,"9,67,610","8,00,307","17,67,917"
09-10-2014,W,"8,98,549","7,88,458","16,87,007"
09-11-2014,W,"9,53,091","8,33,378","17,86,469"
09-12-2014,W,"9,29,062","8,17,716","17,46,778"
09/13/2014,A,"5,84,842","5,25,886","11,10,728"
09/14/2014,U,"4,31,379","3,86,903","8,18,282"
09/15/2014,W,"9,24,594","8,04,175","17,28,769"
09/16/2014,W,"9,64,802","8,27,582","17,92,384"
09/17/2014,W,"9,75,664","8,32,609","18,08,273"
09/18/2014,W,"9,67,453","8,48,591","18,16,044"
09/19/2014,W,"9,55,896","8,54,602","18,10,498"
09/20/2014,A,"5,66,053","5,11,922","10,77,975"
09/21/2014,U,"4,17,931","3,87,673","8,05,604"
09/22/2014,W,"9,47,353","8,19,134","17,66,487"
09/23/2014,W,"9,60,506","8,26,655","17,87,161"
09/24/2014,W,"9,61,323","8,33,600","17,94,923"
09/25/2014,W,"9,63,447","8,24,454","17,87,901"
09/26/2014,W,"9,57,961","8,14,285","17,72,246"
09/27/2014,A,"5,92,901","5,15,308","11,08,209"
09/28/2014,U,"4,23,502","3,86,129","8,09,631"
09/29/2014,W,"9,34,648","7,93,644","17,28,292"
09/30/2014,W,"9,45,847","8,05,360","17,51,207"
10-01-2014,W,"10,10,778","8,25,205","18,35,983"
10-02-2014,W,"9,60,602","8,20,764","17,81,366"
10-03-2014,W,"9,54,675","8,11,571","17,66,246"
10-04-2014,A,"5,57,711","4,82,714","10,40,425"
10-05-2014,U,"4,20,636","3,53,400","7,74,036"
10-06-2014,W,"9,57,372","7,98,793","17,56,165"
10-07-2014,W,"9,71,693","8,14,006","17,85,699"
10-08-2014,W,"9,72,010","8,22,875","17,94,885"
10-09-2014,W,"9,69,095","8,38,925","18,08,020"
10-10-2014,W,"9,54,800","8,39,036","17,93,836"
10-11-2014,A,"5,84,377","5,27,418","11,11,795"
10-12-2014,U,"3,89,901","5,49,571","9,39,472"
10/13/2014,W,"7,43,512","7,14,675","14,58,187"
10/14/2014,W,"9,14,687","8,14,971","17,29,658"
10/15/2014,W,"9,56,165","8,26,620","17,82,785"
10/16/2014,W,"9,59,217","8,48,014","18,07,231"
10/17/2014,W,"9,49,303","8,44,701","17,94,004"
10/18/2014,A,"5,67,859","5,25,540","10,93,399"
10/19/2014,U,"4,24,169","3,93,552","8,17,721"
10/20/2014,W,"9,39,282","8,01,698","17,40,980"
10/21/2014,W,"9,47,668","8,14,300","17,61,968"
10/22/2014,W,"9,59,209","8,18,395","17,77,604"
10/23/2014,W,"9,49,675","8,29,088","17,78,763"
10/24/2014,W,"9,43,435","8,15,235","17,58,670"
10/25/2014,A,"5,86,281","5,00,235","10,86,516"
10/26/2014,U,"4,10,811","3,62,143","7,72,954"
10/27/2014,W,"9,40,038","7,92,398","17,32,436"
10/28/2014,W,"9,53,363","8,12,867","17,66,230"
10/29/2014,W,"9,44,219","8,13,686","17,57,905"
10/30/2014,W,"9,51,547","8,30,872","17,82,419"
10/31/2014,W,"8,94,082","8,00,198","16,94,280"
11-01-2014,A,"5,56,675","4,91,328","10,48,003"
11-02-2014,U,"4,16,049","3,83,910","7,99,959"
11-03-2014,W,"9,95,821","8,05,002","18,00,823"
11-04-2014,W,"9,71,255","8,05,374","17,76,629"
11-05-2014,W,"9,90,008","8,27,900","18,17,908"
11-06-2014,W,"9,41,564","8,21,892","17,63,456"
11-07-2014,W,"8,73,365","8,02,400","16,75,765"
11-08-2014,A,"5,63,782","4,92,608","10,56,390"
11-09-2014,U,"4,11,806","3,79,597","7,91,403"
11-10-2014,W,"9,38,000","7,86,491","17,24,491"
11-11-2014,W,"7,59,033","6,98,289","14,57,322"
11-12-2014,W,"9,11,664","7,97,730","17,09,394"
11/13/2014,W,"8,66,929","7,89,154","16,56,083"
11/14/2014,W,"9,11,150","7,94,103","17,05,253"
11/15/2014,A,"5,32,937","4,58,706","9,91,643"
11/16/2014,U,"3,72,383","3,31,794","7,04,177"
11/17/2014,W,"8,63,661","7,58,113","16,21,774"
11/18/2014,W,"8,46,179","7,55,916","16,02,095"
11/19/2014,W,"8,89,137","7,74,198","16,63,335"
11/20/2014,W,"8,99,732","7,86,919","16,86,651"
11/21/2014,W,"8,98,889","7,87,291","16,86,180"
11/22/2014,A,"5,34,874","5,25,065","10,59,939"
11/23/2014,U,"3,80,928","3,40,202","7,21,130"
11/24/2014,W,"8,57,759","7,46,052","16,03,811"
11/25/2014,W,"8,89,039","7,80,322","16,69,361"
11/26/2014,W,"7,38,720","6,52,762","13,91,482"
11/27/2014,U,"2,85,946","2,33,318","5,19,264"
11/28/2014,W,"5,25,696","4,24,837","9,50,533"
11/29/2014,A,"4,93,851","4,17,770","9,11,621"
11/30/2014,U,"3,67,831","3,11,435","6,79,266"
12-01-2014,W,"9,12,722","7,43,704","16,56,426"
12-02-2014,W,"9,26,053","7,66,316","16,92,369"
12-03-2014,W,"9,64,141","7,82,753","17,46,894"
12-04-2014,W,"9,39,372","8,04,113","17,43,485"
12-05-2014,W,"9,37,187","8,00,885","17,38,072"
12-06-2014,A,"5,69,561","4,90,865","10,60,426"
12-07-2014,U,"3,97,656","3,34,688","7,32,344"
12-08-2014,W,"8,82,998","7,34,002","16,17,000"
12-09-2014,W,"9,11,402","7,58,780","16,70,182"
12-10-2014,W,"9,14,038","7,63,277","16,77,315"
12-11-2014,W,"9,22,765","7,74,798","16,97,563"
12-12-2014,W,"9,12,339","7,73,048","16,85,387"
12/13/2014,A,"5,75,613","4,98,945","10,74,558"
12/14/2014,U,"4,18,122","3,57,042","7,75,164"
12/15/2014,W,"8,71,449","7,25,989","15,97,438"
12/16/2014,W,"8,75,970","7,29,798","16,05,768"
12/17/2014,W,"8,68,378","7,20,814","15,89,192"
12/18/2014,W,"8,67,861","7,22,656","15,90,517"
12/19/2014,W,"8,57,137","7,16,221","15,73,358"
12/20/2014,A,"5,37,820","4,36,322","9,74,142"
12/21/2014,U,"3,97,000","3,32,367","7,29,367"
12/22/2014,W,"7,05,765","6,19,508","13,25,273"
12/23/2014,W,"7,20,116","6,17,728","13,37,844"
12/24/2014,W,"5,49,046","3,88,742","9,37,788"
12/25/2014,U,"2,38,015","1,59,831","3,97,846"
12/26/2014,W,"5,69,843","4,22,543","9,92,386"
12/27/2014,A,"4,49,446","3,37,243","7,86,689"
12/28/2014,U,"3,53,263","2,83,343","6,36,606"
12/29/2014,W,"6,54,612","5,59,416","12,14,028"
12/30/2014,W,"6,46,243","5,67,099","12,13,342"
12/31/2014,W,"5,99,316","6,42,981","12,42,297"
01-01-2015,U,"3,00,426","2,87,754","5,88,180"
01-02-2015,W,"6,56,375","5,27,583","11,83,958"
01-03-2015,A,"4,41,327","3,40,135","7,81,462"
01-04-2015,U,"3,30,082","2,67,676","5,97,758"
01-05-2015,W,"7,53,918","6,57,877","14,11,795"
01-06-2015,W,"7,71,953","6,79,913","14,51,866"
01-07-2015,W,"5,08,815","5,09,075","10,17,890"
01-08-2015,W,"5,58,275","5,79,994","11,38,269"
01-09-2015,W,"7,15,334","6,39,901","13,55,235"
01-10-2015,A,"4,35,672","3,52,140","7,87,812"
01-11-2015,U,"3,49,027","2,79,494","6,28,521"
01-12-2015,W,"8,71,183","7,38,697","16,09,880"
01/13/2015,W,"8,81,226","7,43,774","16,25,000"
01/14/2015,W,"8,85,449","7,42,410","16,27,859"
01/15/2015,W,"8,99,363","7,60,336","16,59,699"
01/16/2015,W,"8,98,222","7,48,177","16,46,399"
01/17/2015,A,"5,39,500","4,17,756","9,57,256"
01/18/2015,U,"3,91,445","3,00,710","6,92,155"
01/19/2015,W,"5,97,347","5,02,376","10,99,723"
01/20/2015,W,"9,13,930","7,54,946","16,68,876"
01/21/2015,W,"9,05,178","7,56,860","16,62,038"
01/22/2015,W,"9,03,230","7,61,705","16,64,935"
01/23/2015,W,"9,02,567","7,47,376","16,49,943"
01/24/2015,A,"5,38,766","4,15,123","9,53,889"
01/25/2015,U,"3,39,402","2,79,154","6,18,556"
01/26/2015,W,"8,96,430","7,38,965","16,35,395"
01/27/2015,W,"9,13,448","7,64,457","16,77,905"
01/28/2015,W,"9,22,297","7,63,680","16,85,977"
01/29/2015,W,"8,98,174","7,60,217","16,58,391"
01/30/2015,W,"9,33,971","7,54,968","16,88,939"
01/31/2015,A,"5,51,745","4,19,577","9,71,322"
02-01-2015,U,"2,93,689","2,70,615","5,64,304"
02-02-2015,W,"6,32,367","5,63,770","11,96,137"
02-03-2015,W,"9,47,457","8,06,148","17,53,605"
02-04-2015,W,"9,57,218","7,91,399","17,48,617"
02-05-2015,W,"9,32,148","7,80,378","17,12,526"
02-06-2015,W,"9,59,648","7,68,091","17,27,739"
02-07-2015,A,"6,00,789","4,39,214","10,40,003"
02-08-2015,U,"3,99,923","2,98,701","6,98,624"
02-09-2015,W,"9,36,475","7,50,136","16,86,611"
02-10-2015,W,"9,65,833","7,72,727","17,38,560"
02-11-2015,W,"9,66,071","7,70,885","17,36,956"
02-12-2015,W,"8,83,395","7,29,249","16,12,644"
02/13/2015,W,"9,11,949","7,40,559","16,52,508"
02/14/2015,A,"5,14,916","3,80,652","8,95,568"
02/15/2015,U,"3,36,299","2,76,160","6,12,459"
02/16/2015,W,"6,52,807","5,47,767","12,00,574"
02/17/2015,W,"9,12,529","7,45,575","16,58,104"
02/18/2015,W,"8,33,785","7,07,746","15,41,531"
02/19/2015,W,"5,76,326","5,75,180","11,51,506"
02/20/2015,W,"8,47,700","6,97,600","15,45,300"
02/21/2015,A,"5,65,948","4,10,400","9,76,348"
02/22/2015,U,"3,78,733","2,99,663","6,78,396"
02/23/2015,W,"8,57,014","7,00,742","15,57,756"
02/24/2015,W,"9,01,872","7,28,674","16,30,546"
02/25/2015,W,"9,05,748","7,52,497","16,58,245"
02/26/2015,W,"8,57,402","7,55,359","16,12,761"
02/27/2015,W,"9,03,421","7,36,663","16,40,084"
02/28/2015,A,"5,42,479","4,05,241","9,47,720"
03-01-2015,U,"3,83,971","2,93,964","6,77,935"
03-02-2015,W,"9,12,384","7,15,945","16,28,329"
03-03-2015,W,"9,04,439","7,35,951","16,40,390"
03-04-2015,W,"9,28,771","7,50,369","16,79,140"
03-05-2015,W,"9,09,192","7,44,229","16,53,421"
03-06-2015,W,"9,09,446","7,32,902","16,42,348"
03-07-2015,A,"5,85,771","4,27,330","10,13,101"
03-08-2015,U,"3,99,324","3,09,962","7,09,286"
03-09-2015,W,"9,35,951","7,52,995","16,88,946"
03-10-2015,W,"9,53,173","7,67,551","17,20,724"
03-11-2015,W,"9,55,083","7,78,171","17,33,254"
03-12-2015,W,"9,53,310","7,90,210","17,43,520"
03/13/2015,W,"9,50,690","8,01,547","17,52,237"
03/14/2015,A,"6,05,758","6,73,707","12,79,465"
03/15/2015,U,"4,32,055","3,62,045","7,94,100"
03/16/2015,W,"9,39,583","7,68,218","17,07,801"
03/17/2015,W,"9,34,438","7,70,081","17,04,519"
03/18/2015,W,"9,37,056","7,71,625","17,08,681"
03/19/2015,W,"9,28,929","7,71,127","17,00,056"
03/20/2015,W,"9,32,331","7,60,906","16,93,237"
03/21/2015,A,"5,66,447","4,47,493","10,13,940"
03/22/2015,U,"3,83,134","3,06,283","6,89,417"
03/23/2015,W,"8,17,246","6,93,264","15,10,510"
03/24/2015,W,"9,04,344","7,27,888","16,32,232"
03/25/2015,W,"9,16,538","7,34,311","16,50,849"
03/26/2015,W,"9,25,361","7,36,687","16,62,048"
03/27/2015,W,"8,88,293","7,26,738","16,15,031"
03/28/2015,A,"5,39,031","4,29,689","9,68,720"
03/29/2015,U,"3,62,329","3,25,865","6,88,194"
03/30/2015,W,"9,03,992","7,36,692","16,40,684"
03/31/2015,W,"9,22,487","7,53,405","16,75,892"
04-01-2015,W,"9,74,353","7,84,085","17,58,438"
04-02-2015,W,"8,97,550","7,61,806","16,59,356"
04-03-2015,W,"8,14,328","6,81,130","14,95,458"
04-04-2015,A,"5,82,015","4,27,101","10,09,116"
04-05-2015,U,"3,93,690","3,27,292","7,20,982"
04-06-2015,W,"8,07,389","7,11,923","15,19,312"
04-07-2015,W,"8,13,597","7,27,328","15,40,925"
04-08-2015,W,"8,22,289","7,50,275","15,72,564"
04-09-2015,W,"7,48,326","7,11,033","14,59,359"
04-10-2015,W,"8,28,661","7,57,159","15,85,820"
04-11-2015,A,"5,86,791","4,69,045","10,55,836"
04-12-2015,U,"4,10,420","3,32,334","7,42,754"
04/13/2015,W,"9,08,654","7,67,492","16,76,146"
04/14/2015,W,"9,46,490","7,96,083","17,42,573"
04/15/2015,W,"9,04,861","7,96,244","17,01,105"
04/16/2015,W,"8,90,058","7,91,213","16,81,271"
04/17/2015,W,"9,36,814","8,18,272","17,55,086"
04/18/2015,A,"5,99,954","5,03,902","11,03,856"
04/19/2015,U,"3,94,676","3,38,222","7,32,898"
04/20/2015,W,"9,07,393","7,62,726","16,70,119"
04/21/2015,W,"9,31,681","7,79,658","17,11,339"
04/22/2015,W,"9,25,517","7,80,432","17,05,949"
04/23/2015,W,"9,35,537","7,99,888","17,35,425"
04/24/2015,W,"9,12,926","7,82,626","16,95,552"
04/25/2015,A,"4,96,407","4,35,893","9,32,300"
04/26/2015,U,"4,19,729","3,52,658","7,72,387"
04/27/2015,W,"9,25,541","7,69,888","16,95,429"
04/28/2015,W,"9,41,909","7,89,018","17,30,927"
04/29/2015,W,"9,34,550","7,93,551","17,28,101"
04/30/2015,W,"9,23,564","8,17,167","17,40,731"
05-01-2015,W,"9,93,931","8,35,711","18,29,642"
05-02-2015,A,"6,29,640","5,48,837","11,78,477"
05-03-2015,U,"4,35,591","3,79,014","8,14,605"
05-04-2015,W,"9,33,337","7,56,442","16,89,779"
05-05-2015,W,"9,18,652","7,69,751","16,88,403"
05-06-2015,W,"9,51,886","7,89,988","17,41,874"
05-07-2015,W,"9,56,437","8,10,302","17,66,739"
05-08-2015,W,"9,16,218","7,80,602","16,96,820"
05-09-2015,A,"5,72,064","4,55,436","10,27,500"
05-10-2015,U,"3,85,323","3,15,215","7,00,538"
05-11-2015,W,"8,69,148","7,43,353","16,12,501"
05-12-2015,W,"9,04,654","7,70,185","16,74,839"
05/13/2015,W,"9,26,402","7,84,501","17,10,903"
05/14/2015,W,"9,12,634","7,95,093","17,07,727"
05/15/2015,W,"9,21,190","8,04,671","17,25,861"
05/16/2015,A,"5,61,092","4,93,377","10,54,469"
05/17/2015,U,"4,15,263","3,73,832","7,89,095"
05/18/2015,W,"9,08,842","7,61,991","16,70,833"
05/19/2015,W,"9,02,867","7,59,919","16,62,786"
05/20/2015,W,"9,06,942","7,60,399","16,67,341"
05/21/2015,W,"9,21,476","7,84,762","17,06,238"
05/22/2015,W,"9,08,692","7,60,362","16,69,054"
05/23/2015,A,"5,75,386","5,01,879","10,77,265"
05/24/2015,U,"4,01,488","3,66,008","7,67,496"
05/25/2015,U,"3,97,951","3,57,227","7,55,178"
05/26/2015,W,"8,78,946","7,43,291","16,22,237"
05/27/2015,W,"9,21,204","7,83,749","17,04,953"
05/28/2015,W,"9,25,094","7,87,104","17,12,198"
05/29/2015,W,"8,92,551","8,00,510","16,93,061"
05/30/2015,A,"4,81,814","4,28,464","9,10,278"
05/31/2015,U,"3,88,866","3,51,159","7,40,025"
06-01-2015,W,"9,42,997","7,57,975","17,00,972"
06-02-2015,W,"9,33,346","7,79,073","17,12,419"
06-03-2015,W,"9,64,899","7,94,693","17,59,592"
06-04-2015,W,"9,38,834","7,97,464","17,36,298"
06-05-2015,W,"9,19,157","7,84,462","17,03,619"
06-06-2015,A,"6,06,641","5,11,352","11,17,993"
06-07-2015,U,"3,88,946","3,37,748","7,26,694"
06-08-2015,W,"8,91,851","7,59,176","16,51,027"
06-09-2015,W,"9,32,006","7,92,806","17,24,812"
06-10-2015,W,"9,15,049","8,01,607","17,16,656"
06-11-2015,W,"8,98,644","8,11,432","17,10,076"
06-12-2015,W,"8,54,059","8,12,194","16,66,253"
06/13/2015,A,"5,90,950","5,66,965","11,57,915"
06/14/2015,U,"4,19,317","4,07,107","8,26,424"
06/15/2015,W,"8,17,931","7,74,439","15,92,370"
06/16/2015,W,"9,11,783","8,18,185","17,29,968"
06/17/2015,W,"8,69,500","7,75,968","16,45,468"
06/18/2015,W,"8,67,529","9,14,768","17,82,297"
06/19/2015,W,"8,93,122","8,13,552","17,06,674"
06/20/2015,A,"5,63,855","5,00,734","10,64,589"
06/21/2015,U,"4,39,513","3,90,557","8,30,070"
06/22/2015,W,"7,59,346","7,31,448","14,90,794"
06/23/2015,W,"8,40,211","7,94,064","16,34,275"
06/24/2015,W,"8,21,308","7,87,858","16,09,166"
06/25/2015,W,"8,08,260","7,91,423","15,99,683"
06/26/2015,W,"7,73,954","7,48,661","15,22,615"
06/27/2015,A,"5,70,969","5,09,237","10,80,206"
06/28/2015,U,"4,39,944","5,77,866","10,17,810"
06/29/2015,W,"7,97,072","7,30,941","15,28,013"
06/30/2015,W,"8,35,118","7,51,277","15,86,395"
07-01-2015,W,"8,86,380","7,62,718","16,49,098"
07-02-2015,W,"8,50,667","7,73,838","16,24,505"
07-03-2015,U,"6,02,599","6,12,736","12,15,335"
07-04-2015,A,"5,08,110","5,45,727","10,53,837"
07-05-2015,U,"4,27,090","4,35,680","8,62,770"
07-06-2015,W,"8,16,338","7,70,918","15,87,256"
07-07-2015,W,"8,34,983","7,94,300","16,29,283"
07-08-2015,W,"8,48,028","8,13,381","16,61,409"
07-09-2015,W,"8,56,253","8,34,100","16,90,353"
07-10-2015,W,"8,58,745","8,51,630","17,10,375"
07-11-2015,A,"5,75,848","5,60,642","11,36,490"
07-12-2015,U,"4,57,477","4,68,153","9,25,630"
07/13/2015,W,"7,84,509","7,27,235","15,11,744"
07/14/2015,W,"8,36,909","7,60,527","15,97,436"
07/15/2015,W,"8,59,672","7,75,047","16,34,719"
07/16/2015,W,"8,02,468","7,62,144","15,64,612"
07/17/2015,W,"8,22,257","8,09,549","16,31,806"
07/18/2015,A,"5,29,845","5,15,769","10,45,614"
07/19/2015,U,"4,40,059","4,43,655","8,83,714"
07/20/2015,W,"8,19,425","7,49,387","15,68,812"
07/21/2015,W,"8,48,416","7,82,194","16,30,610"
07/22/2015,W,"8,44,761","7,85,763","16,30,524"
07/23/2015,W,"8,44,483","7,83,822","16,28,305"
07/24/2015,W,"8,30,024","8,18,410","16,48,434"
07/25/2015,A,"5,73,827","5,39,665","11,13,492"
07/26/2015,U,"4,19,005","4,02,975","8,21,980"
07/27/2015,W,"8,20,529","7,60,311","15,80,840"
07/28/2015,W,"8,27,024","7,82,394","16,09,418"
07/29/2015,W,"8,14,733","8,20,373","16,35,106"
07/30/2015,W,"8,25,894","8,11,903","16,37,797"
07/31/2015,W,"8,34,790","8,71,817","17,06,607"
08-01-2015,A,"5,74,270","5,87,633","11,61,903"
08-02-2015,U,"4,25,896","4,69,421","8,95,317"
08-03-2015,W,"8,33,632","7,51,771","15,85,403"
08-04-2015,W,"8,39,704","7,62,573","16,02,277"
08-05-2015,W,"8,31,758","7,65,442","15,97,200"
08-06-2015,W,"8,25,012","7,95,399","16,20,411"
08-07-2015,W,"8,31,076","7,98,253","16,29,329"
08-08-2015,A,"5,77,878","5,34,305","11,12,183"
08-09-2015,U,"4,14,942","3,84,961","7,99,903"
08-10-2015,W,"7,72,518","7,16,242","14,88,760"
08-11-2015,W,"8,23,620","7,70,361","15,93,981"
08-12-2015,W,"8,17,244","7,72,367","15,89,611"
08/13/2015,W,"8,17,948","7,90,163","16,08,111"
08/14/2015,W,"8,13,718","7,60,558","15,74,276"
08/15/2015,A,"5,67,544","5,17,393","10,84,937"
08/16/2015,U,"4,48,872","4,20,453","8,69,325"
08/17/2015,W,"7,75,836","7,08,821","14,84,657"
08/18/2015,W,"7,82,272","7,45,246","15,27,518"
08/19/2015,W,"8,01,496","7,68,950","15,70,446"
08/20/2015,W,"8,20,929","7,78,440","15,99,369"
08/21/2015,W,"8,29,744","7,85,707","16,15,451"
08/22/2015,A,"5,82,295","5,19,930","11,02,225"
08/23/2015,U,"4,12,542","3,93,966","8,06,508"
08/24/2015,W,"8,24,140","7,74,207","15,98,347"
08/25/2015,W,"8,38,405","7,68,794","16,07,199"
08/26/2015,W,"8,60,821","7,74,429","16,35,250"
08/27/2015,W,"8,58,460","8,03,728","16,62,188"
08/28/2015,W,"8,41,111","7,70,482","16,11,593"
08/29/2015,A,"5,20,511","4,68,675","9,89,186"
08/30/2015,U,"4,17,777","3,71,923","7,89,700"
08/31/2015,W,"8,36,125","7,71,622","16,07,747"
09-01-2015,W,"9,09,864","7,99,606","17,09,470"
09-02-2015,W,"8,82,052","7,92,561","16,74,613"
09-03-2015,W,"9,07,453","8,00,062","17,07,515"
09-04-2015,W,"8,69,966","8,02,219","16,72,185"
09-05-2015,A,"5,71,868","5,28,694","11,00,562"
09-06-2015,U,"4,52,841","4,52,445","9,05,286"
09-07-2015,U,"4,19,206","3,62,421","7,81,627"
09-08-2015,W,"8,85,886","7,56,110","16,41,996"
09-09-2015,W,"9,66,510","8,21,823","17,88,333"
09-10-2015,W,"9,28,707","8,23,661","17,52,368"
09-11-2015,W,"9,24,272","8,72,323","17,96,595"
09-12-2015,A,"5,53,239","5,30,282","10,83,521"
09/13/2015,U,"4,23,559","4,17,183","8,40,742"
09/14/2015,W,"9,30,582","8,03,746","17,34,328"
09/15/2015,W,"9,56,026","8,53,826","18,09,852"
09/16/2015,W,"9,56,622","8,40,594","17,97,216"
09/17/2015,W,"9,27,771","8,51,514","17,79,285"
09/18/2015,W,"8,95,702","8,53,094","17,48,796"
09/19/2015,A,"5,58,990","5,57,919","11,16,909"
09/20/2015,U,"4,33,770","4,28,858","8,62,628"
09/21/2015,W,"9,35,471","8,37,061","17,72,532"
09/22/2015,W,"9,47,566","8,42,632","17,90,198"
09/23/2015,W,"9,42,933","8,38,495","17,81,428"
09/24/2015,W,"9,42,518","8,35,403","17,77,921"
09/25/2015,W,"9,51,827","8,63,209","18,15,036"
09/26/2015,A,"5,98,862","5,65,634","11,64,496"
09/27/2015,U,"4,22,542","4,06,802","8,29,344"
09/28/2015,W,"9,29,278","8,29,791","17,59,069"
09/29/2015,W,"9,14,286","8,22,855","17,37,141"
09/30/2015,W,"9,46,374","8,35,001","17,81,375"
10-01-2015,W,"9,93,576","8,48,050","18,41,626"
10-02-2015,W,"9,81,039","8,37,159","18,18,198"
10-03-2015,A,"5,71,153","4,88,574","10,59,727"
10-04-2015,U,"4,17,529","3,71,950","7,89,479"
10-05-2015,W,"9,48,999","8,05,091","17,54,090"
10-06-2015,W,"9,67,808","8,31,137","17,98,945"
10-07-2015,W,"9,70,204","8,54,361","18,24,565"
10-08-2015,W,"9,59,798","8,51,423","18,11,221"
10-09-2015,W,"9,31,769","8,54,606","17,86,375"
10-10-2015,A,"5,77,667","5,41,173","11,18,840"
10-11-2015,U,"4,00,140","5,58,033","9,58,173"
10-12-2015,W,"7,59,254","7,76,968","15,36,222"
10/13/2015,W,"9,47,941","8,73,747","18,21,688"
10/14/2015,W,"9,54,519","8,45,066","17,99,585"
10/15/2015,W,"9,46,290","8,60,809","18,07,099"
10/16/2015,W,"9,36,818","8,55,252","17,92,070"
10/17/2015,A,"5,78,160","5,46,096","11,24,256"
10/18/2015,U,"4,15,455","3,92,712","8,08,167"
10/19/2015,W,"9,30,236","8,19,286","17,49,522"
10/20/2015,W,"9,50,953","8,75,792","18,26,745"
10/21/2015,W,"9,55,633","8,82,188","18,37,821"
10/22/2015,W,"9,42,983","8,52,957","17,95,940"
10/23/2015,W,"9,15,489","8,28,812","17,44,301"
10/24/2015,A,"5,56,146","4,92,083","10,48,229"
10/25/2015,U,"4,15,182","3,68,100","7,83,282"
10/26/2015,W,"9,29,741","8,05,144","17,34,885"
10/27/2015,W,"9,16,953","8,24,772","17,41,725"
10/28/2015,W,"9,10,794","8,26,173","17,36,967"
10/29/2015,W,"9,16,453","8,37,868","17,54,321"
10/30/2015,W,"9,49,185","8,40,246","17,89,431"
10/31/2015,A,"5,00,004","4,18,362","9,18,366"
11-01-2015,U,"4,36,791","3,78,873","8,15,664"
11-02-2015,W,"9,40,464","8,17,657","17,58,121"
11-03-2015,W,"9,87,382","8,30,460","18,17,842"
11-04-2015,W,"9,56,176","8,42,035","17,98,211"
11-05-2015,W,"9,42,300","8,51,684","17,93,984"
11-06-2015,W,"9,25,054","8,32,872","17,57,926"
11-07-2015,A,"5,73,470","4,96,404","10,69,874"
11-08-2015,U,"4,14,784","3,79,185","7,93,969"
11-09-2015,W,"9,23,927","8,11,177","17,35,104"
11-10-2015,W,"9,40,362","8,32,141","17,72,503"
11-11-2015,W,"7,55,234","7,38,828","14,94,062"
11-12-2015,W,"8,79,349","8,20,988","17,00,337"
11/13/2015,W,"8,37,532","8,04,273","16,41,805"
11/14/2015,A,"5,45,554","4,75,091","10,20,645"
11/15/2015,U,"4,11,704","3,52,488","7,64,192"
11/16/2015,W,"9,08,305","7,97,597","17,05,902"
11/17/2015,W,"8,80,013","8,01,291","16,81,304"
11/18/2015,W,"8,93,671","8,08,901","17,02,572"
11/19/2015,W,"8,84,290","8,11,595","16,95,885"
11/20/2015,W,"8,94,949","8,12,590","17,07,539"
11/21/2015,A,"4,29,624","4,69,943","8,99,567"
11/22/2015,U,"3,56,953","3,38,408","6,95,361"
11/23/2015,W,"8,77,236","7,81,545","16,58,781"
11/24/2015,W,"8,98,177","8,05,812","17,03,989"
11/25/2015,W,"7,35,265","6,67,707","14,02,972"
11/26/2015,U,"2,88,282","2,34,285","5,22,567"
11/27/2015,W,"4,43,089","4,10,220","8,53,309"
11/28/2015,A,"4,59,598","3,96,926","8,56,524"
11/29/2015,U,"3,65,314","3,12,990","6,78,304"
11/30/2015,W,"8,70,662","7,56,626","16,27,288"
12-01-2015,W,"9,49,925","7,94,768","17,44,693"
12-02-2015,W,"9,06,715","7,92,020","16,98,735"
12-03-2015,W,"9,40,609","8,07,065","17,47,674"
12-04-2015,W,"9,30,083","8,15,301","17,45,384"
12-05-2015,A,"5,66,882","5,01,339","10,68,221"
12-06-2015,U,"4,11,174","3,60,066","7,71,240"
12-07-2015,W,"8,98,172","7,58,242","16,56,414"
12-08-2015,W,"9,10,018","7,75,695","16,85,713"
12-09-2015,W,"9,16,281","7,89,224","17,05,505"
12-10-2015,W,"9,09,606","7,96,080","17,05,686"
12-11-2015,W,"9,12,854","8,01,907","17,14,761"
12-12-2015,A,"5,41,305","4,91,199","10,32,504"
12/13/2015,U,"3,83,666","3,44,084","7,27,750"
12/14/2015,W,"8,49,106","7,28,299","15,77,405"
12/15/2015,W,"8,84,506","7,55,882","16,40,388"
12/16/2015,W,"8,71,638","7,55,292","16,26,930"
12/17/2015,W,"8,64,846","7,52,203","16,17,049"
12/18/2015,W,"8,46,033","7,38,908","15,84,941"
12/19/2015,A,"5,06,208","4,23,960","9,30,168"
12/20/2015,U,"3,92,051","3,26,681","7,18,732"
12/21/2015,W,"6,96,473","6,44,071","13,40,544"
12/22/2015,W,"7,22,061","6,64,559","13,86,620"
12/23/2015,W,"6,54,312","5,71,814","12,26,126"
12/24/2015,W,"5,31,521","3,78,784","9,10,305"
12/25/2015,U,"2,31,718","1,62,100","3,93,818"
12/26/2015,A,"3,87,357","2,92,832","6,80,189"
12/27/2015,U,"3,34,737","2,72,169","6,06,906"
12/28/2015,W,"5,14,171","4,84,349","9,98,520"
12/29/2015,W,"6,38,221","5,71,322","12,09,543"
12/30/2015,W,"6,36,706","5,85,337","12,22,043"
12/31/2015,W,"6,04,409","5,65,772","11,70,181"
01-01-2016,U,"3,03,321","3,19,835","6,23,156"
01-02-2016,A,"4,48,859","3,65,509","8,14,368"
01-03-2016,U,"3,40,540","2,87,661","6,28,201"
01-04-2016,W,"8,29,429","7,03,185","15,32,614"
01-05-2016,W,"8,46,789","7,27,716","15,74,505"
01-06-2016,W,"8,53,904","7,33,167","15,87,071"
01-07-2016,W,"8,46,274","7,36,809","15,83,083"
01-08-2016,W,"8,41,494","7,32,495","15,73,989"
01-09-2016,A,"4,69,539","3,91,597","8,61,136"
01-10-2016,U,"3,06,896","2,63,073","5,69,969"
01-11-2016,W,"7,53,006","6,94,734","14,47,740"
01-12-2016,W,"7,60,149","7,05,694","14,65,843"
01/13/2016,W,"7,87,220","7,16,663","15,03,883"
01/14/2016,W,"8,59,099","7,58,116","16,17,215"
01/15/2016,W,"8,58,032","7,42,622","16,00,654"
01/16/2016,A,"4,86,797","4,04,212","8,91,009"
01/17/2016,U,"2,66,532","2,41,160","5,07,692"
01/18/2016,W,"4,39,597","4,05,686","8,45,283"
01/19/2016,W,"8,10,646","7,27,458","15,38,104"
01/20/2016,W,"8,56,911","7,58,524","16,15,435"
01/21/2016,W,"8,73,177","7,66,262","16,39,439"
01/22/2016,W,"8,41,282","7,45,168","15,86,450"
01/23/2016,A,"4,87,975","4,16,999","9,04,974"
01/24/2016,U,"3,52,859","2,93,804","6,46,663"
01/25/2016,W,"8,65,486","7,51,104","16,16,590"
01/26/2016,W,"8,72,768","7,64,023","16,36,791"
01/27/2016,W,"8,82,832","7,68,241","16,51,073"
01/28/2016,W,"8,77,280","7,71,161","16,48,441"
01/29/2016,W,"8,63,548","7,51,090","16,14,638"
01/30/2016,A,"5,10,514","4,27,874","9,38,388"
01/31/2016,U,"3,58,361","2,93,056","6,51,417"
02-01-2016,W,"9,26,781","7,59,849","16,86,630"
02-02-2016,W,"8,33,911","7,39,247","15,73,158"
02-03-2016,W,"9,25,655","7,72,821","16,98,476"
02-04-2016,W,"9,01,406","7,78,227","16,79,633"
02-05-2016,W,"7,85,587","7,31,495","15,17,082"
02-06-2016,A,"5,22,296","4,23,602","9,45,898"
02-07-2016,U,"3,77,642","3,01,141","6,78,783"
02-08-2016,W,"8,56,547","7,33,387","15,89,934"
02-09-2016,W,"8,58,961","7,52,849","16,11,810"
02-10-2016,W,"8,50,090","7,42,445","15,92,535"
02-11-2016,W,"8,66,884","7,52,703","16,19,587"
02-12-2016,W,"8,20,833","7,06,242","15,27,075"
02/13/2016,A,"4,38,203","3,92,095","8,30,298"
02/14/2016,U,"3,39,238","3,14,191","6,53,429"
02/15/2016,W,"6,05,584","5,48,390","11,53,974"
02/16/2016,W,"8,83,108","7,64,147","16,47,255"
02/17/2016,W,"8,89,758","7,66,940","16,56,698"
02/18/2016,W,"8,90,627","7,73,317","16,63,944"
02/19/2016,W,"8,87,914","7,61,996","16,49,910"
02/20/2016,A,"5,66,721","4,64,149","10,30,870"
02/21/2016,U,"3,78,769","3,11,190","6,89,959"
02/22/2016,W,"8,69,531","7,45,072","16,14,603"
02/23/2016,W,"8,90,949","7,65,309","16,56,258"
02/24/2016,W,"7,95,160","7,25,712","15,20,872"
02/25/2016,W,"8,55,117","7,62,858","16,17,975"
02/26/2016,W,"8,65,397","7,49,991","16,15,388"
02/27/2016,A,"5,36,678","4,55,421","9,92,099"
02/28/2016,U,"3,85,121","3,23,758","7,08,879"
02/29/2016,W,"8,62,380","7,42,972","16,05,352"
03-01-2016,W,"8,59,775","7,41,922","16,01,697"
03-02-2016,W,"8,78,633","7,60,062","16,38,695"
03-03-2016,W,"8,82,188","7,64,033","16,46,221"
03-04-2016,W,"8,83,059","7,54,750","16,37,809"
03-05-2016,A,"5,03,983","4,21,193","9,25,176"
03-06-2016,U,"3,93,610","3,27,173","7,20,783"
03-07-2016,W,"8,66,171","7,39,174","16,05,345"
03-08-2016,W,"9,02,888","7,81,301","16,84,189"
03-09-2016,W,"8,82,030","7,68,961","16,50,991"
03-10-2016,W,"8,88,084","7,80,687","16,68,771"
03-11-2016,W,"8,86,599","7,97,977","16,84,576"
03-12-2016,A,"5,42,246","6,05,182","11,47,428"
03/13/2016,U,"3,32,203","3,03,129","6,35,332"
03/14/2016,W,"8,70,740","7,66,595","16,37,335"
03/15/2016,W,"8,87,592","7,69,441","16,57,033"
03/16/2016,W,"8,76,232","7,79,846","16,56,078"
03/17/2016,W,"8,91,580","7,93,590","16,85,170"
03/18/2016,W,"8,75,707","7,65,919","16,41,626"
03/19/2016,A,"5,20,426","4,38,020","9,58,446"
03/20/2016,U,"3,88,282","3,18,670","7,06,952"
03/21/2016,W,"8,45,669","7,07,127","15,52,796"
03/22/2016,W,"8,63,201","7,27,343","15,90,544"
03/23/2016,W,"8,38,201","7,14,672","15,52,873"
03/24/2016,W,"7,70,638","6,89,517","14,60,155"
03/25/2016,W,"7,22,960","6,50,870","13,73,830"
03/26/2016,A,"5,18,549","4,15,919","9,34,468"
03/27/2016,U,"3,42,269","2,78,098","6,20,367"
03/28/2016,W,"8,42,760","7,31,858","15,74,618"
03/29/2016,W,"8,91,134","7,66,072","16,57,206"
03/30/2016,W,"8,60,700","7,50,353","16,11,053"
03/31/2016,W,"8,32,775","7,58,014","15,90,789"
04-01-2016,W,"8,48,592","7,67,974","16,16,566"
04-02-2016,A,"4,92,072","4,06,616","8,98,688"
04-03-2016,U,"3,96,042","3,45,432","7,41,474"
04-04-2016,W,"8,57,791","7,41,710","15,99,501"
04-05-2016,W,"8,98,889","7,74,877","16,73,766"
04-06-2016,W,"8,51,050","7,63,128","16,14,178"
04-07-2016,W,"8,67,670","7,86,281","16,53,951"
04-08-2016,W,"7,82,419","7,53,786","15,36,205"
04-09-2016,A,"5,09,980","4,46,082","9,56,062"
04-10-2016,U,"3,45,627","3,01,954","6,47,581"
04-11-2016,W,"8,78,043","7,89,042","16,67,085"
04-12-2016,W,"8,86,265","7,77,658","16,63,923"
04/13/2016,W,"8,50,705","7,96,616","16,47,321"
04/14/2016,W,"8,63,513","8,05,071","16,68,584"
04/15/2016,W,"8,81,603","8,06,015","16,87,618"
04/16/2016,A,"5,54,744","5,05,299","10,60,043"
04/17/2016,U,"4,09,732","3,76,485","7,86,217"
04/18/2016,W,"7,85,035","7,32,335","15,17,370"
04/19/2016,W,"7,65,854","7,41,141","15,06,995"
04/20/2016,W,"7,74,694","7,45,040","15,19,734"
04/21/2016,W,"7,68,704","7,54,746","15,23,450"
04/22/2016,W,"7,45,475","7,21,051","14,66,526"
04/23/2016,A,"5,03,944","4,45,282","9,49,226"
04/24/2016,U,"3,97,080","3,43,644","7,40,724"
04/25/2016,W,"8,54,155","7,51,951","16,06,106"
04/26/2016,W,"8,62,743","7,82,134","16,44,877"
04/27/2016,W,"8,56,722","7,82,591","16,39,313"
04/28/2016,W,"8,51,720","8,21,158","16,72,878"
04/29/2016,W,"8,93,284","8,15,629","17,08,913"
04/30/2016,A,"4,74,138","4,16,588","8,90,726"
05-01-2016,U,"3,76,131","3,34,275","7,10,406"
05-02-2016,W,"8,78,407","7,51,259","16,29,666"
05-03-2016,W,"8,79,141","7,69,834","16,48,975"
05-04-2016,W,"8,79,217","7,67,760","16,46,977"
05-05-2016,W,"8,98,541","8,18,665","17,17,206"
05-06-2016,W,"8,77,873","8,14,758","16,92,631"
05-07-2016,A,"5,12,770","4,84,312","9,97,082"
05-08-2016,U,"3,93,146","3,57,946","7,51,092"
05-09-2016,W,"8,15,440","7,36,551","15,51,991"
05-10-2016,W,"8,27,322","7,61,469","15,88,791"
05-11-2016,W,"8,73,275","8,04,156","16,77,431"
05-12-2016,W,"8,49,532","7,75,198","16,24,730"
05/13/2016,W,"8,52,594","7,87,476","16,40,070"
05/14/2016,A,"4,97,514","4,55,838","9,53,352"
05/15/2016,U,"3,84,799","3,60,008","7,44,807"
05/16/2016,W,"8,36,089","7,30,287","15,66,376"
05/17/2016,W,"8,39,788","7,48,287","15,88,075"
05/18/2016,W,"8,56,701","7,57,395","16,14,096"
05/19/2016,W,"8,55,438","7,72,464","16,27,902"
05/20/2016,W,"8,34,308","7,56,160","15,90,468"
05/21/2016,A,"5,13,934","4,60,385","9,74,319"
05/22/2016,U,"3,93,684","3,57,897","7,51,581"
05/23/2016,W,"8,39,566","7,48,976","15,88,542"
05/24/2016,W,"8,54,725","7,67,439","16,22,164"
05/25/2016,W,"8,33,427","7,54,244","15,87,671"
05/26/2016,W,"8,53,656","7,75,073","16,28,729"
05/27/2016,W,"8,08,244","7,57,981","15,66,225"
05/28/2016,A,"5,00,775","5,32,343","10,33,118"
05/29/2016,U,"4,09,978","4,30,982","8,40,960"
05/30/2016,U,"3,94,914","3,89,143","7,84,057"
05/31/2016,W,"8,01,439","7,53,953","15,55,392"
06-01-2016,W,"8,72,679","7,88,650","16,61,329"
06-02-2016,W,"8,73,112","8,15,928","16,89,040"
06-03-2016,W,"8,92,290","8,24,890","17,17,180"
06-04-2016,A,"5,04,778","4,62,308","9,67,086"
06-05-2016,U,"4,15,836","3,95,977","8,11,813"
06-06-2016,W,"8,54,036","7,62,707","16,16,743"
06-07-2016,W,"8,63,284","7,95,251","16,58,535"
06-08-2016,W,"8,66,785","7,91,667","16,58,452"
06-09-2016,W,"8,28,551","7,89,678","16,18,229"
06-10-2016,W,"8,62,529","8,53,441","17,15,970"
06-11-2016,A,"5,30,558","5,42,809","10,73,367"
06-12-2016,U,"4,09,577","4,14,048","8,23,625"
06/13/2016,W,"8,27,684","7,60,210","15,87,894"
06/14/2016,W,"8,34,141","7,78,823","16,12,964"
06/15/2016,W,"8,45,450","7,86,422","16,31,872"
06/16/2016,W,"8,32,864","7,77,260","16,10,124"
06/17/2016,W,"8,32,088","8,18,467","16,50,555"
06/18/2016,A,"5,26,402","5,20,856","10,47,258"
06/19/2016,U,"4,05,719","3,96,078","8,01,797"
06/20/2016,W,"7,85,446","7,62,810","15,48,256"
06/21/2016,W,"8,34,157","8,10,149","16,44,306"
06/22/2016,W,"7,07,452","7,55,165","14,62,617"
06/23/2016,W,"7,57,817","7,60,840","15,18,657"
06/24/2016,W,"7,62,562","7,81,653","15,44,215"
06/25/2016,A,"5,31,261","5,06,223","10,37,484"
06/26/2016,U,"3,80,689","4,53,679","8,34,368"
06/27/2016,W,"7,53,543","7,23,488","14,77,031"
06/28/2016,W,"7,71,611","7,48,753","15,20,364"
06/29/2016,W,"7,74,728","7,54,918","15,29,646"
06/30/2016,W,"7,63,112","7,83,020","15,46,132"
07-01-2016,W,"7,98,706","7,26,939","15,25,645"
07-02-2016,A,"5,30,654","4,48,200","9,78,854"
07-03-2016,U,"4,15,172","3,76,896","7,92,068"
07-04-2016,U,"3,93,858","4,10,925","8,04,783"
07-05-2016,W,"7,69,179","7,35,491","15,04,670"
07-06-2016,W,"7,71,626","7,88,995","15,60,621"
07-07-2016,W,"7,69,513","7,74,128","15,43,641"
07-08-2016,W,"7,86,823","7,90,177","15,77,000"
07-09-2016,A,"5,36,269","5,15,738","10,52,007"
07-10-2016,U,"4,09,685","3,97,778","8,07,463"
07-11-2016,W,"7,69,128","7,39,158","15,08,286"
07-12-2016,W,"7,82,892","7,49,136","15,32,028"
07/13/2016,W,"7,62,764","7,42,502","15,05,266"
07/14/2016,W,"7,94,813","7,75,495","15,70,308"
07/15/2016,W,"7,69,172","8,04,635","15,73,807"
07/16/2016,A,"5,29,240","5,28,345","10,57,585"
07/17/2016,U,"3,72,190","4,09,174","7,81,364"
07/18/2016,W,"7,74,239","7,68,719","15,42,958"
07/19/2016,W,"7,95,162","7,97,424","15,92,586"
07/20/2016,W,"7,88,803","7,94,496","15,83,299"
07/21/2016,W,"7,37,845","7,53,156","14,91,001"
07/22/2016,W,"7,45,409","7,47,479","14,92,888"
07/23/2016,A,"4,72,199","4,57,178","9,29,377"
07/24/2016,U,"3,70,394","3,46,616","7,17,010"
07/25/2016,W,"7,57,860","7,44,827","15,02,687"
07/26/2016,W,"7,86,060","7,77,948","15,64,008"
07/27/2016,W,"7,89,537","8,31,925","16,21,462"
07/28/2016,W,"7,45,499","8,67,964","16,13,463"
07/29/2016,W,"7,39,138","8,68,062","16,07,200"
07/30/2016,A,"5,03,786","5,76,267","10,80,053"
07/31/2016,U,"4,00,504","4,72,314","8,72,818"
08-01-2016,W,"8,05,970","7,79,020","15,84,990"
08-02-2016,W,"7,95,778","7,79,493","15,75,271"
08-03-2016,W,"8,22,281","7,85,246","16,07,527"
08-04-2016,W,"7,83,253","7,55,236","15,38,489"
08-05-2016,W,"7,79,186","7,47,672","15,26,858"
08-06-2016,A,"5,39,382","4,67,180","10,06,562"
08-07-2016,U,"3,98,288","3,55,693","7,53,981"
08-08-2016,W,"7,59,970","7,07,087","14,67,057"
08-09-2016,W,"7,81,438","7,69,199","15,50,637"
08-10-2016,W,"7,77,389","7,65,854","15,43,243"
08-11-2016,W,"7,67,967","7,75,031","15,42,998"
08-12-2016,W,"7,00,723","7,15,035","14,15,758"
08/13/2016,A,"5,22,972","4,88,035","10,11,007"
08/14/2016,U,"4,02,523","3,80,801","7,83,324"
08/15/2016,W,"7,18,167","6,88,590","14,06,757"
08/16/2016,W,"7,62,943","7,64,267","15,27,210"
08/17/2016,W,"7,59,254","7,47,942","15,07,196"
08/18/2016,W,"7,40,297","7,43,427","14,83,724"
08/19/2016,W,"7,43,211","7,18,317","14,61,528"
08/20/2016,A,"4,80,928","4,45,798","9,26,726"
08/21/2016,U,"4,17,057","3,96,317","8,13,374"
08/22/2016,W,"7,64,690","7,44,165","15,08,855"
08/23/2016,W,"7,84,341","7,44,176","15,28,517"
08/24/2016,W,"7,51,955","7,21,826","14,73,781"
08/25/2016,W,"7,75,862","7,37,801","15,13,663"
08/26/2016,W,"7,97,432","7,68,053","15,65,485"
08/27/2016,A,"5,01,883","4,51,497","9,53,380"
08/28/2016,U,"3,95,954","3,43,853","7,39,807"
08/29/2016,W,"7,81,400","7,50,329","15,31,729"
08/30/2016,W,"7,91,868","7,67,220","15,59,088"
08/31/2016,W,"8,15,110","7,79,334","15,94,444"
09-01-2016,W,"8,47,144","7,84,336","16,31,480"
09-02-2016,W,"8,38,151","7,77,158","16,15,309"
09-03-2016,A,"5,42,836","5,09,314","10,52,150"
09-04-2016,U,"4,27,194","4,21,479","8,48,673"
09-05-2016,U,"3,99,846","3,47,259","7,47,105"
09-06-2016,W,"9,10,863","7,60,434","16,71,297"
09-07-2016,W,"8,85,587","7,85,121","16,70,708"
09-08-2016,W,"8,82,599","7,97,585","16,80,184"
09-09-2016,W,"8,79,935","7,84,678","16,64,613"
09-10-2016,A,"5,10,845","4,65,562","9,76,407"
09-11-2016,U,"3,97,693","3,54,732","7,52,425"
09-12-2016,W,"8,86,146","7,84,139","16,70,285"
09/13/2016,W,"9,04,869","8,11,807","17,16,676"
09/14/2016,W,"8,98,125","8,12,240","17,10,365"
09/15/2016,W,"9,07,872","8,62,105","17,69,977"
09/16/2016,W,"8,89,307","8,43,488","17,32,795"
09/17/2016,A,"5,37,329","5,24,421","10,61,750"
09/18/2016,U,"4,01,077","4,02,811","8,03,888"
09/19/2016,W,"8,94,210","8,16,014","17,10,224"
09/20/2016,W,"8,95,184","8,26,518","17,21,702"
09/21/2016,W,"8,63,211","8,14,264","16,77,475"
09/22/2016,W,"8,97,609","8,14,897","17,12,506"
09/23/2016,W,"8,80,748","8,32,417","17,13,165"
09/24/2016,A,"5,39,037","5,29,457","10,68,494"
09/25/2016,U,"3,94,810","3,80,403","7,75,213"
09/26/2016,W,"8,84,989","7,87,408","16,72,397"
09/27/2016,W,"8,89,769","7,95,780","16,85,549"
09/28/2016,W,"8,55,499","7,87,727","16,43,226"
09/29/2016,W,"8,70,533","7,99,130","16,69,663"
09/30/2016,W,"8,89,641","7,87,112","16,76,753"
10-01-2016,A,"5,11,504","4,45,272","9,56,776"
10-02-2016,U,"3,91,845","3,51,589","7,43,434"
10-03-2016,W,"9,12,435","7,75,906","16,88,341"
10-04-2016,W,"9,19,088","7,99,529","17,18,617"
10-05-2016,W,"9,15,987","8,15,309","17,31,296"
10-06-2016,W,"8,58,960","8,17,595","16,76,555"
10-07-2016,W,"8,88,731","8,77,814","17,66,545"
10-08-2016,A,"5,37,610","5,46,072","10,83,682"
10-09-2016,U,"3,68,515","5,28,189","8,96,704"
10-10-2016,W,"7,14,940","7,08,958","14,23,898"
10-11-2016,W,"8,84,539","8,05,839","16,90,378"
10-12-2016,W,"8,47,394","7,85,404","16,32,798"
10/13/2016,W,"8,96,918","8,28,891","17,25,809"
10/14/2016,W,"8,92,797","8,18,230","17,11,027"
10/15/2016,A,"5,42,187","5,35,567","10,77,754"
10/16/2016,U,"3,85,574","4,03,090","7,88,664"
10/17/2016,W,"8,90,736","7,91,317","16,82,053"
10/18/2016,W,"9,01,884","8,10,090","17,11,974"
10/19/2016,W,"8,95,104","8,07,016","17,02,120"
10/20/2016,W,"8,80,209","8,12,195","16,92,404"
10/21/2016,W,"8,67,704","8,00,137","16,67,841"
10/22/2016,A,"5,33,242","5,66,999","11,00,241"
10/23/2016,U,"3,88,470","3,66,503","7,54,973"
10/24/2016,W,"8,69,861","7,79,618","16,49,479"
10/25/2016,W,"8,76,768","8,01,123","16,77,891"
10/26/2016,W,"8,24,006","7,82,126","16,06,132"
10/27/2016,W,"8,92,963","8,22,190","17,15,153"
10/28/2016,W,"8,94,311","9,18,735","18,13,046"
10/29/2016,A,"5,39,098","6,27,116","11,66,214"
10/30/2016,U,"3,77,290","4,46,582","8,23,872"
10/31/2016,W,"8,60,741","7,97,545","16,58,286"
11-01-2016,W,"9,31,276","8,15,318","17,46,594"
11-02-2016,W,"8,66,812","8,42,885","17,09,697"
11-03-2016,W,"9,19,828","8,91,357","18,11,185"
11-04-2016,W,"7,98,901","11,46,516","19,45,417"
11-05-2016,A,"5,36,579","5,31,687","10,68,266"
11-06-2016,U,"4,06,215","3,80,648","7,86,863"
11-07-2016,W,"8,87,002","8,09,878","16,96,880"
11-08-2016,W,"8,80,506","7,91,870","16,72,376"
11-09-2016,W,"8,65,500","8,17,596","16,83,096"
11-10-2016,W,"8,42,332","8,07,250","16,49,582"
11-11-2016,W,"7,15,260","7,21,083","14,36,343"
11-12-2016,A,"5,00,583","4,74,411","9,74,994"
11/13/2016,U,"3,69,986","3,38,339","7,08,325"
11/14/2016,W,"8,62,939","7,75,439","16,38,378"
11/15/2016,W,"8,81,225","7,97,235","16,78,460"
11/16/2016,W,"8,84,662","8,01,320","16,85,982"
11/17/2016,W,"8,73,693","8,11,240","16,84,933"
11/18/2016,W,"8,19,907","7,92,361","16,12,268"
11/19/2016,A,"4,77,472","5,01,156","9,78,628"
11/20/2016,U,"3,45,895","3,15,179","6,61,074"
11/21/2016,W,"8,44,666","7,58,214","16,02,880"
11/22/2016,W,"8,37,828","7,56,704","15,94,532"
11/23/2016,W,"6,61,576","6,24,827","12,86,403"
11/24/2016,U,"2,66,241","2,19,875","4,86,116"
11/25/2016,W,"4,96,285","4,11,245","9,07,530"
11/26/2016,A,"4,41,384","3,83,042","8,24,426"
11/27/2016,U,"3,43,504","3,02,029","6,45,533"
11/28/2016,W,"8,01,243","7,20,824","15,22,067"
11/29/2016,W,"8,71,577","7,71,348","16,42,925"
11/30/2016,W,"8,52,623","7,68,149","16,20,772"
12-01-2016,W,"8,85,401","7,79,287","16,64,688"
12-02-2016,W,"8,82,063","7,80,569","16,62,632"
12-03-2016,A,"5,17,756","4,56,762","9,74,518"
12-04-2016,U,"3,33,825","3,12,904","6,46,729"
12-05-2016,W,"8,41,336","7,35,184","15,76,520"
12-06-2016,W,"8,59,470","7,45,095","16,04,565"
12-07-2016,W,"8,31,766","7,45,626","15,77,392"
12-08-2016,W,"7,90,418","7,24,726","15,15,144"
12-09-2016,W,"8,06,718","7,30,968","15,37,686"
12-10-2016,A,"4,72,855","4,24,387","8,97,242"
12-11-2016,U,"3,09,743","2,91,688","6,01,431"
12-12-2016,W,"7,87,062","7,02,745","14,89,807"
12/13/2016,W,"7,85,276","7,14,038","14,99,314"
12/14/2016,W,"7,34,884","6,88,959","14,23,843"
12/15/2016,W,"6,17,119","6,24,213","12,41,332"
12/16/2016,W,"7,44,691","6,90,845","14,35,536"
12/17/2016,A,"4,45,779","3,94,366","8,40,145"
12/18/2016,U,"2,70,767","2,53,184","5,23,951"
12/19/2016,W,"6,50,356","6,07,020","12,57,376"
12/20/2016,W,"7,58,686","6,68,762","14,27,448"
12/21/2016,W,"7,70,713","6,65,402","14,36,115"
12/22/2016,W,"7,47,188","6,35,174","13,82,362"
12/23/2016,W,"6,76,407","5,16,584","11,92,991"
12/24/2016,A,"3,91,140","2,53,926","6,45,066"
12/25/2016,U,"1,99,220","1,31,542","3,30,762"
12/26/2016,U,"3,80,189","2,92,312","6,72,501"
12/27/2016,W,"5,75,294","4,90,822","10,66,116"
12/28/2016,W,"6,11,176","5,37,443","11,48,619"
12/29/2016,W,"5,93,626","5,32,909","11,26,535"
12/30/2016,W,"6,28,159","5,24,474","11,52,633"
12/31/2016,A,"4,33,952","3,61,268","7,95,220"
01-01-2017,U,"2,77,926","2,92,472","5,70,398"
01-02-2017,U,"3,71,865","3,14,798","6,86,663"
01-03-2017,W,"6,90,503","6,50,650","13,41,153"
01-04-2017,W,"6,36,491","6,39,970","12,76,461"
01-05-2017,W,"6,11,987","6,29,939","12,41,926"
01-06-2017,W,"5,91,800","6,00,277","11,92,077"
01-07-2017,A,"3,62,508","3,19,746","6,82,254"
01-08-2017,U,"2,90,096","2,44,060","5,34,156"
01-09-2017,W,"7,81,139","6,92,776","14,73,915"
01-10-2017,W,"7,73,792","7,11,194","14,84,986"
01-11-2017,W,"8,03,730","7,14,551","15,18,281"
01-12-2017,W,"7,77,149","7,14,212","14,91,361"
01/13/2017,W,"7,71,359","6,98,254","14,69,613"
01/14/2017,A,"4,29,614","3,63,554","7,93,168"
01/15/2017,U,"3,28,355","2,80,852","6,09,207"
01/16/2017,W,"4,86,791","4,35,039","9,21,830"
01/17/2017,W,"8,29,925","7,37,976","15,67,901"
01/18/2017,W,"8,35,362","7,42,180","15,77,542"
01/19/2017,W,"8,23,901","7,43,065","15,66,966"
01/20/2017,W,"7,98,511","7,31,616","15,30,127"
01/21/2017,A,"4,88,902","5,82,031","10,70,933"
01/22/2017,U,"3,31,138","2,72,268","6,03,406"
01/23/2017,W,"8,17,750","7,24,078","15,41,828"
01/24/2017,W,"8,34,979","7,42,724","15,77,703"
01/25/2017,W,"8,31,467","7,43,587","15,75,054"
01/26/2017,W,"8,23,395","7,50,472","15,73,867"
01/27/2017,W,"7,92,183","7,15,515","15,07,698"
01/28/2017,A,"4,39,479","3,82,131","8,21,610"
01/29/2017,U,"3,04,565","2,74,728","5,79,293"
01/30/2017,W,"8,06,014","7,15,290","15,21,304"
01/31/2017,W,"8,28,074","7,41,389","15,69,463"
02-01-2017,W,"8,83,845","7,50,500","16,34,345"
02-02-2017,W,"8,29,125","7,36,551","15,65,676"
02-03-2017,W,"7,82,899","6,90,415","14,73,314"
02-04-2017,A,"4,61,743","3,70,873","8,32,616"
02-05-2017,U,"3,51,708","2,82,731","6,34,439"
02-06-2017,W,"8,38,312","7,13,858","15,52,170"
02-07-2017,W,"8,27,885","7,34,586","15,62,471"
02-08-2017,W,"8,41,278","7,37,535","15,78,813"
02-09-2017,W,"8,15,353","7,26,872","15,42,225"
02-10-2017,W,"8,32,724","7,20,483","15,53,207"
02-11-2017,A,"4,97,589","4,05,211","9,02,800"
02-12-2017,U,"3,58,101","2,96,805","6,54,906"
02/13/2017,W,"8,22,007","7,02,129","15,24,136"
02/14/2017,W,"8,70,130","7,52,585","16,22,715"
02/15/2017,W,"8,41,181","7,35,910","15,77,091"
02/16/2017,W,"8,31,398","7,38,525","15,69,923"
02/17/2017,W,"8,41,425","7,38,941","15,80,366"
02/18/2017,A,"5,12,205","4,47,059","9,59,264"
02/19/2017,U,"3,83,581","3,28,391","7,11,972"
02/20/2017,W,"6,23,736","5,57,822","11,81,558"
02/21/2017,W,"8,48,951","7,41,773","15,90,724"
02/22/2017,W,"8,73,309","7,58,299","16,31,608"
02/23/2017,W,"8,50,254","7,51,257","16,01,511"
02/24/2017,W,"8,20,536","7,23,532","15,44,068"
02/25/2017,A,"4,49,817","3,74,595","8,24,412"
02/26/2017,U,"3,50,829","2,87,405","6,38,234"
02/27/2017,W,"8,37,214","7,20,932","15,58,146"
02/28/2017,W,"8,23,654","7,30,508","15,54,162"
03-01-2017,W,"8,63,043","7,42,729","16,05,772"
03-02-2017,W,"8,42,926","7,41,459","15,84,385"
03-03-2017,W,"8,51,128","7,29,461","15,80,589"
03-04-2017,A,"4,87,500","4,01,568","8,89,068"
03-05-2017,U,"3,64,977","2,98,189","6,63,166"
03-06-2017,W,"8,23,084","7,03,811","15,26,895"
03-07-2017,W,"8,62,784","7,51,315","16,14,099"
03-08-2017,W,"8,58,498","7,51,336","16,09,834"
03-09-2017,W,"8,41,498","7,48,709","15,90,207"
03-10-2017,W,"8,16,750","7,30,837","15,47,587"
03-11-2017,A,"4,59,826","4,93,451","9,53,277"
03-12-2017,U,"3,36,952","2,92,240","6,29,192"
03/13/2017,W,"7,61,376","7,03,982","14,65,358"
03/14/2017,W,"7,12,423","7,27,042","14,39,465"
03/15/2017,W,"8,22,423","7,48,703","15,71,126"
03/16/2017,W,"8,27,779","7,58,060","15,85,839"
03/17/2017,W,"8,04,320","7,32,007","15,36,327"
03/18/2017,A,"4,73,609","4,04,779","8,78,388"
03/19/2017,U,"3,71,042","3,04,418","6,75,460"
03/20/2017,W,"8,02,404","6,90,624","14,93,028"
03/21/2017,W,"8,35,641","7,18,304","15,53,945"
03/22/2017,W,"8,16,876","7,06,282","15,23,158"
03/23/2017,W,"8,02,941","7,08,026","15,10,967"
03/24/2017,W,"8,21,828","7,15,787","15,37,615"
03/25/2017,A,"4,14,644","3,56,083","7,70,727"
03/26/2017,U,"3,40,733","2,92,995","6,33,728"
03/27/2017,W,"8,25,472","7,24,012","15,49,484"
03/28/2017,W,"8,46,658","7,48,201","15,94,859"
03/29/2017,W,"8,37,430","7,45,915","15,83,345"
03/30/2017,W,"7,56,598","7,18,864","14,75,462"
03/31/2017,W,"8,39,312","7,37,168","15,76,480"
04-01-2017,A,"5,17,493","4,33,603","9,51,096"
04-02-2017,U,"3,57,643","3,19,046","6,76,689"
04-03-2017,W,"8,40,610","7,43,301","15,83,911"
04-04-2017,W,"8,73,844","7,63,221","16,37,065"
04-05-2017,W,"7,55,345","7,32,462","14,87,807"
04-06-2017,W,"8,22,266","7,71,468","15,93,734"
04-07-2017,W,"7,65,361","7,41,568","15,06,929"
04-08-2017,A,"5,08,239","4,52,426","9,60,665"
04-09-2017,U,"3,88,435","3,36,277","7,24,712"
04-10-2017,W,"6,95,555","7,08,408","14,03,963"
04-11-2017,W,"7,36,309","7,20,080","14,56,389"
04-12-2017,W,"7,54,940","7,57,854","15,12,794"
04/13/2017,W,"7,23,724","7,45,720","14,69,444"
04/14/2017,W,"6,92,506","6,76,016","13,68,522"
04/15/2017,A,"5,06,929","4,53,975","9,60,904"
04/16/2017,U,"3,39,738","2,93,545","6,33,283"
04/17/2017,W,"8,09,433","7,38,426","15,47,859"
04/18/2017,W,"8,48,195","7,72,115","16,20,310"
04/19/2017,W,"8,11,178","7,57,251","15,68,429"
04/20/2017,W,"7,97,055","7,58,119","15,55,174"
04/21/2017,W,"8,19,393","7,53,932","15,73,325"
04/22/2017,A,"4,93,687","4,67,485","9,61,172"
04/23/2017,U,"3,73,492","3,30,832","7,04,324"
04/24/2017,W,"8,30,257","7,36,639","15,66,896"
04/25/2017,W,"8,60,569","7,61,180","16,21,749"
04/26/2017,W,"8,38,762","7,57,859","15,96,621"
04/27/2017,W,"8,07,318","7,48,983","15,56,301"
04/28/2017,W,"8,30,500","7,40,579","15,71,079"
04/29/2017,A,"4,05,068","3,64,346","7,69,414"
04/30/2017,U,"3,07,608","2,69,345","5,76,953"
05-01-2017,W,"8,47,371","7,47,837","15,95,208"
05-02-2017,W,"8,46,717","7,62,139","16,08,856"
05-03-2017,W,"8,90,581","7,78,089","16,68,670"
05-04-2017,W,"8,36,436","7,70,199","16,06,635"
05-05-2017,W,"8,40,819","7,71,492","16,12,311"
05-06-2017,A,"5,02,922","4,60,695","9,63,617"
05-07-2017,U,"3,70,985","3,34,930","7,05,915"
05-08-2017,W,"8,29,268","7,22,987","15,52,255"
05-09-2017,W,"8,27,183","7,38,712","15,65,895"
05-10-2017,W,"8,21,006","7,36,258","15,57,264"
05-11-2017,W,"8,32,163","7,55,558","15,87,721"
05-12-2017,W,"8,24,305","7,45,485","15,69,790"
05/13/2017,A,"5,04,045","4,27,964","9,32,009"
05/14/2017,U,"3,64,734","3,13,469","6,78,203"
05/15/2017,W,"8,05,190","7,09,882","15,15,072"
05/16/2017,W,"8,43,103","7,68,941","16,12,044"
05/17/2017,W,"8,35,226","7,63,055","15,98,281"
05/18/2017,W,"8,24,327","7,75,776","16,00,103"
05/19/2017,W,"7,68,158","7,26,694","14,94,852"
05/20/2017,A,"4,41,093","3,96,705","8,37,798"
05/21/2017,U,"3,66,609","3,50,024","7,16,633"
05/22/2017,W,"8,17,334","7,44,257","15,61,591"
05/23/2017,W,"7,99,986","7,53,184","15,53,170"
05/24/2017,W,"8,20,511","7,62,453","15,82,964"
05/25/2017,W,"8,29,938","7,76,776","16,06,714"
05/26/2017,W,"7,79,960","6,91,687","14,71,647"
05/27/2017,A,"4,92,255","4,62,129","9,54,384"
05/28/2017,U,"3,66,179","3,44,784","7,10,963"
05/29/2017,U,"3,75,171","3,36,441","7,11,612"
05/30/2017,W,"8,02,596","7,22,529","15,25,125"
05/31/2017,W,"8,27,890","7,45,189","15,73,079"
06-01-2017,W,"8,60,327","7,71,134","16,31,461"
06-02-2017,W,"8,61,203","7,96,256","16,57,459"
06-03-2017,A,"5,23,471","4,95,282","10,18,753"
06-04-2017,U,"4,00,326","3,84,010","7,84,336"
06-05-2017,W,"8,38,839","7,68,461","16,07,300"
06-06-2017,W,"8,45,564","7,87,009","16,32,573"
06-07-2017,W,"8,46,730","7,93,617","16,40,347"
06-08-2017,W,"8,21,372","8,05,398","16,26,770"
06-09-2017,W,"8,33,135","8,22,483","16,55,618"
06-10-2017,A,"5,25,084","5,58,726","10,83,810"
06-11-2017,U,"4,06,991","4,40,096","8,47,087"
06-12-2017,W,"8,08,630","7,53,763","15,62,393"
06/13/2017,W,"8,17,478","7,64,155","15,81,633"
06/14/2017,W,"7,86,388","7,42,346","15,28,734"
06/15/2017,W,"8,30,091","7,77,758","16,07,849"
06/16/2017,W,"7,85,270","7,39,069","15,24,339"
06/17/2017,A,"4,86,358","4,19,764","9,06,122"
06/18/2017,U,"3,90,193","3,38,474","7,28,667"
06/19/2017,W,"7,55,955","7,39,609","14,95,564"
06/20/2017,W,"8,01,344","7,81,004","15,82,348"
06/21/2017,W,"7,58,596","7,76,244","15,34,840"
06/22/2017,W,"7,33,128","7,45,336","14,78,464"
06/23/2017,W,"7,29,483","7,47,333","14,76,816"
06/24/2017,A,"5,04,647","4,82,168","9,86,815"
06/25/2017,U,"3,90,267","5,13,970","9,04,237"
06/26/2017,W,"7,38,507","7,22,154","14,60,661"
06/27/2017,W,"7,63,875","7,51,340","15,15,215"
06/28/2017,W,"7,22,682","7,33,693","14,56,375"
06/29/2017,W,"7,47,180","7,78,070","15,25,250"
06/30/2017,W,"7,63,402","7,60,380","15,23,782"
07-01-2017,A,"5,14,092","4,88,429","10,02,521"
07-02-2017,U,"3,98,108","3,64,979","7,63,087"
07-03-2017,W,"6,69,915","5,43,712","12,13,627"
07-04-2017,U,"4,07,991","3,89,791","7,97,782"
07-05-2017,W,"7,46,019","7,33,914","14,79,933"
07-06-2017,W,"7,55,516","7,84,948","15,40,464"
07-07-2017,W,"7,49,664","7,80,389","15,30,053"
07-08-2017,A,"5,17,165","5,18,674","10,35,839"
07-09-2017,U,"4,00,539","4,02,561","8,03,100"
07-10-2017,W,"7,19,494","6,95,215","14,14,709"
07-11-2017,W,"7,71,348","7,35,051","15,06,399"
07-12-2017,W,"6,94,204","7,02,581","13,96,785"
07/13/2017,W,"7,73,047","7,51,562","15,24,609"
07/14/2017,W,"7,48,691","7,62,728","15,11,419"
07/15/2017,A,"5,11,540","4,95,618","10,07,158"
07/16/2017,U,"3,71,692","3,74,578","7,46,270"
07/17/2017,W,"7,54,669","7,41,094","14,95,763"
07/18/2017,W,"7,76,582","7,54,149","15,30,731"
07/19/2017,W,"7,69,368","7,50,889","15,20,257"
07/20/2017,W,"7,16,096","7,26,632","14,42,728"
07/21/2017,W,"7,33,117","7,62,529","14,95,646"
07/22/2017,A,"4,85,978","4,71,542","9,57,520"
07/23/2017,U,"3,80,247","3,72,309","7,52,556"
07/24/2017,W,"7,44,976","7,65,597","15,10,573"
07/25/2017,W,"7,65,040","7,72,350","15,37,390"
07/26/2017,W,"7,69,890","7,55,604","15,25,494"
07/27/2017,W,"7,70,692","7,70,016","15,40,708"
07/28/2017,W,"7,54,679","7,38,168","14,92,847"
07/29/2017,A,"4,96,951","4,62,430","9,59,381"
07/30/2017,U,"3,85,002","3,49,892","7,34,894"
07/31/2017,W,"7,32,690","7,07,434","14,40,124"
08-01-2017,W,"7,89,859","7,73,470","15,63,329"
08-02-2017,W,"7,71,256","8,11,636","15,82,892"
08-03-2017,W,"7,63,271","8,34,427","15,97,698"
08-04-2017,W,"7,32,776","8,27,248","15,60,024"
08-05-2017,A,"5,03,623","5,46,783","10,50,406"
08-06-2017,U,"3,76,669","4,30,711","8,07,380"
08-07-2017,W,"7,33,495","7,04,247","14,37,742"
08-08-2017,W,"7,61,850","7,35,234","14,97,084"
08-09-2017,W,"7,59,657","7,32,813","14,92,470"
08-10-2017,W,"7,47,519","7,45,430","14,92,949"
08-11-2017,W,"7,46,418","7,56,699","15,03,117"
08-12-2017,A,"5,05,271","4,77,767","9,83,038"
08/13/2017,U,"3,84,338","3,51,048","7,35,386"
08/14/2017,W,"7,22,238","7,16,772","14,39,010"
08/15/2017,W,"7,74,523","7,00,422","14,74,945"
08/16/2017,W,"7,39,357","7,34,845","14,74,202"
08/17/2017,W,"7,22,939","7,51,673","14,74,612"
08/18/2017,W,"7,41,688","7,51,342","14,93,030"
08/19/2017,A,"5,10,200","4,88,523","9,98,723"
08/20/2017,U,"3,95,932","3,81,042","7,76,974"
08/21/2017,W,"7,07,640","6,75,484","13,83,124"
08/22/2017,W,"7,41,370","6,97,126","14,38,496"
08/23/2017,W,"7,63,384","7,19,511","14,82,895"
08/24/2017,W,"7,49,315","7,48,046","14,97,361"
08/25/2017,W,"7,49,192","7,41,123","14,90,315"
08/26/2017,A,"4,87,453","4,46,049","9,33,502"
08/27/2017,U,"3,58,840","3,36,109","6,94,949"
08/28/2017,W,"7,61,796","7,40,387","15,02,183"
08/29/2017,W,"7,83,337","7,63,274","15,46,611"
08/30/2017,W,"8,01,205","7,79,477","15,80,682"
08/31/2017,W,"7,91,635","7,85,637","15,77,272"
09-01-2017,W,"8,27,394","7,60,661","15,88,055"
09-02-2017,A,"5,12,150","4,81,961","9,94,111"
09-03-2017,U,"4,17,707","4,10,951","8,28,658"
09-04-2017,U,"3,75,104","3,26,524","7,01,628"
09-05-2017,W,"8,93,214","7,63,159","16,56,373"
09-06-2017,W,"8,54,979","7,85,896","16,40,875"
09-07-2017,W,"8,67,162","8,01,972","16,69,134"
09-08-2017,W,"8,49,319","8,09,597","16,58,916"
09-09-2017,A,"5,11,569","4,88,232","9,99,801"
09-10-2017,U,"3,83,625","3,75,160","7,58,785"
09-11-2017,W,"8,61,907","7,67,744","16,29,651"
09-12-2017,W,"8,83,298","8,13,900","16,97,198"
09/13/2017,W,"8,76,445","8,13,293","16,89,738"
09/14/2017,W,"8,74,356","8,38,725","17,13,081"
09/15/2017,W,"8,71,656","8,38,001","17,09,657"
09/16/2017,A,"5,17,447","5,21,275","10,38,722"
09/17/2017,U,"3,86,719","3,79,480","7,66,199"
09/18/2017,W,"8,66,120","7,72,443","16,38,563"
09/19/2017,W,"8,61,844","7,86,075","16,47,919"
09/20/2017,W,"8,87,017","7,95,055","16,82,072"
09/21/2017,W,"8,59,255","7,88,217","16,47,472"
09/22/2017,W,"8,54,042","7,81,053","16,35,095"
09/23/2017,A,"4,99,368","4,64,903","9,64,271"
09/24/2017,U,"3,78,420","3,51,102","7,29,522"
09/25/2017,W,"8,61,042","7,67,660","16,28,702"
09/26/2017,W,"8,77,350","7,91,462","16,68,812"
09/27/2017,W,"8,82,592","7,96,822","16,79,414"
09/28/2017,W,"8,81,438","8,09,624","16,91,062"
09/29/2017,W,"8,98,739","8,11,721","17,10,460"
09/30/2017,A,"5,24,516","4,82,974","10,07,490"
10-01-2017,U,"3,89,470","3,61,156","7,50,626"
10-02-2017,W,"8,77,992","7,67,540","16,45,532"
10-03-2017,W,"9,21,022","7,94,082","17,15,104"
10-04-2017,W,"8,89,343","7,98,360","16,87,703"
10-05-2017,W,"8,89,166","8,16,694","17,05,860"
10-06-2017,W,"8,41,999","8,05,746","16,47,745"
10-07-2017,A,"4,84,231","4,69,808","9,54,039"
10-08-2017,U,"3,74,005","5,39,097","9,13,102"
10-09-2017,W,"7,12,539","7,52,125","14,64,664"
10-10-2017,W,"8,74,192","8,22,023","16,96,215"
10-11-2017,W,"8,50,229","8,17,909","16,68,138"
10-12-2017,W,"8,70,996","8,10,442","16,81,438"
10/13/2017,W,"8,79,791","7,96,714","16,76,505"
10/14/2017,A,"3,76,288","3,68,266","7,44,554"
10/15/2017,U,"3,62,392","3,35,609","6,98,001"
10/16/2017,W,"8,67,372","7,76,457","16,43,829"
10/17/2017,W,"8,82,601","8,19,635","17,02,236"
10/18/2017,W,"8,88,806","8,31,089","17,19,895"
10/19/2017,W,"8,76,423","8,48,003","17,24,426"
10/20/2017,W,"8,62,656","7,96,878","16,59,534"
10/21/2017,A,"5,20,339","4,81,334","10,01,673"
10/22/2017,U,"3,44,543","3,20,608","6,65,151"
10/23/2017,W,"8,02,893","7,50,619","15,53,512"
10/24/2017,W,"8,12,947","7,69,526","15,82,473"
10/25/2017,W,"8,76,000","7,94,572","16,70,572"
10/26/2017,W,"8,72,176","8,05,362","16,77,538"
10/27/2017,W,"8,33,348","7,69,792","16,03,140"
10/28/2017,A,"4,72,503","4,22,323","8,94,826"
10/29/2017,U,"3,55,321","3,20,982","6,76,303"
10/30/2017,W,"8,37,676","7,53,860","15,91,536"
10/31/2017,W,"8,43,988","7,58,455","16,02,443"
11-01-2017,W,"8,81,053","7,80,670","16,61,723"
11-02-2017,W,"8,64,434","7,94,788","16,59,222"
11-03-2017,W,"8,15,500","7,55,771","15,71,271"
11-04-2017,A,"4,50,968","3,93,884","8,44,852"
11-05-2017,U,"3,59,176","3,12,232","6,71,408"
11-06-2017,W,"8,66,671","7,72,803","16,39,474"
11-07-2017,W,"8,71,211","7,85,554","16,56,765"
11-08-2017,W,"8,75,619","7,96,870","16,72,489"
11-09-2017,W,"8,60,819","8,00,535","16,61,354"
11-10-2017,W,"7,41,017","7,21,331","14,62,348"
11-11-2017,A,"4,61,927","4,27,100","8,89,027"
11-12-2017,U,"3,41,066","3,03,087","6,44,153"
11/13/2017,W,"8,46,572","7,58,107","16,04,679"
11/14/2017,W,"8,62,352","7,81,533","16,43,885"
11/15/2017,W,"8,26,138","7,70,507","15,96,645"
11/16/2017,W,"8,31,869","7,73,696","16,05,565"
11/17/2017,W,"8,36,442","7,79,012","16,15,454"
11/18/2017,A,"4,26,814","4,29,256","8,56,070"
11/19/2017,U,"3,59,562","3,30,196","6,89,758"
11/20/2017,W,"8,40,370","7,47,181","15,87,551"
11/21/2017,W,"8,25,182","7,45,801","15,70,983"
11/22/2017,W,"6,77,643","6,20,904","12,98,547"
11/23/2017,U,"2,63,654","2,08,426","4,72,080"
11/24/2017,W,"5,03,847","4,15,069","9,18,916"
11/25/2017,A,"4,25,522","3,69,396","7,94,918"
11/26/2017,U,"3,36,930","2,90,753","6,27,683"
11/27/2017,W,"8,39,274","7,26,945","15,66,219"
11/28/2017,W,"8,47,910","7,53,208","16,01,118"
11/29/2017,W,"8,50,702","7,61,131","16,11,833"
11/30/2017,W,"8,50,783","7,72,769","16,23,552"
12-01-2017,W,"8,90,982","7,85,058","16,76,040"
12-02-2017,A,"5,11,676","4,61,699","9,73,375"
12-03-2017,U,"3,78,519","3,38,558","7,17,077"
12-04-2017,W,"8,55,387","7,39,950","15,95,337"
12-05-2017,W,"8,22,703","7,37,397","15,60,100"
12-06-2017,W,"8,29,498","7,42,215","15,71,713"
12-07-2017,W,"7,94,129","7,41,934","15,36,063"
12-08-2017,W,"8,05,911","7,39,840","15,45,751"
12-09-2017,A,"4,39,827","4,05,822","8,45,649"
12-10-2017,U,"3,36,156","2,95,505","6,31,661"
12-11-2017,W,"8,07,879","7,06,163","15,14,042"
12-12-2017,W,"7,83,312","7,09,949","14,93,261"
12/13/2017,W,"8,00,995","7,15,178","15,16,173"
12/14/2017,W,"7,90,977","7,22,667","15,13,644"
12/15/2017,W,"7,80,679","7,00,482","14,81,161"
12/16/2017,A,"4,84,468","4,19,897","9,04,365"
12/17/2017,U,"3,51,260","2,96,372","6,47,632"
12/18/2017,W,"7,84,151","6,75,289","14,59,440"
12/19/2017,W,"8,12,618","6,97,684","15,10,302"
12/20/2017,W,"7,98,144","6,83,898","14,82,042"
12/21/2017,W,"7,69,444","6,59,956","14,29,400"
12/22/2017,W,"7,27,262","5,86,190","13,13,452"
12/23/2017,A,"4,38,917","3,24,065","7,62,982"
12/24/2017,U,"2,75,937","2,05,801","4,81,738"
12/25/2017,U,"1,64,256","1,18,654","2,82,910"
12/26/2017,W,"3,98,823","3,27,742","7,26,565"
12/27/2017,W,"4,66,856","4,16,016","8,82,872"
12/28/2017,W,"5,09,850","4,56,611","9,66,461"
12/29/2017,W,"5,52,051","4,66,865","10,18,916"
12/30/2017,A,"3,35,207","2,76,381","6,11,588"
12/31/2017,U,"2,74,143","2,35,949","5,10,092"
01-01-2018,U,"1,99,845","1,95,520","3,95,365"
01-02-2018,W,"5,07,648","5,14,174","10,21,822"
01-03-2018,W,"5,98,578","5,87,740","11,86,318"
01-04-2018,W,"5,94,414","5,91,081","11,85,495"
01-05-2018,W,"5,97,163","5,72,525","11,69,688"
01-06-2018,A,"3,72,807","2,92,077","6,64,884"
01-07-2018,U,"2,84,438","2,26,604","5,11,042"
01-08-2018,W,"7,55,777","6,64,263","14,20,040"
01-09-2018,W,"7,80,104","6,84,704","14,64,808"
01-10-2018,W,"7,83,008","6,95,123","14,78,131"
01-11-2018,W,"7,74,197","6,95,496","14,69,693"
01-12-2018,W,"7,30,031","6,43,915","13,73,946"
01/13/2018,A,"3,92,644","3,23,263","7,15,907"
01/14/2018,U,"2,91,206","2,45,376","5,36,582"
01/15/2018,W,"4,63,868","4,19,604","8,83,472"
01/16/2018,W,"7,79,194","7,10,906","14,90,100"
01/17/2018,W,"7,87,021","7,13,680","15,00,701"
01/18/2018,W,"7,88,150","7,20,369","15,08,519"
01/19/2018,W,"7,84,287","7,01,290","14,85,577"
01/20/2018,A,"4,38,286","4,49,322","8,87,608"
01/21/2018,U,"3,16,648","2,59,818","5,76,466"
01/22/2018,W,"7,81,955","7,11,848","14,93,803"
01/23/2018,W,"7,95,146","7,33,662","15,28,808"
01/24/2018,W,"8,08,026","7,32,420","15,40,446"
01/25/2018,W,"8,13,348","7,43,858","15,57,206"
01/26/2018,W,"8,06,770","7,22,671","15,29,441"
01/27/2018,A,"4,55,974","3,84,419","8,40,393"
01/28/2018,U,"3,20,779","2,68,995","5,89,774"
01/29/2018,W,"7,74,310","6,99,889","14,74,199"
01/30/2018,W,"8,01,986","7,23,334","15,25,320"
01/31/2018,W,"8,15,252","7,29,419","15,44,671"
02-01-2018,W,"8,24,632","7,24,399","15,49,031"
02-02-2018,W,"7,06,351","6,57,689","13,64,040"
02-03-2018,A,"4,35,554","3,44,309","7,79,863"
02-04-2018,U,"2,79,353","2,32,906","5,12,259"
02-05-2018,W,"7,34,272","6,75,368","14,09,640"
02-06-2018,W,"7,83,522","7,08,071","14,91,593"
02-07-2018,W,"7,90,600","7,14,000","15,04,600"
02-08-2018,W,"7,82,384","7,27,764","15,10,148"
02-09-2018,W,"4,80,347","4,90,054","9,70,401"
02-10-2018,A,"3,99,759","3,51,548","7,51,307"
02-11-2018,U,"2,94,675","2,60,148","5,54,823"
02-12-2018,W,"7,71,383","6,92,183","14,63,566"
02/13/2018,W,"8,32,686","7,43,502","15,76,188"
02/14/2018,W,"8,46,174","7,56,475","16,02,649"
02/15/2018,W,"8,19,948","7,46,521","15,66,469"
02/16/2018,W,"8,03,410","7,25,091","15,28,501"
02/17/2018,A,"4,38,472","3,83,764","8,22,236"
02/18/2018,U,"3,45,438","2,99,983","6,45,421"
02/19/2018,W,"5,69,983","5,23,621","10,93,604"
02/20/2018,W,"7,86,356","7,18,493","15,04,849"
02/21/2018,W,"8,31,241","7,40,388","15,71,629"
02/22/2018,W,"8,33,819","7,43,449","15,77,268"
02/23/2018,W,"8,20,477","7,20,769","15,41,246"
02/24/2018,A,"4,61,537","3,87,230","8,48,767"
02/25/2018,U,"3,47,690","2,92,093","6,39,783"
02/26/2018,W,"8,25,842","7,18,649","15,44,491"
02/27/2018,W,"8,46,696","7,43,269","15,89,965"
02/28/2018,W,"8,37,820","7,36,868","15,74,688"
03-01-2018,W,"8,07,973","7,24,095","15,32,068"
03-02-2018,W,"8,38,965","7,19,445","15,58,410"
03-03-2018,A,"4,89,631","4,00,158","8,89,789"
03-04-2018,U,"3,60,783","2,88,394","6,49,177"
03-05-2018,W,"7,93,241","6,86,228","14,79,469"
03-06-2018,W,"8,18,087","7,23,274","15,41,361"
03-07-2018,W,"8,29,608","7,31,992","15,61,600"
03-08-2018,W,"8,13,217","7,34,447","15,47,664"
03-09-2018,W,"8,06,152","7,12,092","15,18,244"
03-10-2018,A,"4,71,143","3,94,014","8,65,157"
03-11-2018,U,"3,39,755","2,86,948","6,26,703"
03-12-2018,W,"7,98,061","7,15,220","15,13,281"
03/13/2018,W,"8,08,848","7,31,938","15,40,786"
03/14/2018,W,"8,34,401","7,47,391","15,81,792"
03/15/2018,W,"8,29,652","7,54,110","15,83,762"
03/16/2018,W,"8,08,945","7,38,857","15,47,802"
03/17/2018,A,"4,71,682","6,07,823","10,79,505"
03/18/2018,U,"3,61,391","3,20,742","6,82,133"
03/19/2018,W,"8,07,848","7,09,194","15,17,042"
03/20/2018,W,"8,08,168","7,10,058","15,18,226"
03/21/2018,W,"8,15,911","7,15,243","15,31,154"
03/22/2018,W,"8,07,829","7,22,634","15,30,463"
03/23/2018,W,"7,89,868","6,99,928","14,89,796"
03/24/2018,A,"4,24,609","3,89,468","8,14,077"
03/25/2018,U,"3,31,496","3,06,710","6,38,206"
03/26/2018,W,"6,85,230","6,60,176","13,45,406"
03/27/2018,W,"6,88,138","6,84,664","13,72,802"
03/28/2018,W,"7,19,691","6,95,373","14,15,064"
03/29/2018,W,"6,92,129","6,86,014","13,78,143"
03/30/2018,W,"6,72,341","6,08,535","12,80,876"
03/31/2018,A,"4,28,294","3,49,132","7,77,426"
04-01-2018,U,"3,05,848","2,38,356","5,44,204"
04-02-2018,W,"7,82,016","6,88,114","14,70,130"
04-03-2018,W,"8,16,056","7,20,417","15,36,473"
04-04-2018,W,"8,23,619","7,38,079","15,61,698"
04-05-2018,W,"8,17,204","7,53,661","15,70,865"
04-06-2018,W,"7,92,532","7,21,169","15,13,701"
04-07-2018,A,"4,66,492","4,04,650","8,71,142"
04-08-2018,U,"3,35,409","2,83,411","6,18,820"
04-09-2018,W,"7,73,663","7,08,735","14,82,398"
04-10-2018,W,"7,98,350","7,48,682","15,47,032"
04-11-2018,W,"8,49,255","7,70,269","16,19,524"
04-12-2018,W,"8,36,193","7,75,422","16,11,615"
04/13/2018,W,"7,29,175","7,16,600","14,45,775"
04/14/2018,A,"4,17,189","3,74,923","7,92,112"
04/15/2018,U,"3,00,857","2,58,277","5,59,134"
04/16/2018,W,"7,73,294","7,04,714","14,78,008"
04/17/2018,W,"8,30,925","7,59,128","15,90,053"
04/18/2018,W,"7,83,296","7,28,207","15,11,503"
04/19/2018,W,"7,74,579","7,49,646","15,24,225"
04/20/2018,W,"8,12,450","7,35,681","15,48,131"
04/21/2018,A,"4,55,577","3,92,721","8,48,298"
04/22/2018,U,"3,48,195","2,94,515","6,42,710"
04/23/2018,W,"8,10,268","7,12,596","15,22,864"
04/24/2018,W,"8,26,998","7,43,776","15,70,774"
04/25/2018,W,"8,38,143","7,48,866","15,87,009"
04/26/2018,W,"8,37,802","7,77,534","16,15,336"
04/27/2018,W,"8,12,960","7,52,386","15,65,346"
04/28/2018,A,"4,80,130","4,26,851","9,06,981"
04/29/2018,U,"3,54,456","3,27,855","6,82,311"
04/30/2018,W,"8,17,980","7,46,550","15,64,530"
05-01-2018,W,"8,76,677","7,77,780","16,54,457"
05-02-2018,W,"8,34,718","7,52,143","15,86,861"
05-03-2018,W,"8,40,135","7,44,199","15,84,334"
05-04-2018,W,"8,30,802","7,36,342","15,67,144"
05-05-2018,A,"5,06,199","4,43,358","9,49,557"
05-06-2018,U,"3,59,516","3,15,030","6,74,546"
05-07-2018,W,"8,21,267","7,42,969","15,64,236"
05-08-2018,W,"8,41,014","7,81,451","16,22,465"
05-09-2018,W,"8,03,570","7,56,378","15,59,948"
05-10-2018,W,"8,38,748","7,62,718","16,01,466"
05-11-2018,W,"7,88,585","7,44,337","15,32,922"
05-12-2018,A,"4,40,554","3,92,468","8,33,022"
05/13/2018,U,"3,35,726","3,06,051","6,41,777"
05/14/2018,W,"7,42,924","6,86,671","14,29,595"
05/15/2018,W,"8,09,607","7,28,488","15,38,095"
05/16/2018,W,"8,24,209","7,33,303","15,57,512"
05/17/2018,W,"8,07,735","7,43,467","15,51,202"
05/18/2018,W,"7,84,606","7,17,590","15,02,196"
05/19/2018,A,"4,61,266","4,08,091","8,69,357"
05/20/2018,U,"3,21,817","2,88,853","6,10,670"
05/21/2018,W,"7,09,633","6,69,968","13,79,601"
05/22/2018,W,"8,19,740","7,62,899","15,82,639"
05/23/2018,W,"8,27,983","7,74,273","16,02,256"
05/24/2018,W,"8,13,320","7,57,935","15,71,255"
05/25/2018,W,"7,97,393","7,30,669","15,28,062"
05/26/2018,A,"4,74,011","4,72,471","9,46,482"
05/27/2018,U,"3,82,202","3,75,810","7,58,012"
05/28/2018,U,"3,64,119","3,25,534","6,89,653"
05/29/2018,W,"7,97,433","7,16,137","15,13,570"
05/30/2018,W,"7,93,348","7,16,886","15,10,234"
05/31/2018,W,"8,19,988","7,53,062","15,73,050"
06-01-2018,W,"8,51,045","7,73,824","16,24,869"
06-02-2018,A,"4,96,149","4,37,154","9,33,303"
06-03-2018,U,"3,83,320","3,42,776","7,26,096"
06-04-2018,W,"8,20,746","7,26,476","15,47,222"
06-05-2018,W,"8,26,465","7,78,366","16,04,831"
06-06-2018,W,"8,20,198","7,78,486","15,98,684"
06-07-2018,W,"8,21,694","7,98,516","16,20,210"
06-08-2018,W,"7,79,201","7,66,692","15,45,893"
06-09-2018,A,"4,64,236","4,75,218","9,39,454"
06-10-2018,U,"3,32,042","3,39,387","6,71,429"
06-11-2018,W,"7,81,557","7,24,255","15,05,812"
06-12-2018,W,"8,07,427","7,50,111","15,57,538"
06/13/2018,W,"7,83,799","7,59,987","15,43,786"
06/14/2018,W,"7,95,923","7,54,502","15,50,425"
06/15/2018,W,"7,75,628","7,35,211","15,10,839"
06/16/2018,A,"4,72,932","4,41,274","9,14,206"
06/17/2018,U,"3,51,730","3,24,959","6,76,689"
06/18/2018,W,"7,42,447","7,22,983","14,65,430"
06/19/2018,W,"7,79,092","7,68,531","15,47,623"
06/20/2018,W,"7,41,682","7,63,084","15,04,766"
06/21/2018,W,"6,28,563","6,83,599","13,12,162"
06/22/2018,W,"6,69,210","6,89,577","13,58,787"
06/23/2018,A,"4,87,366","4,52,638","9,40,004"
06/24/2018,U,"3,82,787","5,15,034","8,97,821"
06/25/2018,W,"7,30,834","7,09,948","14,40,782"
06/26/2018,W,"7,14,896","7,17,661","14,32,557"
06/27/2018,W,"7,34,332","7,44,015","14,78,347"
06/28/2018,W,"7,51,395","7,58,891","15,10,286"
06/29/2018,W,"7,48,648","7,55,938","15,04,586"
06/30/2018,A,"4,73,766","4,68,103","9,41,869"
07-01-2018,U,"3,53,385","3,29,670","6,83,055"
07-02-2018,W,"7,34,869","6,78,249","14,13,118"
07-03-2018,W,"7,71,705","7,16,848","14,88,553"
07-04-2018,U,"3,84,885","3,66,963","7,51,848"
07-05-2018,W,"6,52,746","6,15,715","12,68,461"
07-06-2018,W,"7,20,068","6,99,130","14,19,198"
07-07-2018,A,"4,85,369","4,39,367","9,24,736"
07-08-2018,U,"3,76,335","3,46,489","7,22,824"
07-09-2018,W,"7,42,452","7,04,612","14,47,064"
07-10-2018,W,"7,66,160","7,42,163","15,08,323"
07-11-2018,W,"7,72,083","7,65,257","15,37,340"
07-12-2018,W,"7,55,211","7,66,466","15,21,677"
07/13/2018,W,"7,53,196","7,84,018","15,37,214"
07/14/2018,A,"4,71,688","4,55,259","9,26,947"
07/15/2018,U,"3,80,142","3,78,006","7,58,148"
07/16/2018,W,"7,31,999","7,00,335","14,32,334"
07/17/2018,W,"7,68,143","7,39,651","15,07,794"
07/18/2018,W,"7,70,336","7,45,511","15,15,847"
07/19/2018,W,"7,65,291","7,80,813","15,46,104"
07/20/2018,W,"7,21,413","7,62,815","14,84,228"
07/21/2018,A,"4,69,280","4,83,657","9,52,937"
07/22/2018,U,"3,39,813","3,57,484","6,97,297"
07/23/2018,W,"7,42,296","7,46,950","14,89,246"
07/24/2018,W,"7,66,503","7,75,343","15,41,846"
07/25/2018,W,"7,63,505","7,68,014","15,31,519"
07/26/2018,W,"7,58,033","7,81,151","15,39,184"
07/27/2018,W,"7,29,506","7,41,794","14,71,300"
07/28/2018,A,"4,84,064","4,53,186","9,37,250"
07/29/2018,U,"3,74,591","3,54,824","7,29,415"
07/30/2018,W,"7,18,899","7,21,661","14,40,560"
07/31/2018,W,"7,33,107","7,29,861","14,62,968"
08-01-2018,W,"7,78,530","7,57,280","15,35,810"
08-02-2018,W,"7,43,458","8,61,954","16,05,412"
08-03-2018,W,"7,65,341","8,31,628","15,96,969"
08-04-2018,A,"4,80,664","5,21,622","10,02,286"
08-05-2018,U,"3,68,543","4,23,810","7,92,353"
08-06-2018,W,"6,88,147","6,87,412","13,75,559"
08-07-2018,W,"7,10,000","7,02,495","14,12,495"
08-08-2018,W,"7,37,497","7,26,837","14,64,334"
08-09-2018,W,"7,25,134","7,27,089","14,52,223"
08-10-2018,W,"7,28,844","7,57,214","14,86,058"
08-11-2018,A,"4,98,035","4,85,775","9,83,810"
08-12-2018,U,"3,72,421","3,71,962","7,44,383"
08/13/2018,W,"7,05,028","6,81,926","13,86,954"
08/14/2018,W,"7,22,447","7,39,143","14,61,590"
08/15/2018,W,"7,10,743","7,20,004","14,30,747"
08/16/2018,W,"7,20,279","7,12,077","14,32,356"
08/17/2018,W,"7,02,584","6,97,625","14,00,209"
08/18/2018,A,"4,93,509","4,69,340","9,62,849"
08/19/2018,U,"3,80,140","3,57,318","7,37,458"
08/20/2018,W,"6,68,029","6,72,736","13,40,765"
08/21/2018,W,"7,14,668","7,05,759","14,20,427"
08/22/2018,W,"7,47,818","7,11,067","14,58,885"
08/23/2018,W,"7,51,380","7,48,147","14,99,527"
08/24/2018,W,"6,92,290","6,98,828","13,91,118"
08/25/2018,A,"4,72,537","4,37,488","9,10,025"
08/26/2018,U,"3,58,918","3,44,736","7,03,654"
08/27/2018,W,"7,51,100","7,40,835","14,91,935"
08/28/2018,W,"7,51,236","7,64,285","15,15,521"
08/29/2018,W,"7,52,668","7,67,691","15,20,359"
08/30/2018,W,"7,76,906","7,80,357","15,57,263"
08/31/2018,W,"7,73,345","7,26,643","14,99,988"
09-01-2018,A,"4,57,556","4,15,563","8,73,119"
09-02-2018,U,"3,93,446","3,68,715","7,62,161"
09-03-2018,U,"3,30,488","2,93,772","6,24,260"
09-04-2018,W,"8,64,262","7,56,397","16,20,659"
09-05-2018,W,"8,54,763","7,85,143","16,39,906"
09-06-2018,W,"8,19,596","7,86,139","16,05,735"
09-07-2018,W,"8,14,560","7,96,057","16,10,617"
09-08-2018,A,"4,86,855","4,60,892","9,47,747"
09-09-2018,U,"3,61,946","3,29,445","6,91,391"
09-10-2018,W,"8,44,530","7,92,245","16,36,775"
09-11-2018,W,"8,61,007","8,18,737","16,79,744"
09-12-2018,W,"8,65,443","8,35,997","17,01,440"
09/13/2018,W,"8,51,071","8,21,484","16,72,555"
09/14/2018,W,"8,41,332","8,33,730","16,75,062"
09/15/2018,A,"4,98,240","5,05,429","10,03,669"
09/16/2018,U,"3,75,988","3,75,547","7,51,535"
09/17/2018,W,"8,39,178","7,94,968","16,34,146"
09/18/2018,W,"8,46,003","7,96,654","16,42,657"
09/19/2018,W,"8,44,257","7,86,851","16,31,108"
09/20/2018,W,"8,40,571","8,12,664","16,53,235"
09/21/2018,W,"8,29,287","8,06,274","16,35,561"
09/22/2018,A,"4,97,023","4,64,531","9,61,554"
09/23/2018,U,"3,73,382","3,31,323","7,04,705"
09/24/2018,W,"8,29,917","8,06,181","16,36,098"
09/25/2018,W,"8,43,206","8,13,982","16,57,188"
09/26/2018,W,"8,68,419","8,38,474","17,06,893"
09/27/2018,W,"8,58,664","8,47,133","17,05,797"
09/28/2018,W,"8,24,823","8,16,264","16,41,087"
09/29/2018,A,"4,92,591","5,00,479","9,93,070"
09/30/2018,U,"3,65,436","3,62,732","7,28,168"
10-01-2018,W,"8,78,697","8,08,415","16,87,112"
10-02-2018,W,"8,70,588","8,24,655","16,95,243"
10-03-2018,W,"9,10,415","8,29,500","17,39,915"
10-04-2018,W,"8,75,646","8,45,234","17,20,880"
10-05-2018,W,"7,98,129","7,81,321","15,79,450"
10-06-2018,A,"4,71,199","4,66,775","9,37,974"
10-07-2018,U,"3,25,617","5,10,071","8,35,688"
10-08-2018,W,"7,00,116","7,19,617","14,19,733"
10-09-2018,W,"8,82,871","8,13,161","16,96,032"
10-10-2018,W,"8,31,398","7,94,576","16,25,974"
10-11-2018,W,"8,60,410","8,17,569","16,77,979"
10-12-2018,W,"8,24,598","7,76,261","16,00,859"
10/13/2018,A,"4,94,592","4,66,427","9,61,019"
10/14/2018,U,"3,62,011","3,32,403","6,94,414"
10/15/2018,W,"8,36,275","7,78,324","16,14,599"
10/16/2018,W,"8,56,815","8,02,082","16,58,897"
10/17/2018,W,"8,66,716","8,07,188","16,73,904"
10/18/2018,W,"8,58,568","8,14,542","16,73,110"
10/19/2018,W,"8,14,805","7,74,539","15,89,344"
10/20/2018,A,"4,64,296","4,39,297","9,03,593"
10/21/2018,U,"3,53,981","3,32,004","6,85,985"
10/22/2018,W,"8,41,090","7,69,144","16,10,234"
10/23/2018,W,"8,58,222","7,93,605","16,51,827"
10/24/2018,W,"8,55,770","7,95,929","16,51,699"
10/25/2018,W,"8,46,179","8,02,796","16,48,975"
10/26/2018,W,"8,42,904","7,77,822","16,20,726"
10/27/2018,A,"4,92,859","4,35,508","9,28,367"
10/28/2018,U,"3,34,541","3,15,184","6,49,725"
10/29/2018,W,"8,35,732","7,66,123","16,01,855"
10/30/2018,W,"8,51,167","7,85,017","16,36,184"
10/31/2018,W,"8,40,619","7,76,366","16,16,985"
11-01-2018,W,"8,66,316","7,98,312","16,64,628"
11-02-2018,W,"7,85,859","7,54,310","15,40,169"
11-03-2018,A,"5,13,626","4,28,523","9,42,149"
11-04-2018,U,"3,22,036","2,91,311","6,13,347"
11-05-2018,W,"8,53,379","7,70,186","16,23,565"
11-06-2018,W,"8,36,999","7,64,653","16,01,652"
11-07-2018,W,"8,41,086","7,83,160","16,24,246"
11-08-2018,W,"8,41,232","7,97,333","16,38,565"
11-09-2018,W,"7,96,310","7,51,427","15,47,737"
11-10-2018,A,"4,65,852","3,85,710","8,51,562"
11-11-2018,U,"3,44,050","3,04,712","6,48,762"
11-12-2018,W,"6,52,992","6,52,215","13,05,207"
11/13/2018,W,"8,24,479","7,69,160","15,93,639"
11/14/2018,W,"8,20,013","7,66,177","15,86,190"
11/15/2018,W,"7,68,946","7,64,868","15,33,814"
11/16/2018,W,"8,16,628","7,83,218","15,99,846"
11/17/2018,A,"4,37,661","4,53,688","8,91,349"
11/18/2018,U,"3,39,408","3,16,014","6,55,422"
11/19/2018,W,"8,03,920","7,40,162","15,44,082"
11/20/2018,W,"8,07,383","7,41,467","15,48,850"
11/21/2018,W,"6,49,866","6,05,419","12,55,285"
11/22/2018,U,"2,44,365","1,96,549","4,40,914"
11/23/2018,W,"4,73,453","3,93,241","8,66,694"
11/24/2018,A,"4,07,870","3,47,967","7,55,837"
11/25/2018,U,"2,85,466","2,46,992","5,32,458"
11/26/2018,W,"6,81,371","6,47,084","13,28,455"
11/27/2018,W,"7,88,682","7,42,355","15,31,037"
11/28/2018,W,"8,04,497","7,49,760","15,54,257"
11/29/2018,W,"8,09,744","7,64,611","15,74,355"
11/30/2018,W,"8,40,494","7,60,471","16,00,965"
12-01-2018,A,"4,28,105","3,59,088","7,87,193"
12-02-2018,U,"3,39,157","2,85,153","6,24,310"
12-03-2018,W,"8,31,431","7,31,079","15,62,510"
12-04-2018,W,"8,35,143","7,45,696","15,80,839"
12-05-2018,W,"8,16,399","7,36,966","15,53,365"
12-06-2018,W,"8,20,745","7,57,102","15,77,847"
12-07-2018,W,"7,85,144","7,31,440","15,16,584"
12-08-2018,A,"4,56,911","3,99,714","8,56,625"
12-09-2018,U,"3,46,457","2,91,673","6,38,130"
12-10-2018,W,"7,94,682","7,06,501","15,01,183"
12-11-2018,W,"8,17,284","7,31,059","15,48,343"
12-12-2018,W,"8,09,305","7,27,070","15,36,375"
12/13/2018,W,"8,04,783","7,38,003","15,42,786"
12/14/2018,W,"7,89,944","7,24,198","15,14,142"
12/15/2018,A,"4,81,485","4,25,132","9,06,617"
12/16/2018,U,"3,53,013","3,09,297","6,62,310"
12/17/2018,W,"7,91,252","6,68,008","14,59,260"
12/18/2018,W,"7,94,636","7,01,867","14,96,503"
12/19/2018,W,"7,99,278","7,00,814","15,00,092"
12/20/2018,W,"7,62,587","6,82,043","14,44,630"
12/21/2018,W,"7,27,571","6,33,479","13,61,050"
12/22/2018,A,"4,42,692","3,39,426","7,82,118"
12/23/2018,U,"3,30,462","2,60,130","5,90,592"
12/24/2018,W,"4,22,369","2,79,324","7,01,693"
12/25/2018,U,"1,88,696","1,27,994","3,16,690"
12/26/2018,W,"5,15,030","4,11,993","9,27,023"
12/27/2018,W,"5,09,948","4,53,029","9,62,977"
12/28/2018,W,"5,77,497","4,93,961","10,71,458"
12/29/2018,A,"3,94,088","3,07,105","7,01,193"
12/30/2018,U,"3,14,550","2,65,310","5,79,860"
12/31/2018,W,"4,63,165","3,86,058","8,49,223"
01-01-2019,U,"2,48,879","2,45,852","4,94,731"
01-02-2019,W,"5,91,006","5,73,542","11,64,548"
01-03-2019,W,"6,64,442","6,27,781","12,92,223"
01-04-2019,W,"6,68,812","6,28,514","12,97,326"
01-05-2019,A,"4,44,434","3,48,257","7,92,691"
01-06-2019,U,"3,18,623","2,60,556","5,79,179"
01-07-2019,W,"7,23,023","6,62,470","13,85,493"
01-08-2019,W,"7,84,085","7,01,693","14,85,778"
01-09-2019,W,"7,47,949","6,85,444","14,33,393"
01-10-2019,W,"7,47,850","6,90,162","14,38,012"
01-11-2019,W,"7,63,718","6,79,115","14,42,833"
01-12-2019,A,"3,82,464","3,25,219","7,07,683"
01/13/2019,U,"3,01,855","2,50,222","5,52,077"
01/14/2019,W,"7,56,590","7,05,571","14,62,161"
01/15/2019,W,"7,83,113","7,20,095","15,03,208"
01/16/2019,W,"8,00,537","7,28,048","15,28,585"
01/17/2019,W,"8,00,348","7,34,929","15,35,277"
01/18/2019,W,"7,76,640","7,00,006","14,76,646"
01/19/2019,A,"3,37,080","3,12,424","6,49,504"
01/20/2019,U,"2,71,961","2,36,744","5,08,705"
01/21/2019,W,"4,45,534","4,01,503","8,47,037"
01/22/2019,W,"7,57,962","7,12,125","14,70,087"
01/23/2019,W,"7,64,136","7,18,899","14,83,035"
01/24/2019,W,"7,45,872","7,11,300","14,57,172"
01/25/2019,W,"5,68,100","5,90,674","11,58,774"
01/26/2019,A,"3,43,625","2,96,063","6,39,688"
01/27/2019,U,"2,58,884","2,21,081","4,79,965"
01/28/2019,W,"6,68,192","6,78,810","13,47,002"
01/29/2019,W,"5,81,664","5,79,917","11,61,581"
01/30/2019,W,"1,24,154","97,917","2,22,071"
01/31/2019,W,"2,82,336","2,43,912","5,26,248"
02-01-2019,W,"6,83,059","6,48,091","13,31,150"
02-02-2019,A,"4,35,441","3,45,650","7,81,091"
02-03-2019,U,"3,22,488","2,50,724","5,73,212"
02-04-2019,W,"8,08,055","7,18,764","15,26,819"
02-05-2019,W,"8,08,858","7,34,181","15,43,039"
02-06-2019,W,"7,99,164","7,27,769","15,26,933"
02-07-2019,W,"7,89,342","7,32,351","15,21,693"
02-08-2019,W,"7,10,682","6,55,823","13,66,505"
02-09-2019,A,"4,23,681","3,38,847","7,62,528"
02-10-2019,U,"2,96,809","2,51,192","5,48,001"
02-11-2019,W,"7,79,386","7,04,667","14,84,053"
02-12-2019,W,"7,41,083","6,98,387","14,39,470"
02/13/2019,W,"7,95,205","7,28,764","15,23,969"
02/14/2019,W,"8,24,482","7,46,611","15,71,093"
02/15/2019,W,"7,54,152","6,87,932","14,42,084"
02/16/2019,A,"4,38,454","3,62,613","8,01,067"
02/17/2019,U,"2,96,482","2,56,817","5,53,299"
02/18/2019,W,"5,55,501","5,19,409","10,74,910"
02/19/2019,W,"8,12,492","7,25,195","15,37,687"
02/20/2019,W,"7,79,660","7,17,172","14,96,832"
02/21/2019,W,"8,13,056","7,27,504","15,40,560"
02/22/2019,W,"7,98,311","7,02,988","15,01,299"
02/23/2019,A,"4,06,839","3,28,179","7,35,018"
02/24/2019,U,"2,88,368","2,40,478","5,28,846"
02/25/2019,W,"7,62,857","6,80,844","14,43,701"
02/26/2019,W,"7,73,049","6,99,462","14,72,511"
02/27/2019,W,"7,97,800","7,11,827","15,09,627"
02/28/2019,W,"7,83,920","7,14,700","14,98,620"
03-01-2019,W,"8,12,238","6,82,969","14,95,207"
03-02-2019,A,"4,54,119","3,49,392","8,03,511"
03-03-2019,U,"3,13,539","2,52,150","5,65,689"
03-04-2019,W,"6,99,086","6,35,353","13,34,439"
03-05-2019,W,"7,61,781","6,92,945","14,54,726"
03-06-2019,W,"7,90,908","7,08,876","14,99,784"
03-07-2019,W,"7,90,299","7,11,428","15,01,727"
03-08-2019,W,"7,81,577","6,84,186","14,65,763"
03-09-2019,A,"4,09,779","3,26,686","7,36,465"
03-10-2019,U,"3,10,427","2,50,702","5,61,129"
03-11-2019,W,"7,84,354","6,97,758","14,82,112"
03-12-2019,W,"8,16,229","7,29,476","15,45,705"
03/13/2019,W,"7,85,256","7,27,150","15,12,406"
03/14/2019,W,"7,77,417","7,26,502","15,03,919"
03/15/2019,W,"7,69,660","7,16,230","14,85,890"
03/16/2019,A,"4,68,181","5,70,703","10,38,884"
03/17/2019,U,"3,37,661","3,01,294","6,38,955"
03/18/2019,W,"7,86,322","7,11,535","14,97,857"
03/19/2019,W,"8,12,217","7,27,732","15,39,949"
03/20/2019,W,"7,82,960","7,12,714","14,95,674"
03/21/2019,W,"7,95,501","7,19,946","15,15,447"
03/22/2019,W,"7,84,281","6,95,716","14,79,997"
03/23/2019,A,"4,72,376","3,86,972","8,59,348"
03/24/2019,U,"3,12,958","2,79,989","5,92,947"
03/25/2019,W,"7,61,448","6,66,862","14,28,310"
03/26/2019,W,"7,94,453","6,88,849","14,83,302"
03/27/2019,W,"8,02,407","6,93,509","14,95,916"
03/28/2019,W,"7,82,670","6,92,421","14,75,091"
03/29/2019,W,"7,64,086","6,67,916","14,32,002"
03/30/2019,A,"4,28,233","3,46,980","7,75,213"
03/31/2019,U,"3,24,724","2,64,228","5,88,952"
04-01-2019,W,"8,25,150","7,07,874","15,33,024"
04-02-2019,W,"8,15,370","7,27,263","15,42,633"
04-03-2019,W,"8,46,418","7,44,443","15,90,861"
04-04-2019,W,"7,91,393","7,35,719","15,27,112"
04-05-2019,W,"7,54,962","7,10,414","14,65,376"
04-06-2019,A,"4,87,323","4,14,140","9,01,463"
04-07-2019,U,"3,31,229","2,76,992","6,08,221"
04-08-2019,W,"8,23,032","7,54,465","15,77,497"
04-09-2019,W,"7,91,556","7,47,311","15,38,867"
04-10-2019,W,"7,60,548","7,31,858","14,92,406"
04-11-2019,W,"7,71,911","7,46,596","15,18,507"
04-12-2019,W,"7,95,077","7,31,825","15,26,902"
04/13/2019,A,"4,73,087","4,17,501","8,90,588"
04/14/2019,U,"2,40,601","2,15,007","4,55,608"
04/15/2019,W,"6,94,149","6,79,904","13,74,053"
04/16/2019,W,"7,25,056","7,09,023","14,34,079"
04/17/2019,W,"7,10,771","6,99,083","14,09,854"
04/18/2019,W,"6,54,819","6,75,919","13,30,738"
04/19/2019,W,"6,43,329","6,19,953","12,63,282"
04/20/2019,A,"4,62,233","3,72,841","8,35,074"
04/21/2019,U,"3,30,270","2,76,935","6,07,205"
04/22/2019,W,"7,67,623","6,92,515","14,60,138"
04/23/2019,W,"8,06,358","7,47,351","15,53,709"
04/24/2019,W,"8,13,407","7,59,394","15,72,801"
04/25/2019,W,"8,20,219","7,70,006","15,90,225"
04/26/2019,W,"8,06,103","7,31,398","15,37,501"
04/27/2019,A,"3,69,056","3,19,488","6,88,544"
04/28/2019,U,"3,38,518","2,89,270","6,27,788"
04/29/2019,W,"7,29,815","6,73,476","14,03,291"
04/30/2019,W,"7,57,497","7,07,685","14,65,182"
05-01-2019,W,"8,41,583","7,29,104","15,70,687"
05-02-2019,W,"7,87,163","7,28,705","15,15,868"
05-03-2019,W,"8,34,369","7,50,517","15,84,886"
05-04-2019,A,"4,95,436","4,37,434","9,32,870"
05-05-2019,U,"4,02,463","3,38,727","7,41,190"
05-06-2019,W,"8,03,622","7,24,230","15,27,852"
05-07-2019,W,"8,05,130","7,38,981","15,44,111"
05-08-2019,W,"8,22,516","7,55,171","15,77,687"
05-09-2019,W,"8,10,976","7,51,965","15,62,941"
05-10-2019,W,"8,16,268","7,49,306","15,65,574"
05-11-2019,A,"4,56,362","4,07,442","8,63,804"
05-12-2019,U,"3,36,476","2,98,999","6,35,475"
05/13/2019,W,"7,83,657","7,04,326","14,87,983"
05/14/2019,W,"8,08,863","7,22,423","15,31,286"
05/15/2019,W,"8,10,290","7,24,761","15,35,051"
05/16/2019,W,"7,68,250","7,14,282","14,82,532"
05/17/2019,W,"7,58,399","6,91,390","14,49,789"
05/18/2019,A,"4,48,115","3,88,373","8,36,488"
05/19/2019,U,"3,32,006","2,95,929","6,27,935"
05/20/2019,W,"7,81,061","7,21,397","15,02,458"
05/21/2019,W,"7,77,647","7,23,782","15,01,429"
05/22/2019,W,"8,11,376","7,56,639","15,68,015"
05/23/2019,W,"8,01,697","7,66,717","15,68,414"
05/24/2019,W,"7,49,827","6,81,443","14,31,270"
05/25/2019,A,"4,83,109","4,26,932","9,10,041"
05/26/2019,U,"3,49,368","3,35,435","6,84,803"
05/27/2019,U,"2,98,987","2,56,757","5,55,744"
05/28/2019,W,"7,69,069","6,94,292","14,63,361"
05/29/2019,W,"7,91,059","7,17,681","15,08,740"
05/30/2019,W,"7,92,091","7,35,508","15,27,599"
05/31/2019,W,"8,17,633","7,38,322","15,55,955"
06-01-2019,A,"4,73,204","3,79,044","8,52,248"
06-02-2019,U,"3,70,049","3,19,334","6,89,383"
06-03-2019,W,"8,14,607","7,31,571","15,46,178"
06-04-2019,W,"7,97,511","7,49,759","15,47,270"
06-05-2019,W,"8,17,943","7,64,911","15,82,854"
06-06-2019,W,"8,19,351","7,73,638","15,92,989"
06-07-2019,W,"7,97,917","7,60,907","15,58,824"
06-08-2019,A,"5,17,706","4,69,189","9,86,895"
06-09-2019,U,"3,72,952","3,29,388","7,02,340"
06-10-2019,W,"7,87,528","7,17,811","15,05,339"
06-11-2019,W,"8,12,806","7,48,133","15,60,939"
06-12-2019,W,"7,68,907","7,22,333","14,91,240"
06/13/2019,W,"7,84,003","7,58,006","15,42,009"
06/14/2019,W,"7,86,956","7,69,162","15,56,118"
06/15/2019,A,"4,47,116","4,19,997","8,67,113"
06/16/2019,U,"3,47,416","3,19,752","6,67,168"
06/17/2019,W,"7,39,714","6,84,609","14,24,323"
06/18/2019,W,"7,83,381","7,47,919","15,31,300"
06/19/2019,W,"7,62,852","7,35,207","14,98,059"
06/20/2019,W,"7,54,094","7,55,009","15,09,103"
06/21/2019,W,"7,41,691","7,48,258","14,89,949"
06/22/2019,A,"4,85,555","4,68,890","9,54,445"
06/23/2019,U,"3,72,216","3,14,345","6,86,561"
06/24/2019,W,"7,13,826","6,94,599","14,08,425"
06/25/2019,W,"7,90,945","7,56,023","15,46,968"
06/26/2019,W,"7,78,502","7,58,880","15,37,382"
06/27/2019,W,"7,63,256","7,57,999","15,21,255"
06/28/2019,W,"7,42,317","7,17,591","14,59,908"
06/29/2019,A,"5,07,082","4,38,017","9,45,099"
06/30/2019,U,"3,42,891","4,73,462","8,16,353"
07-01-2019,W,"7,51,938","6,91,817","14,43,755"
07-02-2019,W,"7,32,483","6,98,347","14,30,830"
07-03-2019,W,"7,61,825","6,94,945","14,56,770"
07-04-2019,U,"3,86,135","3,54,474","7,40,609"
07-05-2019,W,"5,93,204","4,92,198","10,85,402"
07-06-2019,A,"4,64,539","3,90,851","8,55,390"
07-07-2019,U,"3,65,003","3,28,344","6,93,347"
07-08-2019,W,"7,38,529","6,96,647","14,35,176"
07-09-2019,W,"7,60,765","7,33,255","14,94,020"
07-10-2019,W,"7,50,223","7,35,504","14,85,727"
07-11-2019,W,"7,61,712","7,67,177","15,28,889"
07-12-2019,W,"7,38,700","7,77,202","15,15,902"
07/13/2019,A,"4,96,000","4,71,671","9,67,671"
07/14/2019,U,"3,86,786","3,62,994","7,49,780"
07/15/2019,W,"7,33,408","7,23,684","14,57,092"
07/16/2019,W,"7,36,299","7,46,731","14,83,030"
07/17/2019,W,"7,51,727","7,51,160","15,02,887"
07/18/2019,W,"6,81,127","6,99,545","13,80,672"
07/19/2019,W,"7,00,392","7,21,558","14,21,950"
07/20/2019,A,"4,66,646","4,19,897","8,86,543"
07/21/2019,U,"3,60,488","3,42,739","7,03,227"
07/22/2019,W,"7,33,191","7,16,299","14,49,490"
07/23/2019,W,"7,54,783","7,31,712","14,86,495"
07/24/2019,W,"7,54,694","7,37,880","14,92,574"
07/25/2019,W,"7,46,240","7,46,890","14,93,130"
07/26/2019,W,"7,28,460","7,13,766","14,42,226"
07/27/2019,A,"5,09,542","4,17,935","9,27,477"
07/28/2019,U,"3,99,059","3,14,226","7,13,285"
07/29/2019,W,"6,77,033","6,63,313","13,40,346"
07/30/2019,W,"7,44,356","7,21,545","14,65,901"
07/31/2019,W,"7,38,630","7,39,592","14,78,222"
08-01-2019,W,"7,63,703","7,95,333","15,59,036"
08-02-2019,W,"7,40,366","8,04,952","15,45,318"
08-03-2019,A,"4,97,883","5,12,548","10,10,431"
08-04-2019,U,"3,75,863","4,16,740","7,92,603"
08-05-2019,W,"7,27,517","7,24,021","14,51,538"
08-06-2019,W,"7,37,702","7,38,151","14,75,853"
08-07-2019,W,"7,45,371","7,46,207","14,91,578"
08-08-2019,W,"7,46,213","7,35,310","14,81,523"
08-09-2019,W,"7,20,081","7,16,084","14,36,165"
08-10-2019,A,"4,90,001","4,28,555","9,18,556"
08-11-2019,U,"3,76,464","3,21,310","6,97,774"
08-12-2019,W,"6,72,626","6,59,442","13,32,068"
08/13/2019,W,"7,15,539","6,97,693","14,13,232"
08/14/2019,W,"7,08,180","6,98,339","14,06,519"
08/15/2019,W,"7,23,069","7,03,513","14,26,582"
08/16/2019,W,"6,99,501","6,75,393","13,74,894"
08/17/2019,A,"4,56,968","3,96,155","8,53,123"
08/18/2019,U,"3,30,848","2,89,890","6,20,738"
08/19/2019,W,"6,97,759","6,69,727","13,67,486"
08/20/2019,W,"6,70,195","6,89,224","13,59,419"
08/21/2019,W,"7,32,929","7,24,089","14,57,018"
08/22/2019,W,"7,39,175","7,41,995","14,81,170"
08/23/2019,W,"7,20,876","7,23,775","14,44,651"
08/24/2019,A,"4,99,355","4,24,284","9,23,639"
08/25/2019,U,"3,95,847","3,27,749","7,23,596"
08/26/2019,W,"6,93,566","6,78,343","13,71,909"
08/27/2019,W,"7,76,670","7,40,341","15,17,011"
08/28/2019,W,"7,72,893","7,36,506","15,09,399"
08/29/2019,W,"7,69,645","7,47,141","15,16,786"
08/30/2019,W,"7,61,440","7,17,490","14,78,930"
08/31/2019,A,"4,82,463","4,28,658","9,11,121"
09-01-2019,U,"3,79,610","3,57,032","7,36,642"
09-02-2019,U,"3,74,967","3,28,376","7,03,343"
09-03-2019,W,"8,21,674","7,38,399","15,60,073"
09-04-2019,W,"8,61,286","7,62,868","16,24,154"
09-05-2019,W,"8,53,186","8,00,432","16,53,618"
09-06-2019,W,"8,21,645","7,44,323","15,65,968"
09-07-2019,A,"4,86,423","4,20,502","9,06,925"
09-08-2019,U,"3,44,385","3,10,823","6,55,208"
09-09-2019,W,"8,29,266","7,37,160","15,66,426"
09-10-2019,W,"8,56,513","7,69,458","16,25,971"
09-11-2019,W,"8,48,169","7,77,407","16,25,576"
09-12-2019,W,"8,45,028","7,95,224","16,40,252"
09/13/2019,W,"8,22,197","8,00,812","16,23,009"
09/14/2019,A,"4,98,571","4,87,396","9,85,967"
09/15/2019,U,"3,53,264","3,52,467","7,05,731"
09/16/2019,W,"8,25,739","7,77,685","16,03,424"
09/17/2019,W,"8,56,186","7,97,063","16,53,249"
09/18/2019,W,"8,59,904","8,07,081","16,66,985"
09/19/2019,W,"8,45,624","8,16,086","16,61,710"
09/20/2019,W,"8,30,757","8,03,291","16,34,048"
09/21/2019,A,"4,89,155","4,40,464","9,29,619"
09/22/2019,U,"3,38,418","2,99,658","6,38,076"
09/23/2019,W,"8,32,762","7,66,712","15,99,474"
09/24/2019,W,"8,50,825","7,80,378","16,31,203"
09/25/2019,W,"8,59,089","7,81,453","16,40,542"
09/26/2019,W,"8,53,333","7,91,418","16,44,751"
09/27/2019,W,"7,34,962","6,99,996","14,34,958"
09/28/2019,A,"4,76,234","4,01,745","8,77,979"
09/29/2019,U,"3,58,174","2,94,350","6,52,524"
09/30/2019,W,"8,50,333","7,38,159","15,88,492"
10-01-2019,W,"9,05,477","7,72,082","16,77,559"
10-02-2019,W,"8,44,694","7,65,652","16,10,346"
10-03-2019,W,"8,85,919","7,81,701","16,67,620"
10-04-2019,W,"8,51,906","7,40,946","15,92,852"
10-05-2019,A,"4,92,689","3,88,710","8,81,399"
10-06-2019,U,"4,03,747","3,06,647","7,10,394"
10-07-2019,W,"8,45,146","7,48,413","15,93,559"
10-08-2019,W,"8,68,009","7,73,805","16,41,814"
10-09-2019,W,"8,57,532","7,66,121","16,23,653"
10-10-2019,W,"8,55,556","8,03,767","16,59,323"
10-11-2019,W,"7,76,609","7,62,011","15,38,620"
10-12-2019,A,"4,80,048","4,70,284","9,50,332"
10/13/2019,U,"3,19,885","5,22,816","8,42,701"
10/14/2019,W,"6,66,607","6,98,402","13,65,009"
10/15/2019,W,"8,44,826","7,88,101","16,32,927"
10/16/2019,W,"8,45,543","7,82,133","16,27,676"
10/17/2019,W,"7,87,285","7,90,202","15,77,487"
10/18/2019,W,"7,62,811","7,78,466","15,41,277"
10/19/2019,A,"4,99,700","4,67,794","9,67,494"
10/20/2019,U,"3,77,822","3,40,156","7,17,978"
10/21/2019,W,"7,39,027","7,27,743","14,66,770"
10/22/2019,W,"7,72,142","7,50,644","15,22,786"
10/23/2019,W,"7,89,783","7,91,468","15,81,251"
10/24/2019,W,"7,90,853","7,66,559","15,57,412"
10/25/2019,W,"7,57,907","7,29,221","14,87,128"
10/26/2019,A,"4,12,819","3,56,371","7,69,190"
10/27/2019,U,"3,90,090","3,14,740","7,04,830"
10/28/2019,W,"7,62,580","7,29,809","14,92,389"
10/29/2019,W,"7,81,400","7,52,054","15,33,454"
10/30/2019,W,"7,33,054","7,21,966","14,55,020"
10/31/2019,W,"6,98,934","6,93,962","13,92,896"
11-01-2019,W,"7,98,542","7,19,267","15,17,809"
11-02-2019,A,"4,67,877","3,81,954","8,49,831"
11-03-2019,U,"3,56,367","3,10,621","6,66,988"
11-04-2019,W,"8,48,867","7,49,735","15,98,602"
11-05-2019,W,"8,55,055","7,69,233","16,24,288"
11-06-2019,W,"8,40,399","7,62,015","16,02,414"
11-07-2019,W,"8,21,063","7,68,460","15,89,523"
11-08-2019,W,"7,18,820","7,02,518","14,21,338"
11-09-2019,A,"4,79,816","3,86,355","8,66,171"
11-10-2019,U,"3,53,042","2,92,170","6,45,212"
11-11-2019,W,"5,90,714","6,04,475","11,95,189"
11-12-2019,W,"7,56,604","7,24,448","14,81,052"
11/13/2019,W,"7,62,247","7,29,140","14,91,387"
11/14/2019,W,"7,64,328","7,45,044","15,09,372"
11/15/2019,W,"7,94,430","7,32,607","15,27,037"
11/16/2019,A,"4,67,987","3,98,924","8,66,911"
11/17/2019,U,"3,40,985","2,80,372","6,21,357"
11/18/2019,W,"8,07,951","7,31,335","15,39,286"
11/19/2019,W,"8,22,152","7,55,257","15,77,409"
11/20/2019,W,"8,39,934","7,56,096","15,96,030"
11/21/2019,W,"7,90,016","7,52,762","15,42,778"
11/22/2019,W,"8,17,445","7,82,838","16,00,283"
11/23/2019,A,"4,68,337","4,43,394","9,11,731"
11/24/2019,U,"3,58,133","3,01,849","6,59,982"
11/25/2019,W,"8,10,928","7,21,624","15,32,552"
11/26/2019,W,"7,91,651","7,07,015","14,98,666"
11/27/2019,W,"6,69,245","5,76,379","12,45,624"
11/28/2019,U,"2,44,233","1,86,732","4,30,965"
11/29/2019,W,"4,80,801","3,73,012","8,53,813"
11/30/2019,A,"3,86,439","3,02,733","6,89,172"
12-01-2019,U,"3,15,646","2,57,317","5,72,963"
12-02-2019,W,"8,03,894","7,02,424","15,06,318"
12-03-2019,W,"8,49,440","7,32,651","15,82,091"
12-04-2019,W,"8,37,738","7,39,104","15,76,842"
12-05-2019,W,"8,33,516","7,61,399","15,94,915"
12-06-2019,W,"7,99,551","7,29,231","15,28,782"
12-07-2019,A,"4,72,207","4,04,394","8,76,601"
12-08-2019,U,"3,47,917","2,86,023","6,33,940"
12-09-2019,W,"7,86,431","6,90,443","14,76,874"
12-10-2019,W,"7,70,888","6,97,269","14,68,157"
12-11-2019,W,"7,53,922","6,92,730","14,46,652"
12-12-2019,W,"7,87,393","7,16,707","15,04,100"
12/13/2019,W,"7,88,504","7,04,438","14,92,942"
12/14/2019,A,"4,71,203","3,67,508","8,38,711"
12/15/2019,U,"3,48,516","2,55,659","6,04,175"
12/16/2019,W,"7,43,694","6,48,766","13,92,460"
12/17/2019,W,"7,65,207","6,78,194","14,43,401"
12/18/2019,W,"7,34,493","6,58,439","13,92,932"
12/19/2019,W,"7,45,959","6,64,554","14,10,513"
12/20/2019,W,"7,31,997","6,40,236","13,72,233"
12/21/2019,A,"4,54,167","3,56,991","8,11,158"
12/22/2019,U,"3,50,959","2,83,094","6,34,053"
12/23/2019,W,"6,01,685","5,01,524","11,03,209"
12/24/2019,W,"4,62,098","3,10,604","7,72,702"
12/25/2019,U,"2,00,121","1,33,009","3,33,130"
12/26/2019,W,"5,17,911","4,02,948","9,20,859"
12/27/2019,W,"5,52,198","4,45,835","9,98,033"
12/28/2019,A,"3,94,869","2,98,646","6,93,515"
12/29/2019,U,"3,15,428","2,51,105","5,66,533"
12/30/2019,W,"5,44,713","4,80,721","10,25,434"
12/31/2019,W,"5,11,289","4,31,677","9,42,966"
01-01-2020,U,"2,67,300","2,55,759","5,23,059"
01-02-2020,W,"6,51,421","5,65,139","12,16,560"
01-03-2020,W,"6,88,165","5,78,202","12,66,367"
01-04-2020,A,"4,09,243","3,06,656","7,15,899"
01-05-2020,U,"3,14,424","2,34,155","5,48,579"
01-06-2020,W,"7,50,349","6,59,521","14,09,870"
01-07-2020,W,"7,75,765","6,77,497","14,53,262"
01-08-2020,W,"7,44,261","6,65,227","14,09,488"
01-09-2020,W,"7,58,063","6,79,244","14,37,307"
01-10-2020,W,"7,53,866","6,54,344","14,08,210"
01-11-2020,A,"3,45,787","2,81,493","6,27,280"
01-12-2020,U,"2,94,457","2,37,736","5,32,193"
01/13/2020,W,"7,75,861","6,99,927","14,75,788"
01/14/2020,W,"8,07,239","7,20,277","15,27,516"
01/15/2020,W,"7,94,821","7,20,057","15,14,878"
01/16/2020,W,"7,74,375","7,15,978","14,90,353"
01/17/2020,W,"7,37,073","6,87,789","14,24,862"
01/18/2020,A,"3,71,460","3,19,878","6,91,338"
01/19/2020,U,"2,56,029","2,19,005","4,75,034"
01/20/2020,W,"4,77,995","4,10,324","8,88,319"
01/21/2020,W,"7,89,718","7,12,386","15,02,104"
01/22/2020,W,"7,94,213","7,15,399","15,09,612"
01/23/2020,W,"7,68,601","7,17,469","14,86,070"
01/24/2020,W,"7,45,526","6,77,320","14,22,846"
01/25/2020,A,"4,08,051","3,20,905","7,28,956"
01/26/2020,U,"3,18,824","2,41,153","5,59,977"
01/27/2020,W,"7,90,014","6,97,371","14,87,385"
01/28/2020,W,"8,02,484","7,15,500","15,17,984"
01/29/2020,W,"7,93,740","7,11,177","15,04,917"
01/30/2020,W,"7,87,640","7,18,793","15,06,433"
01/31/2020,W,"7,35,622","6,65,472","14,01,094"
02-01-2020,A,"4,49,112","3,25,925","7,75,037"
02-02-2020,U,"3,52,056","2,53,149","6,05,205"
02-03-2020,W,"8,16,538","6,89,308","15,05,846"
02-04-2020,W,"8,06,946","7,10,072","15,17,018"
02-05-2020,W,"8,02,795","7,07,772","15,10,567"
02-06-2020,W,"7,61,859","7,01,795","14,63,654"
02-07-2020,W,"7,78,480","6,76,805","14,55,285"
02-08-2020,A,"4,56,540","3,25,289","7,81,829"
02-09-2020,U,"3,10,705","2,23,411","5,34,116"
02-10-2020,W,"7,99,851","6,94,168","14,94,019"
02-11-2020,W,"8,19,275","7,17,350","15,36,625"
02-12-2020,W,"7,85,838","6,97,300","14,83,138"
02/13/2020,W,"7,46,798","6,89,019","14,35,817"
02/14/2020,W,"6,74,960","6,28,729","13,03,689"
02/15/2020,A,"4,08,435","3,26,795","7,35,230"
02/16/2020,U,"3,38,343","2,67,790","6,06,133"
02/17/2020,W,"5,67,523","5,02,927","10,70,450"
02/18/2020,W,"8,15,098","7,11,305","15,26,403"
02/19/2020,W,"8,04,097","7,07,598","15,11,695"
02/20/2020,W,"7,78,698","7,00,575","14,79,273"
02/21/2020,W,"7,82,853","6,75,973","14,58,826"
02/22/2020,A,"4,63,771","3,44,117","8,07,888"
02/23/2020,U,"3,57,784","2,60,505","6,18,289"
02/24/2020,W,"7,89,498","6,82,036","14,71,534"
02/25/2020,W,"7,81,725","6,93,749","14,75,474"
02/26/2020,W,"7,56,936","6,82,501","14,39,437"
02/27/2020,W,"7,78,992","6,98,886","14,77,878"
02/28/2020,W,"7,86,008","6,65,937","14,51,945"
02/29/2020,A,"4,58,601","3,37,983","7,96,584"
03-01-2020,U,"3,57,257","2,67,438","6,24,695"
03-02-2020,W,"7,85,700","6,66,046","14,51,746"
03-03-2020,W,"8,34,640","7,01,777","15,36,417"
03-04-2020,W,"8,15,420","6,99,192","15,14,612"
03-05-2020,W,"8,03,260","6,98,732","15,01,992"
03-06-2020,W,"7,67,084","6,55,010","14,22,094"
03-07-2020,A,"4,55,672","3,66,530","8,22,202"
03-08-2020,U,"3,43,291","2,69,577","6,12,868"
03-09-2020,W,"7,36,013","6,47,602","13,83,615"
03-10-2020,W,"7,87,025","6,78,996","14,66,021"
03-11-2020,W,"7,67,610","6,60,739","14,28,349"
03-12-2020,W,"7,37,628","6,01,682","13,39,310"
03/13/2020,W,"6,74,594","4,96,474","11,71,068"
03/14/2020,A,"3,47,925","2,35,841","5,83,766"
03/15/2020,U,"2,56,591","1,66,575","4,23,166"
03/16/2020,W,"4,93,179","2,84,844","7,78,023"
03/17/2020,W,"3,90,091","2,17,294","6,07,385"
03/18/2020,W,"3,20,242","1,79,316","4,99,558"
03/19/2020,W,"3,05,501","1,63,013","4,68,514"
03/20/2020,W,"3,03,882","1,52,797","4,56,679"
03/21/2020,A,"1,85,406","86,695","2,72,101"
03/22/2020,U,"1,13,282","60,490","1,73,772"
03/23/2020,W,"2,12,121","1,03,992","3,16,113"
03/24/2020,W,"2,20,319","1,05,312","3,25,631"
03/25/2020,W,"2,29,414","1,06,913","3,36,327"
03/26/2020,W,"2,11,746","1,00,860","3,12,606"
03/27/2020,W,"2,20,715","1,02,714","3,23,429"
03/28/2020,A,"1,44,561","68,572","2,13,133"
03/29/2020,U,"1,11,188","57,736","1,68,924"
03/30/2020,W,"2,08,762","96,996","3,05,758"
03/31/2020,W,"2,00,537","94,709","2,95,246"
04-01-2020,W,"2,35,503","1,00,042","3,35,545"
04-02-2020,W,"2,14,222","95,183","3,09,405"
04-03-2020,W,"2,40,528","1,01,015","3,41,543"
04-04-2020,A,"1,54,302","65,727","2,20,029"
04-05-2020,U,"1,18,701","53,173","1,71,874"
04-06-2020,W,"1,99,323","89,714","2,89,037"
04-07-2020,W,"2,02,629","90,824","2,93,453"
04-08-2020,W,"1,97,789","88,894","2,86,683"
04-09-2020,W,"1,89,898","86,725","2,76,623"
04-10-2020,W,"2,02,934","85,608","2,88,542"
04-11-2020,A,"1,61,743","59,808","2,21,551"
04-12-2020,U,"1,17,907","46,243","1,64,150"
04/13/2020,W,"1,99,679","79,074","2,78,753"
04/14/2020,W,"1,96,277","79,616","2,75,893"
04/15/2020,W,"1,99,545","78,844","2,78,389"
04/16/2020,W,"2,13,862","79,764","2,93,626"
04/17/2020,W,"2,05,280","77,935","2,83,215"
04/18/2020,A,"1,75,887","58,347","2,34,234"
04/19/2020,U,"1,35,539","47,512","1,83,051"
04/20/2020,W,"2,25,938","79,017","3,04,955"
04/21/2020,W,"2,19,120","77,886","2,97,006"
04/22/2020,W,"2,13,080","77,822","2,90,902"
04/23/2020,W,"2,14,131","77,918","2,92,049"
04/24/2020,W,"2,25,498","78,966","3,04,464"
04/25/2020,A,"1,56,179","51,764","2,07,943"
04/26/2020,U,"1,45,023","47,350","1,92,373"
04/27/2020,W,"2,30,903","77,830","3,08,733"
04/28/2020,W,"2,29,831","79,284","3,09,115"
04/29/2020,W,"2,05,453","74,942","2,80,395"
04/30/2020,W,"2,24,948","79,783","3,04,731"
05-01-2020,W,"2,72,700","89,139","3,61,839"
05-02-2020,A,"2,10,617","59,142","2,69,759"
05-03-2020,U,"1,55,791","49,160","2,04,951"
05-04-2020,W,"2,44,960","79,706","3,24,666"
05-05-2020,W,"2,24,885","77,485","3,02,370"
05-06-2020,W,"2,48,434","82,526","3,30,960"
05-07-2020,W,"2,47,597","83,941","3,31,538"
05-08-2020,W,"2,42,402","82,107","3,24,509"
05-09-2020,A,"2,06,907","59,372","2,66,279"
05-10-2020,U,"1,34,047","43,773","1,77,820"
05-11-2020,W,"2,36,521","77,650","3,14,171"
05-12-2020,W,"2,44,938","81,217","3,26,155"
05/13/2020,W,"2,59,169","83,529","3,42,698"
05/14/2020,W,"2,11,894","76,152","2,88,046"
05/15/2020,W,"2,61,148","82,454","3,43,602"
05/16/2020,A,"2,04,433","60,144","2,64,577"
05/17/2020,U,"1,19,698","40,451","1,60,149"
05/18/2020,W,"2,42,568","80,822","3,23,390"
05/19/2020,W,"2,28,412","79,752","3,08,164"
05/20/2020,W,"2,53,916","85,596","3,39,512"
05/21/2020,W,"2,44,336","85,164","3,29,500"
05/22/2020,W,"2,55,894","86,436","3,42,330"
05/23/2020,A,"1,98,708","59,164","2,57,872"
05/24/2020,U,"1,71,095","53,281","2,24,376"
05/25/2020,U,"1,70,039","52,921","2,22,960"
05/26/2020,W,"2,60,758","84,940","3,45,698"
05/27/2020,W,"2,58,713","86,518","3,45,231"
05/28/2020,W,"2,50,675","86,579","3,37,254"
05/29/2020,W,"2,65,087","92,565","3,57,652"
05/30/2020,A,"2,10,004","69,848","2,79,852"
05/31/2020,U,"86,503","23,544","1,10,047"
06-01-2020,W,"1,46,931","27,517","1,74,448"
06-02-2020,W,"1,54,414","31,544","1,85,958"
06-03-2020,W,"2,07,502","68,423","2,75,925"
06-04-2020,W,"2,36,590","83,605","3,20,195"
06-05-2020,W,"2,52,137","90,734","3,42,871"
06-06-2020,A,"1,84,406","69,622","2,54,028"
06-07-2020,U,"1,43,697","53,232","1,96,929"
06-08-2020,W,"2,63,520","1,00,516","3,64,036"
06-09-2020,W,"2,45,154","98,717","3,43,871"
06-10-2020,W,"2,58,523","1,01,685","3,60,208"
06-11-2020,W,"2,82,597","1,10,709","3,93,306"
06-12-2020,W,"2,76,051","1,13,656","3,89,707"
06/13/2020,A,"2,06,386","81,727","2,88,113"
06/14/2020,U,"1,65,299","66,384","2,31,683"
06/15/2020,W,"2,94,517","1,11,956","4,06,473"
06/16/2020,W,"3,01,881","1,14,566","4,16,447"
06/17/2020,W,"3,06,380","1,17,798","4,24,178"
06/18/2020,W,"3,05,028","1,19,506","4,24,534"
06/19/2020,W,"3,03,502","1,25,162","4,28,664"
06/20/2020,A,"2,21,620","81,634","3,03,254"
06/21/2020,U,"1,65,913","70,884","2,36,797"
06/22/2020,W,"2,60,524","1,14,622","3,75,146"
06/23/2020,W,"2,99,680","1,31,100","4,30,780"
06/24/2020,W,"2,86,680","1,33,015","4,19,695"
06/25/2020,W,"3,04,522","1,39,288","4,43,810"
06/26/2020,W,"2,75,240","1,30,402","4,05,642"
06/27/2020,A,"2,33,358","1,06,092","3,39,450"
06/28/2020,U,"1,71,693","86,966","2,58,659"
06/29/2020,W,"2,79,383","1,33,291","4,12,674"
06/30/2020,W,"2,98,563","1,40,782","4,39,345"
07-01-2020,W,"3,27,984","1,48,683","4,76,667"
07-02-2020,W,"3,20,859","1,49,071","4,69,930"
07-03-2020,U,"2,72,940","1,27,079","4,00,019"
07-04-2020,A,"1,88,378","94,601","2,82,979"
07-05-2020,U,"1,66,998","84,977","2,51,975"
07-06-2020,W,"3,01,317","1,43,054","4,44,371"
07-07-2020,W,"3,00,508","1,47,310","4,47,818"
07-08-2020,W,"3,01,892","1,49,845","4,51,737"
07-09-2020,W,"3,01,260","1,49,971","4,51,231"
07-10-2020,W,"3,12,226","1,55,529","4,67,755"
07-11-2020,A,"2,33,152","1,12,641","3,45,793"
07-12-2020,U,"1,74,761","90,382","2,65,143"
07/13/2020,W,"3,09,700","1,49,117","4,58,817"
07/14/2020,W,"3,12,379","1,52,758","4,65,137"
07/15/2020,W,"2,95,648","1,47,794","4,43,442"
07/16/2020,W,"3,06,288","1,54,912","4,61,200"
07/17/2020,W,"3,15,882","1,61,335","4,77,217"
07/18/2020,A,"2,19,217","1,09,549","3,28,766"
07/19/2020,U,"1,48,461","80,714","2,29,175"
07/20/2020,W,"3,07,261","1,49,404","4,56,665"
07/21/2020,W,"2,97,659","1,48,632","4,46,291"
07/22/2020,W,"3,06,629","1,52,652","4,59,281"
07/23/2020,W,"3,15,401","1,56,970","4,72,371"
07/24/2020,W,"3,18,269","1,61,024","4,79,293"
07/25/2020,A,"2,28,619","1,16,404","3,45,023"
07/26/2020,U,"1,63,332","90,069","2,53,401"
07/27/2020,W,"2,95,579","1,44,168","4,39,747"
07/28/2020,W,"3,14,899","1,53,221","4,68,120"
07/29/2020,W,"3,05,332","1,52,279","4,57,611"
07/30/2020,W,"3,07,576","1,56,312","4,63,888"
07/31/2020,W,"3,38,021","1,64,604","5,02,625"
08-01-2020,A,"2,35,944","1,17,414","3,53,358"
08-02-2020,U,"1,69,536","89,199","2,58,735"
08-03-2020,W,"3,24,028","1,52,552","4,76,580"
08-04-2020,W,"3,26,128","1,57,759","4,83,887"
08-05-2020,W,"3,19,021","1,57,695","4,76,716"
08-06-2020,W,"3,20,751","1,59,609","4,80,360"
08-07-2020,W,"3,26,107","1,64,886","4,90,993"
08-08-2020,A,"2,32,723","1,18,676","3,51,399"
08-09-2020,U,"1,75,080","93,832","2,68,912"
08-10-2020,W,"2,50,672","96,642","3,47,314"
08-11-2020,W,"3,09,009","1,38,581","4,47,590"
08-12-2020,W,"3,13,739","1,46,680","4,60,419"
08/13/2020,W,"3,13,917","1,50,941","4,64,858"
08/14/2020,W,"3,15,311","1,55,653","4,70,964"
08/15/2020,A,"2,15,071","1,07,720","3,22,791"
08/16/2020,U,"1,72,492","89,599","2,62,091"
08/17/2020,W,"3,04,431","1,47,684","4,52,115"
08/18/2020,W,"3,13,038","1,55,406","4,68,444"
08/19/2020,W,"3,17,835","1,58,653","4,76,488"
08/20/2020,W,"3,17,199","1,60,843","4,78,042"
08/21/2020,W,"3,22,563","1,65,104","4,87,667"
08/22/2020,A,"2,29,626","1,19,732","3,49,358"
08/23/2020,U,"1,67,737","93,123","2,60,860"
08/24/2020,W,"2,95,919","1,52,126","4,48,045"
08/25/2020,W,"3,06,720","1,56,020","4,62,740"
08/26/2020,W,"3,11,882","1,58,419","4,70,301"
08/27/2020,W,"3,07,570","1,59,603","4,67,173"
08/28/2020,W,"3,13,712","1,63,890","4,77,602"
08/29/2020,A,"2,28,415","1,20,335","3,48,750"
08/30/2020,U,"1,72,100","96,089","2,68,189"
08/31/2020,W,"3,12,659","1,56,093","4,68,752"
09-01-2020,W,"3,20,186","1,57,112","4,77,298"
09-02-2020,W,"3,35,025","1,67,989","5,03,014"
09-03-2020,W,"3,47,516","1,72,408","5,19,924"
09-04-2020,W,"3,39,339","1,76,834","5,16,173"
09-05-2020,A,"2,39,660","1,34,087","3,73,747"
09-06-2020,U,"1,61,152","98,132","2,59,284"
09-07-2020,U,"1,89,391","1,04,992","2,94,383"
09-08-2020,W,"2,88,854","1,51,558","4,40,412"
09-09-2020,W,"3,18,510","1,62,823","4,81,333"
09-10-2020,W,"3,20,927","1,67,696","4,88,623"
09-11-2020,W,"3,23,815","1,72,643","4,96,458"
09-12-2020,A,"2,13,040","1,18,325","3,31,365"
09/13/2020,U,"1,83,881","1,04,162","2,88,043"
09/14/2020,W,"3,14,508","1,59,479","4,73,987"
09/15/2020,W,"3,23,465","1,66,872","4,90,337"
09/16/2020,W,"3,23,500","1,71,467","4,94,967"
09/17/2020,W,"3,22,703","1,71,455","4,94,158"
09/18/2020,W,"3,29,339","1,79,021","5,08,360"
09/19/2020,A,"2,40,028","1,35,343","3,75,371"
09/20/2020,U,"1,75,502","1,01,785","2,77,287"
09/21/2020,W,"3,12,717","1,60,531","4,73,248"
09/22/2020,W,"3,24,554","1,66,852","4,91,406"
09/23/2020,W,"3,26,416","1,69,407","4,95,823"
09/24/2020,W,"3,21,314","1,69,953","4,91,267"
09/25/2020,W,"3,38,121","1,80,938","5,19,059"
09/26/2020,A,"2,39,686","1,36,388","3,76,074"
09/27/2020,U,"1,76,943","1,02,308","2,79,251"
09/28/2020,W,"2,99,874","1,58,980","4,58,854"
09/29/2020,W,"3,23,062","1,67,874","4,90,936"
09/30/2020,W,"3,20,186","1,69,305","4,89,491"
10-01-2020,W,"3,36,911","1,73,387","5,10,298"
10-02-2020,W,"3,49,664","1,82,413","5,32,077"
10-03-2020,A,"2,41,921","1,33,772","3,75,693"
10-04-2020,U,"1,79,954","1,00,387","2,80,341"
10-05-2020,W,"3,26,242","1,64,517","4,90,759"
10-06-2020,W,"3,32,474","1,68,456","5,00,930"
10-07-2020,W,"3,33,595","1,71,757","5,05,352"
10-08-2020,W,"3,34,365","1,74,469","5,08,834"
10-09-2020,W,"3,35,842","1,83,544","5,19,386"
10-10-2020,A,"2,48,858","1,37,846","3,86,704"
10-11-2020,U,"1,81,194","1,03,244","2,84,438"
10-12-2020,W,"2,71,925","1,45,635","4,17,560"
10/13/2020,W,"3,34,145","1,70,998","5,05,143"
10/14/2020,W,"3,34,911","1,72,419","5,07,330"
10/15/2020,W,"3,23,424","1,72,888","4,96,312"
10/16/2020,W,"3,24,544","1,78,507","5,03,051"
10/17/2020,A,"2,31,563","1,34,238","3,65,801"
10/18/2020,U,"1,50,496","92,227","2,42,723"
10/19/2020,W,"3,00,842","1,58,006","4,58,848"
10/20/2020,W,"3,10,091","1,63,811","4,73,902"
10/21/2020,W,"3,21,256","1,67,872","4,89,128"
10/22/2020,W,"3,18,012","1,68,824","4,86,836"
10/23/2020,W,"2,88,787","1,66,459","4,55,246"
10/24/2020,A,"2,39,353","1,32,006","3,71,359"
10/25/2020,U,"1,60,807","94,731","2,55,538"
10/26/2020,W,"2,94,204","1,55,238","4,49,442"
10/27/2020,W,"2,99,100","1,58,973","4,58,073"
10/28/2020,W,"3,18,538","1,65,838","4,84,376"
10/29/2020,W,"3,04,342","1,65,360","4,69,702"
10/30/2020,W,"3,34,559","1,72,445","5,07,004"
10/31/2020,A,"2,24,885","1,20,080","3,44,965"
11-01-2020,U,"1,49,896","85,934","2,35,830"
11-02-2020,W,"3,01,558","1,54,284","4,55,842"
11-03-2020,W,"3,17,723","1,49,741","4,67,464"
11-04-2020,W,"3,06,904","1,51,147","4,58,051"
11-05-2020,W,"3,11,836","1,58,434","4,70,270"
11-06-2020,W,"3,18,896","1,67,110","4,86,006"
11-07-2020,A,"2,26,237","1,26,890","3,53,127"
11-08-2020,U,"1,66,538","94,199","2,60,737"
11-09-2020,W,"3,08,098","1,57,126","4,65,224"
11-10-2020,W,"2,98,502","1,53,003","4,51,505"
11-11-2020,W,"2,86,362","1,47,595","4,33,957"
11-12-2020,W,"3,05,497","1,58,496","4,63,993"
11/13/2020,W,"3,05,354","1,59,535","4,64,889"
11/14/2020,A,"2,06,691","1,04,500","3,11,191"
11/15/2020,U,"1,36,434","75,619","2,12,053"
11/16/2020,W,"2,82,290","1,40,661","4,22,951"
11/17/2020,W,"2,79,757","1,40,971","4,20,728"
11/18/2020,W,"2,85,245","1,43,331","4,28,576"
11/19/2020,W,"2,92,548","1,48,286","4,40,834"
11/20/2020,W,"2,97,292","1,49,612","4,46,904"
11/21/2020,A,"2,06,379","1,00,672","3,07,051"
11/22/2020,U,"1,46,562","74,926","2,21,488"
11/23/2020,W,"2,83,365","1,38,635","4,22,000"
11/24/2020,W,"2,64,500","1,35,119","3,99,619"
11/25/2020,W,"2,67,787","1,31,704","3,99,491"
11/26/2020,U,"1,19,470","56,839","1,76,309"
11/27/2020,W,"2,21,878","1,06,692","3,28,570"
11/28/2020,A,"1,98,860","97,141","2,96,001"
11/29/2020,U,"1,45,682","76,276","2,21,958"
11/30/2020,W,"2,55,801","1,30,426","3,86,227"
12-01-2020,W,"2,90,906","1,38,364","4,29,270"
12-02-2020,W,"2,89,930","1,37,598","4,27,528"
12-03-2020,W,"3,01,357","1,42,080","4,43,437"
12-04-2020,W,"2,97,160","1,44,348","4,41,508"
12-05-2020,A,"2,06,508","1,00,869","3,07,377"
12-06-2020,U,"1,44,322","74,099","2,18,421"
12-07-2020,W,"2,72,363","1,33,537","4,05,900"
12-08-2020,W,"2,77,139","1,37,145","4,14,284"
12-09-2020,W,"2,93,699","1,43,390","4,37,089"
12-10-2020,W,"2,97,368","1,44,459","4,41,827"
12-11-2020,W,"2,77,727","1,38,386","4,16,113"
12-12-2020,A,"1,81,545","92,521","2,74,066"
12/13/2020,U,"1,50,344","78,380","2,28,724"
12/14/2020,W,"2,69,583","1,35,394","4,04,977"
12/15/2020,W,"2,73,075","1,37,120","4,10,195"
12/16/2020,W,"2,69,375","1,38,422","4,07,797"
12/17/2020,W,"2,73,791","1,39,375","4,13,166"
12/18/2020,W,"2,84,841","1,44,568","4,29,409"
12/19/2020,A,"2,01,406","1,01,970","3,03,376"
12/20/2020,U,"1,57,805","80,063","2,37,868"
12/21/2020,W,"2,80,892","1,37,696","4,18,588"
12/22/2020,W,"2,89,292","1,40,759","4,30,051"
12/23/2020,W,"2,83,137","1,38,325","4,21,462"
12/24/2020,W,"2,01,261","92,528","2,93,789"
12/25/2020,U,"80,783","40,861","1,21,644"
12/26/2020,A,"1,70,294","81,793","2,52,087"
12/27/2020,U,"1,39,350","72,363","2,11,713"
12/28/2020,W,"2,59,552","1,25,317","3,84,869"
12/29/2020,W,"2,53,437","1,28,558","3,81,995"
12/30/2020,W,"2,44,219","1,26,447","3,70,666"
12/31/2020,W,"2,54,787","1,14,338","3,69,125"
01-01-2021,U,"1,14,115","62,077","1,76,192"
01-02-2021,A,"1,86,877","91,034","2,77,911"
01-03-2021,U,"1,40,440","72,391","2,12,831"
01-04-2021,W,"2,82,862","1,32,124","4,14,986"
01-05-2021,W,"2,81,724","1,34,514","4,16,238"
01-06-2021,W,"2,78,317","1,36,069","4,14,386"
01-07-2021,W,"2,70,340","1,35,092","4,05,432"
01-08-2021,W,"2,72,827","1,37,181","4,10,008"
01-09-2021,A,"2,05,370","1,01,095","3,06,465"
01-10-2021,U,"1,45,412","71,867","2,17,279"
01-11-2021,W,"2,62,355","1,29,615","3,91,970"
01-12-2021,W,"2,77,882","1,36,866","4,14,748"
01/13/2021,W,"2,82,529","1,40,007","4,22,536"
01/14/2021,W,"2,75,747","1,37,634","4,13,381"
01/15/2021,W,"2,77,928","1,39,988","4,17,916"
01/16/2021,A,"1,93,303","96,530","2,89,833"
01/17/2021,U,"1,43,923","72,570","2,16,493"
01/18/2021,W,"2,27,108","1,13,727","3,40,835"
01/19/2021,W,"2,70,497","1,37,227","4,07,724"
01/20/2021,W,"2,57,638","1,31,313","3,88,951"
01/21/2021,W,"2,87,899","1,44,085","4,31,984"
01/22/2021,W,"2,64,517","1,38,811","4,03,328"
01/23/2021,A,"1,90,988","96,503","2,87,491"
01/24/2021,U,"1,41,538","71,996","2,13,534"
01/25/2021,W,"2,65,782","1,35,618","4,01,400"
01/26/2021,W,"2,33,767","1,27,803","3,61,570"
01/27/2021,W,"2,62,570","1,38,610","4,01,180"
01/28/2021,W,"2,65,152","1,40,259","4,05,411"
01/29/2021,W,"2,85,439","1,48,439","4,33,878"
01/30/2021,A,"1,92,267","1,02,119","2,94,386"
01/31/2021,U,"1,19,669","75,697","1,95,366"
02-01-2021,W,"2,85,366","1,45,356","4,30,722"
02-02-2021,W,"2,88,369","1,46,050","4,34,419"
02-03-2021,W,"3,15,672","1,52,303","4,67,975"
02-04-2021,W,"2,78,515","1,47,593","4,26,108"
02-05-2021,W,"2,50,369","1,39,613","3,89,982"
02-06-2021,A,"1,61,437","89,065","2,50,502"
02-07-2021,U,"1,10,637","64,459","1,75,096"
02-08-2021,W,"2,42,899","1,28,998","3,71,897"
02-09-2021,W,"2,60,772","1,37,064","3,97,836"
02-10-2021,W,"2,67,271","1,41,210","4,08,481"
02-11-2021,W,"2,69,772","1,46,284","4,16,056"
02-12-2021,W,"2,80,767","1,49,261","4,30,028"
02/13/2021,A,"1,86,257","1,06,030","2,92,287"
02/14/2021,U,"1,21,070","73,603","1,94,673"
02/15/2021,W,"1,96,912","1,18,258","3,15,170"
02/16/2021,W,"2,06,197","1,14,830","3,21,027"
02/17/2021,W,"2,78,930","1,49,828","4,28,758"
02/18/2021,W,"2,83,168","1,55,250","4,38,418"
02/19/2021,W,"2,87,852","1,56,832","4,44,684"
02/20/2021,A,"1,92,157","1,12,011","3,04,168"
02/21/2021,U,"1,46,116","81,211","2,27,327"
02/22/2021,W,"2,80,331","1,46,573","4,26,904"
02/23/2021,W,"3,08,822","1,57,020","4,65,842"
02/24/2021,W,"3,07,300","1,56,793","4,64,093"
02/25/2021,W,"3,00,304","1,57,867","4,58,171"
02/26/2021,W,"3,09,217","1,64,565","4,73,782"
02/27/2021,A,"2,32,432","1,27,246","3,59,678"
02/28/2021,U,"1,58,200","87,008","2,45,208"
03-01-2021,W,"3,09,106","1,49,826","4,58,932"
03-02-2021,W,"3,08,998","1,56,140","4,65,138"
03-03-2021,W,"3,33,410","1,63,566","4,96,976"
03-04-2021,W,"3,09,302","1,59,889","4,69,191"
03-05-2021,W,"3,17,629","1,67,771","4,85,400"
03-06-2021,A,"2,28,890","1,24,851","3,53,741"
03-07-2021,U,"1,73,071","95,906","2,68,977"
03-08-2021,W,"3,17,267","1,59,512","4,76,779"
03-09-2021,W,"3,27,340","1,64,868","4,92,208"
03-10-2021,W,"3,12,074","1,61,736","4,73,810"
03-11-2021,W,"3,18,121","1,65,057","4,83,178"
03-12-2021,W,"3,23,199","1,72,476","4,95,675"
03/13/2021,A,"2,47,738","1,48,004","3,95,742"
03/14/2021,U,"1,63,299","97,387","2,60,686"
03/15/2021,W,"2,65,818","1,44,990","4,10,808"
03/16/2021,W,"3,00,583","1,58,171","4,58,754"
03/17/2021,W,"3,10,656","1,65,207","4,75,863"
03/18/2021,W,"2,93,346","1,60,989","4,54,335"
03/19/2021,W,"3,30,666","1,78,106","5,08,772"
03/20/2021,A,"2,46,067","1,41,702","3,87,769"
03/21/2021,U,"1,87,953","1,11,138","2,99,091"
03/22/2021,W,"3,19,333","1,64,624","4,83,957"
03/23/2021,W,"3,03,876","1,59,635","4,63,511"
03/24/2021,W,"3,20,929","1,68,422","4,89,351"
03/25/2021,W,"3,16,190","1,68,278","4,84,468"
03/26/2021,W,"3,21,386","1,75,255","4,96,641"
03/27/2021,A,"2,35,940","1,37,705","3,73,645"
03/28/2021,U,"1,71,037","1,01,679","2,72,716"
03/29/2021,W,"3,16,586","1,65,113","4,81,699"
03/30/2021,W,"3,24,218","1,70,588","4,94,806"
03/31/2021,W,"3,13,521","1,68,955","4,82,476"
04-01-2021,W,"3,30,414","1,78,267","5,08,681"
04-02-2021,W,"3,29,144","1,80,602","5,09,746"
04-03-2021,A,"2,58,780","1,50,786","4,09,566"
04-04-2021,U,"1,78,580","1,05,039","2,83,619"
04-05-2021,W,"3,13,426","1,66,404","4,79,830"
04-06-2021,W,"3,38,664","1,81,795","5,20,459"
04-07-2021,W,"3,40,512","1,81,069","5,21,581"
04-08-2021,W,"3,02,569","1,71,140","4,73,709"
04-09-2021,W,"3,30,542","1,86,985","5,17,527"
04-10-2021,A,"2,12,976","1,29,831","3,42,807"
04-11-2021,U,"1,77,686","1,05,758","2,83,444"
04-12-2021,W,"3,26,192","1,70,290","4,96,482"
04/13/2021,W,"3,35,197","1,79,135","5,14,332"
04/14/2021,W,"3,20,689","1,73,838","4,94,527"
04/15/2021,W,"3,21,850","1,79,206","5,01,056"
04/16/2021,W,"3,34,144","1,99,086","5,33,230"
04/17/2021,A,"2,37,265","1,55,208","3,92,473"
04/18/2021,U,"1,77,249","1,12,596","2,89,845"
04/19/2021,W,"3,07,407","1,65,608","4,73,015"
04/20/2021,W,"3,10,048","1,70,031","4,80,079"
04/21/2021,W,"3,13,705","1,73,325","4,87,030"
04/22/2021,W,"3,36,610","1,87,886","5,24,496"
04/23/2021,W,"3,41,811","2,03,880","5,45,691"
04/24/2021,A,"2,34,939","1,49,135","3,84,074"
04/25/2021,U,"1,75,558","1,13,050","2,88,608"
04/26/2021,W,"3,37,128","1,76,283","5,13,411"
04/27/2021,W,"3,52,388","1,93,712","5,46,100"
04/28/2021,W,"3,03,689","1,72,569","4,76,258"
04/29/2021,W,"3,27,089","1,84,416","5,11,505"
04/30/2021,W,"3,58,329","2,07,166","5,65,495"
05-01-2021,A,"2,66,141","1,70,503","4,36,644"
05-02-2021,U,"1,95,776","1,26,355","3,22,131"
05-03-2021,W,"3,34,667","1,74,120","5,08,787"
05-04-2021,W,"3,30,540","1,83,621","5,14,161"
05-05-2021,W,"3,46,837","1,93,605","5,40,442"
05-06-2021,W,"3,22,453","1,87,545","5,09,998"
05-07-2021,W,"3,51,011","2,12,194","5,63,205"
05-08-2021,A,"2,55,252","1,61,702","4,16,954"
05-09-2021,U,"1,58,199","1,08,981","2,67,180"
05-10-2021,W,"3,17,899","1,75,820","4,93,719"
05-11-2021,W,"3,38,523","1,89,589","5,28,112"
05-12-2021,W,"3,37,223","1,93,841","5,31,064"
05/13/2021,W,"3,47,914","2,05,589","5,53,503"
05/14/2021,W,"3,53,950","2,22,830","5,76,780"
05/15/2021,A,"2,34,951","1,66,559","4,01,510"
05/16/2021,U,"1,95,939","1,37,410","3,33,349"
05/17/2021,W,"3,33,150","1,90,203","5,23,353"
05/18/2021,W,"3,38,267","1,95,305","5,33,572"
05/19/2021,W,"3,31,674","1,98,718","5,30,392"
05/20/2021,W,"3,50,455","2,15,181","5,65,636"
05/21/2021,W,"3,53,721","2,26,276","5,79,997"
05/22/2021,A,"2,65,066","1,88,124","4,53,190"
05/23/2021,U,"1,84,730","1,29,720","3,14,450"
05/24/2021,W,"3,38,290","1,96,524","5,34,814"
05/25/2021,W,"3,45,371","2,05,679","5,51,050"
05/26/2021,W,"3,49,319","2,08,470","5,57,789"
05/27/2021,W,"3,34,991","2,08,682","5,43,673"
05/28/2021,W,"3,13,635","2,17,115","5,30,750"
05/29/2021,A,"2,66,944","2,08,819","4,75,763"
05/30/2021,U,"2,09,937","1,77,745","3,87,682"
05/31/2021,U,"1,94,901","1,47,880","3,42,781"
06-01-2021,W,"3,49,451","2,21,402","5,70,853"
06-02-2021,W,"3,56,620","2,22,827","5,79,447"
06-03-2021,W,"3,82,161","2,31,398","6,13,559"
06-04-2021,W,"3,74,475","2,44,454","6,18,929"
06-05-2021,A,"2,78,036","1,99,123","4,77,159"
06-06-2021,U,"2,04,309","1,48,509","3,52,818"
06-07-2021,W,"3,43,982","2,02,767","5,46,749"
06-08-2021,W,"3,66,854","2,22,841","5,89,695"
06-09-2021,W,"3,67,755","2,31,622","5,99,377"
06-10-2021,W,"3,74,697","2,46,542","6,21,239"
06-11-2021,W,"3,75,533","2,71,425","6,46,958"
06-12-2021,A,"2,65,224","2,24,185","4,89,409"
06/13/2021,U,"2,19,260","1,84,714","4,03,974"
06/14/2021,W,"3,62,267","2,27,377","5,89,644"
06/15/2021,W,"3,72,531","2,38,872","6,11,403"
06/16/2021,W,"3,74,362","2,42,785","6,17,147"
06/17/2021,W,"3,72,186","2,47,900","6,20,086"
06/18/2021,W,"3,62,823","2,72,803","6,35,626"
06/19/2021,A,"2,76,925","2,38,075","5,15,000"
06/20/2021,U,"1,94,025","1,58,875","3,52,900"
06/21/2021,W,"3,49,781","2,37,699","5,87,480"
06/22/2021,W,"3,76,511","2,56,084","6,32,595"
06/23/2021,W,"3,62,682","2,39,858","6,02,540"
06/24/2021,W,"3,45,186","2,40,440","5,85,626"
06/25/2021,W,"3,43,853","2,51,904","5,95,757"
06/26/2021,A,"2,32,678","1,90,791","4,23,469"
06/27/2021,U,"2,19,887","1,76,898","3,96,785"
06/28/2021,W,"3,37,566","2,18,776","5,56,342"
06/29/2021,W,"3,46,254","2,29,881","5,76,135"
06/30/2021,W,"3,56,837","2,37,763","5,94,600"
07-01-2021,W,"3,97,781","2,57,789","6,55,570"
07-02-2021,W,"3,89,185","2,54,956","6,44,141"
07-03-2021,A,"2,92,341","2,15,230","5,07,571"
07-04-2021,U,"2,14,496","1,67,760","3,82,256"
07-05-2021,U,"2,37,811","1,78,415","4,16,226"
07-06-2021,W,"3,78,230","2,55,296","6,33,526"
07-07-2021,W,"3,71,601","2,61,796","6,33,397"
07-08-2021,W,"3,75,578","2,76,819","6,52,397"
07-09-2021,W,"3,89,894","3,02,893","6,92,787"
07-10-2021,A,"2,75,612","2,38,903","5,14,515"
07-11-2021,U,"1,89,913","1,65,360","3,55,273"
07-12-2021,W,"3,63,268","2,37,710","6,00,978"
07/13/2021,W,"3,75,230","2,50,575","6,25,805"
07/14/2021,W,"3,96,163","2,62,113","6,58,276"
07/15/2021,W,"3,74,072","2,61,351","6,35,423"
07/16/2021,W,"3,79,552","2,80,527","6,60,079"
07/17/2021,A,"2,96,714","2,45,066","5,41,780"
07/18/2021,U,"2,26,558","1,91,007","4,17,565"
07/19/2021,W,"3,77,772","2,48,181","6,25,953"
07/20/2021,W,"3,90,578","2,64,471","6,55,049"
07/21/2021,W,"3,92,548","2,74,123","6,66,671"
07/22/2021,W,"3,90,531","2,75,892","6,66,423"
07/23/2021,W,"3,86,289","2,98,869","6,85,158"
07/24/2021,A,"2,80,927","2,50,014","5,30,941"
07/25/2021,U,"2,21,645","1,98,799","4,20,444"
07/26/2021,W,"3,73,206","2,60,296","6,33,502"
07/27/2021,W,"3,87,327","2,79,049","6,66,376"
07/28/2021,W,"3,90,425","2,98,392","6,88,817"
07/29/2021,W,"3,94,751","3,62,106","7,56,857"
07/30/2021,W,"4,02,364","3,62,949","7,65,313"
07/31/2021,A,"2,92,772","3,10,759","6,03,531"
08-01-2021,U,"2,23,161","2,44,404","4,67,565"
08-02-2021,W,"3,74,987","2,59,408","6,34,395"
08-03-2021,W,"4,07,869","2,67,547","6,75,416"
08-04-2021,W,"4,01,665","2,71,469","6,73,134"
08-05-2021,W,"4,01,248","2,83,716","6,84,964"
08-06-2021,W,"3,87,894","3,13,936","7,01,830"
08-07-2021,A,"3,01,542","2,75,050","5,76,592"
08-08-2021,U,"2,23,653","1,87,344","4,10,997"
08-09-2021,W,"3,34,547","2,40,520","5,75,067"
08-10-2021,W,"3,72,961","2,64,354","6,37,315"
08-11-2021,W,"3,64,185","2,58,741","6,22,926"
08-12-2021,W,"3,81,061","2,80,760","6,61,821"
08/13/2021,W,"3,96,567","2,77,082","6,73,649"
08/14/2021,A,"2,94,345","2,52,710","5,47,055"
08/15/2021,U,"2,21,156","2,05,673","4,26,829"
08/16/2021,W,"3,71,748","2,46,824","6,18,572"
08/17/2021,W,"3,85,106","2,59,308","6,44,414"
08/18/2021,W,"3,87,316","2,65,679","6,52,995"
08/19/2021,W,"3,90,171","2,74,749","6,64,920"
08/20/2021,W,"3,99,149","2,98,535","6,97,684"
08/21/2021,A,"2,82,205","2,48,705","5,30,910"
08/22/2021,U,"2,31,270","2,02,393","4,33,663"
08/23/2021,W,"3,89,873","2,63,283","6,53,156"
08/24/2021,W,"3,82,748","2,59,641","6,42,389"
08/25/2021,W,"3,98,464","2,78,830","6,77,294"
08/26/2021,W,"4,17,416","2,87,640","7,05,056"
08/27/2021,W,"4,11,406","3,02,286","7,13,692"
08/28/2021,A,"2,90,939","2,32,278","5,23,217"
08/29/2021,U,"2,15,493","1,80,030","3,95,523"
08/30/2021,W,"4,52,128","2,83,312","7,35,440"
08/31/2021,W,"4,57,408","2,94,988","7,52,396"
09-01-2021,W,"4,83,883","3,02,972","7,86,855"
09-02-2021,W,"4,66,988","3,16,474","7,83,462"
09-03-2021,W,"4,60,822","3,32,962","7,93,784"
09-04-2021,A,"2,88,744","2,49,857","5,38,601"
09-05-2021,U,"2,38,982","2,32,104","4,71,086"
09-06-2021,U,"2,31,171","1,90,360","4,21,531"
09-07-2021,W,"4,45,989","2,91,803","7,37,792"
09-08-2021,W,"4,80,111","3,20,091","8,00,202"
09-09-2021,W,"4,71,953","3,26,271","7,98,224"
09-10-2021,W,"4,69,400","3,55,788","8,25,188"
09-11-2021,A,"2,92,316","2,76,714","5,69,030"
09-12-2021,U,"2,16,327","2,06,582","4,22,909"
09/13/2021,W,"4,50,527","2,96,554","7,47,081"
09/14/2021,W,"4,68,812","3,11,965","7,80,777"
09/15/2021,W,"4,72,623","3,29,295","8,01,918"
09/16/2021,W,"4,67,659","3,65,090","8,32,749"
09/17/2021,W,"4,69,512","3,77,373","8,46,885"
09/18/2021,A,"2,97,188","2,95,961","5,93,149"
09/19/2021,U,"2,21,743","2,20,835","4,42,578"
09/20/2021,W,"4,43,252","2,98,947","7,42,199"
09/21/2021,W,"4,52,211","3,19,330","7,71,541"
09/22/2021,W,"4,50,883","3,22,522","7,73,405"
09/23/2021,W,"4,64,140","3,27,671","7,91,811"
09/24/2021,W,"4,63,710","3,65,392","8,29,102"
09/25/2021,A,"3,00,821","2,96,621","5,97,442"
09/26/2021,U,"2,14,958","1,95,380","4,10,338"
09/27/2021,W,"4,58,134","2,98,532","7,56,666"
09/28/2021,W,"4,74,767","3,15,354","7,90,121"
09/29/2021,W,"4,71,319","3,23,001","7,94,320"
09/30/2021,W,"4,69,820","3,26,450","7,96,270"
10-01-2021,W,"4,86,451","3,43,048","8,29,499"
10-02-2021,A,"2,83,289","2,48,678","5,31,967"
10-03-2021,U,"2,09,009","1,88,875","3,97,884"
10-04-2021,W,"4,53,108","2,97,717","7,50,825"
10-05-2021,W,"4,69,691","3,17,319","7,87,010"
10-06-2021,W,"4,74,666","3,17,494","7,92,160"
10-07-2021,W,"4,47,936","3,23,569","7,71,505"
10-08-2021,W,"4,61,163","3,48,740","8,09,903"
10-09-2021,A,"3,01,635","2,81,790","5,83,425"
10-10-2021,U,"1,94,232","3,12,750","5,06,982"
10-11-2021,W,"3,35,704","2,69,043","6,04,747"
10-12-2021,W,"4,69,702","3,37,547","8,07,249"
10/13/2021,W,"4,56,836","3,23,735","7,80,571"
10/14/2021,W,"4,66,987","3,36,464","8,03,451"
10/15/2021,W,"4,56,194","3,38,278","7,94,472"
10/16/2021,A,"3,01,890","2,66,017","5,67,907"
10/17/2021,U,"2,19,929","1,96,386","4,16,315"
10/18/2021,W,"4,47,658","3,03,246","7,50,904"
10/19/2021,W,"4,67,179","3,23,286","7,90,465"
10/20/2021,W,"4,70,815","3,23,794","7,94,609"
10/21/2021,W,"4,49,160","3,30,258","7,79,418"
10/22/2021,W,"4,46,072","3,28,904","7,74,976"
10/23/2021,A,"2,88,871","2,44,421","5,33,292"
10/24/2021,U,"1,71,424","1,44,992","3,16,416"
10/25/2021,W,"3,84,314","2,70,031","6,54,345"
10/26/2021,W,"4,76,997","3,20,974","7,97,971"
10/27/2021,W,"4,75,784","3,27,121","8,02,905"
10/28/2021,W,"4,47,442","3,28,865","7,76,307"
10/29/2021,W,"4,07,815","3,07,878","7,15,693"
10/30/2021,A,"2,80,283","2,44,786","5,25,069"
10/31/2021,U,"2,03,393","1,83,268","3,86,661"
11-01-2021,W,"4,52,937","3,00,996","7,53,933"
11-02-2021,W,"4,63,908","3,19,122","7,83,030"
11-03-2021,W,"4,81,029","3,27,770","8,08,799"
11-04-2021,W,"4,63,508","3,33,562","7,97,070"
11-05-2021,W,"4,03,870","3,12,819","7,16,689"
11-06-2021,A,"2,79,147","2,35,533","5,14,680"
11-07-2021,U,"2,11,114","1,77,817","3,88,931"
11-08-2021,W,"4,58,387","3,05,403","7,63,790"
11-09-2021,W,"4,65,479","3,24,645","7,90,124"
11-10-2021,W,"4,74,682","3,32,506","8,07,188"
11-11-2021,W,"3,49,696","2,86,823","6,36,519"
11-12-2021,W,"3,81,722","3,02,454","6,84,176"
11/13/2021,A,"2,63,401","2,21,836","4,85,237"
11/14/2021,U,"1,91,694","1,53,282","3,44,976"
11/15/2021,W,"4,27,781","2,92,876","7,20,657"
11/16/2021,W,"4,63,846","3,21,135","7,84,981"
11/17/2021,W,"4,36,216","3,11,717","7,47,933"
11/18/2021,W,"4,13,008","3,15,161","7,28,169"
11/19/2021,W,"4,43,247","3,37,202","7,80,449"
11/20/2021,A,"2,71,655","2,76,136","5,47,791"
11/21/2021,U,"2,14,017","1,79,537","3,93,554"
11/22/2021,W,"4,28,156","2,88,075","7,16,231"
11/23/2021,W,"4,37,577","3,00,261","7,37,838"
11/24/2021,W,"3,59,261","2,57,882","6,17,143"
11/25/2021,U,"1,36,680","1,03,108","2,39,788"
11/26/2021,W,"2,57,700","1,89,694","4,47,394"
11/27/2021,A,"2,37,839","1,87,065","4,24,904"
11/28/2021,U,"1,84,817","1,47,830","3,32,647"
11/29/2021,W,"4,21,322","2,76,090","6,97,412"
11/30/2021,W,"4,50,230","3,02,349","7,52,579"
12-01-2021,W,"4,64,613","3,09,075","7,73,688"
12-02-2021,W,"4,66,625","3,23,958","7,90,583"
12-03-2021,W,"4,60,247","3,20,326","7,80,573"
12-04-2021,A,"2,82,720","2,37,153","5,19,873"
12-05-2021,U,"1,75,680","1,50,682","3,26,362"
12-06-2021,W,"4,19,783","2,78,439","6,98,222"
12-07-2021,W,"4,12,108","2,87,065","6,99,173"
12-08-2021,W,"4,40,298","3,00,242","7,40,540"
12-09-2021,W,"4,41,609","3,10,636","7,52,245"
12-10-2021,W,"4,25,279","2,97,443","7,22,722"
12-11-2021,A,"2,53,954","2,21,509","4,75,463"
12-12-2021,U,"2,00,373","1,65,296","3,65,669"
12/13/2021,W,"4,25,654","2,72,016","6,97,670"
12/14/2021,W,"4,43,484","2,93,750","7,37,234"
12/15/2021,W,"4,41,500","2,99,691","7,41,191"
12/16/2021,W,"4,24,823","2,97,427","7,22,250"
12/17/2021,W,"4,05,415","2,82,060","6,87,475"
12/18/2021,A,"2,43,767","1,96,349","4,40,116"
12/19/2021,U,"1,93,554","1,50,673","3,44,227"
12/20/2021,W,"3,46,355","2,35,596","5,81,951"
12/21/2021,W,"3,43,757","2,24,928","5,68,685"
12/22/2021,W,"3,14,359","2,09,334","5,23,693"
12/23/2021,W,"3,11,895","1,92,858","5,04,753"
12/24/2021,U,"2,15,369","1,18,922","3,34,291"
12/25/2021,A,"1,01,622","63,575","1,65,197"
12/26/2021,U,"1,60,349","1,06,278","2,66,627"
12/27/2021,W,"2,76,748","1,70,801","4,47,549"
12/28/2021,W,"2,67,102","1,74,336","4,41,438"
12/29/2021,W,"2,94,413","1,91,745","4,86,158"
12/30/2021,W,"2,95,024","1,94,851","4,89,875"
12/31/2021,U,"2,27,449","1,63,183","3,90,632"
01-01-2022,A,"1,15,581","1,16,473","2,32,054"
01-02-2022,U,"1,41,100","1,14,070","2,55,170"
01-03-2022,W,"3,08,893","1,84,727","4,93,620"
01-04-2022,W,"3,43,163","2,02,963","5,46,126"
01-05-2022,W,"2,61,752","1,77,105","4,38,857"
01-06-2022,W,"2,56,983","1,75,465","4,32,448"
01-07-2022,W,"2,46,042","1,72,216","4,18,258"
01-08-2022,A,"1,90,569","1,33,844","3,24,413"
01-09-2022,U,"1,39,413","1,02,330","2,41,743"
01-10-2022,W,"2,73,785","1,75,964","4,49,749"
01-11-2022,W,"2,99,534","1,90,644","4,90,178"
01-12-2022,W,"3,64,308","2,14,250","5,78,558"
01/13/2022,W,"3,64,235","2,18,508","5,82,743"
01/14/2022,W,"3,55,305","2,24,098","5,79,403"
01/15/2022,A,"2,01,975","1,53,357","3,55,332"
01/16/2022,U,"1,57,849","1,17,493","2,75,342"
01/17/2022,W,"2,47,901","1,60,202","4,08,103"
01/18/2022,W,"3,94,532","2,39,770","6,34,302"
01/19/2022,W,"3,73,531","2,35,997","6,09,528"
01/20/2022,W,"3,43,001","2,27,670","5,70,671"
01/21/2022,W,"3,60,918","2,27,754","5,88,672"
01/22/2022,A,"2,13,615","1,53,452","3,67,067"
01/23/2022,U,"1,49,802","1,12,997","2,62,799"
01/24/2022,W,"3,52,311","2,35,351","5,87,662"
01/25/2022,W,"3,52,155","2,34,112","5,86,267"
01/26/2022,W,"3,13,683","2,15,518","5,29,201"
01/27/2022,W,"3,88,880","2,54,620","6,43,500"
01/28/2022,W,"3,10,477","2,29,809","5,40,286"
01/29/2022,A,"2,16,590","1,60,644","3,77,234"
01/30/2022,U,"1,63,483","1,15,445","2,78,928"
01/31/2022,W,"4,05,219","2,53,283","6,58,502"
02-01-2022,W,"4,38,309","2,73,732","7,12,041"
02-02-2022,W,"2,52,363","1,89,573","4,41,936"
02-03-2022,W,"3,42,011","2,32,018","5,74,029"
02-04-2022,W,"3,91,793","2,63,572","6,55,365"
02-05-2022,A,"2,22,874","1,69,731","3,92,605"
02-06-2022,U,"1,79,811","1,25,211","3,05,022"
02-07-2022,W,"4,05,768","2,57,867","6,63,635"
02-08-2022,W,"4,31,086","2,80,312","7,11,398"
02-09-2022,W,"4,33,494","2,83,336","7,16,830"
02-10-2022,W,"4,26,111","2,84,248","7,10,359"
02-11-2022,W,"4,13,489","2,69,373","6,82,862"
02-12-2022,A,"2,36,977","1,77,109","4,14,086"
02/13/2022,U,"1,75,728","1,33,282","3,09,010"
02/14/2022,W,"4,00,492","2,60,703","6,61,195"
02/15/2022,W,"4,34,683","2,82,736","7,17,419"
02/16/2022,W,"4,36,057","2,86,506","7,22,563"
02/17/2022,W,"3,65,062","2,60,175","6,25,237"
02/18/2022,W,"3,83,850","2,68,927","6,52,777"
02/19/2022,A,"2,28,190","1,79,991","4,08,181"
02/20/2022,U,"1,93,971","1,46,532","3,40,503"
02/21/2022,W,"3,30,376","2,19,366","5,49,742"
02/22/2022,W,"4,02,852","2,75,702","6,78,554"
02/23/2022,W,"4,34,639","2,88,569","7,23,208"
02/24/2022,W,"4,17,551","2,90,246","7,07,797"
02/25/2022,W,"4,11,882","2,78,287","6,90,169"
02/26/2022,A,"2,60,161","1,90,557","4,50,718"
02/27/2022,U,"1,97,978","1,39,377","3,37,355"
02/28/2022,W,"4,37,269","2,72,433","7,09,702"
03-01-2022,W,"4,71,547","2,97,951","7,69,498"
03-02-2022,W,"4,61,679","3,04,639","7,66,318"
03-03-2022,W,"4,50,905","3,01,344","7,52,249"
03-04-2022,W,"4,37,164","2,88,975","7,26,139"
03-05-2022,A,"2,91,281","2,21,714","5,12,995"
03-06-2022,U,"1,94,300","1,41,976","3,36,276"
03-07-2022,W,"3,99,383","2,61,592","6,60,975"
03-08-2022,W,"4,64,441","3,03,631","7,68,072"
03-09-2022,W,"4,66,984","3,10,336","7,77,320"
03-10-2022,W,"4,44,721","3,10,435","7,55,156"
03-11-2022,W,"4,22,764","2,94,476","7,17,240"
03-12-2022,A,"2,47,872","2,87,526","5,35,398"
03/13/2022,U,"2,00,879","1,68,821","3,69,700"
03/14/2022,W,"4,48,558","2,94,168","7,42,726"
03/15/2022,W,"4,63,215","3,22,609","7,85,824"
03/16/2022,W,"4,79,823","3,33,597","8,13,420"
03/17/2022,W,"4,63,068","3,36,933","8,00,001"
03/18/2022,W,"4,04,540","2,92,739","6,97,279"
03/19/2022,A,"2,50,839","2,03,842","4,54,681"
03/20/2022,U,"2,20,280","1,83,597","4,03,877"
03/21/2022,W,"4,59,452","2,86,077","7,45,529"
03/22/2022,W,"4,32,916","2,90,803","7,23,719"
03/23/2022,W,"4,11,053","2,85,528","6,96,581"
03/24/2022,W,"4,52,116","2,79,960","7,32,076"
03/25/2022,W,"4,31,829","2,90,569","7,22,398"
03/26/2022,A,"2,42,199","1,91,025","4,33,224"
03/27/2022,U,"1,93,217","1,47,865","3,41,082"
03/28/2022,W,"4,43,113","2,83,316","7,26,429"
03/29/2022,W,"4,59,127","3,10,432","7,69,559"
03/30/2022,W,"4,25,844","2,99,471","7,25,315"
03/31/2022,W,"4,46,918","3,13,624","7,60,542"
04-01-2022,W,"4,84,903","3,14,610","7,99,513"
04-02-2022,A,"2,64,044","1,94,383","4,58,427"
04-03-2022,U,"2,18,901","1,53,875","3,72,776"
04-04-2022,W,"4,57,452","2,91,019","7,48,471"
04-05-2022,W,"4,82,775","3,26,164","8,08,939"
04-06-2022,W,"4,70,573","3,27,753","7,98,326"
04-07-2022,W,"4,68,788","3,46,853","8,15,641"
04-08-2022,W,"3,98,017","3,01,320","6,99,337"
04-09-2022,A,"2,83,129","2,32,566","5,15,695"
04-10-2022,U,"2,21,977","1,84,272","4,06,249"
04-11-2022,W,"3,88,543","2,76,040","6,64,583"
04-12-2022,W,"4,26,444","3,23,042","7,49,486"
04/13/2022,W,"3,75,870","2,90,641","6,66,511"
04/14/2022,W,"4,08,379","3,16,347","7,24,726"
04/15/2022,W,"3,67,610","2,76,605","6,44,215"
04/16/2022,A,"2,74,093","2,16,395","4,90,488"
04/17/2022,U,"1,83,837","1,39,738","3,23,575"
04/18/2022,W,"4,16,359","2,79,342","6,95,701"
04/19/2022,W,"4,61,501","3,24,667","7,86,168"
04/20/2022,W,"4,53,943","3,22,677","7,76,620"
04/21/2022,W,"4,55,139","3,39,779","7,94,918"
04/22/2022,W,"4,14,144","2,95,319","7,09,463"
04/23/2022,A,"3,12,128","2,78,763","5,90,891"
04/24/2022,U,"1,92,744","1,62,462","3,55,206"
04/25/2022,W,"4,54,532","2,93,934","7,48,466"
04/26/2022,W,"4,76,474","3,23,321","7,99,795"
04/27/2022,W,"4,73,316","3,25,530","7,98,846"
04/28/2022,W,"4,61,751","3,29,024","7,90,775"
04/29/2022,W,"4,72,802","3,24,138","7,96,940"
04/30/2022,A,"2,60,440","2,08,693","4,69,133"
05-01-2022,U,"2,09,565","1,67,306","3,76,871"
05-02-2022,W,"4,56,676","2,88,292","7,44,968"
05-03-2022,W,"4,27,088","3,04,189","7,31,277"
05-04-2022,W,"5,00,429","3,44,233","8,44,662"
05-05-2022,W,"4,64,544","3,29,241","7,93,785"
05-06-2022,W,"4,29,700","2,98,387","7,28,087"
05-07-2022,A,"3,08,573","2,62,869","5,71,442"
05-08-2022,U,"2,04,641","1,67,467","3,72,108"
05-09-2022,W,"4,56,324","2,96,458","7,52,782"
05-10-2022,W,"4,87,603","3,34,899","8,22,502"
05-11-2022,W,"4,81,802","3,32,548","8,14,350"
05-12-2022,W,"4,75,308","3,45,676","8,20,984"
05/13/2022,W,"4,70,223","3,32,657","8,02,880"
05/14/2022,A,"3,03,044","2,49,361","5,52,405"
05/15/2022,U,"2,10,931","1,71,982","3,82,913"
05/16/2022,W,"4,60,986","3,04,494","7,65,480"
05/17/2022,W,"4,79,630","3,37,079","8,16,709"
05/18/2022,W,"4,52,731","3,22,841","7,75,572"
05/19/2022,W,"4,86,489","3,51,429","8,37,918"
05/20/2022,W,"4,58,078","3,21,127","7,79,205"
05/21/2022,A,"2,58,763","2,18,972","4,77,735"
05/22/2022,U,"2,21,756","1,93,002","4,14,758"
05/23/2022,W,"4,56,515","2,97,901","7,54,416"
05/24/2022,W,"4,84,351","3,36,010","8,20,361"
05/25/2022,W,"4,61,780","3,19,883","7,81,663"
05/26/2022,W,"4,67,853","3,32,069","7,99,922"
05/27/2022,W,"4,35,553","2,99,737","7,35,290"
05/28/2022,A,"2,99,533","2,80,228","5,79,761"
05/29/2022,U,"2,39,199","2,46,793","4,85,992"
05/30/2022,U,"2,35,865","2,10,421","4,46,286"
05/31/2022,W,"4,68,550","3,26,376","7,94,926"
06-01-2022,W,"4,96,766","3,46,924","8,43,690"
06-02-2022,W,"4,92,400","3,55,544","8,47,944"
06-03-2022,W,"4,94,862","3,53,934","8,48,796"
06-04-2022,A,"2,98,993","2,61,915","5,60,908"
06-05-2022,U,"2,30,730","2,16,530","4,47,260"
06-06-2022,W,"4,37,910","2,91,922","7,29,832"
06-07-2022,W,"4,92,774","3,48,945","8,41,719"
06-08-2022,W,"4,54,093","3,28,980","7,83,073"
06-09-2022,W,"4,88,146","3,59,630","8,47,776"
06-10-2022,W,"4,50,488","3,27,910","7,78,398"
06-11-2022,A,"3,11,911","2,64,509","5,76,420"
06-12-2022,U,"2,24,348","1,93,587","4,17,935"
06/13/2022,W,"4,33,682","3,06,621","7,40,303"
06/14/2022,W,"4,67,146","3,45,831","8,12,977"
06/15/2022,W,"4,35,538","3,38,852","7,74,390"
06/16/2022,W,"4,41,821","3,51,622","7,93,443"
06/17/2022,W,"4,38,575","3,56,445","7,95,020"
06/18/2022,A,"3,16,980","3,07,051","6,24,031"
06/19/2022,U,"2,27,181","2,26,033","4,53,214"
06/20/2022,W,"3,65,955","2,57,700","6,23,655"
06/21/2022,W,"4,27,588","3,21,100","7,48,688"
06/22/2022,W,"4,44,712","3,35,641","7,80,353"
06/23/2022,W,"4,42,860","3,45,391","7,88,251"
06/24/2022,W,"4,29,666","3,53,308","7,82,974"
06/25/2022,A,"2,76,951","2,59,318","5,36,269"
06/26/2022,U,"2,28,786","3,01,320","5,30,106"
06/27/2022,W,"4,16,606","2,98,347","7,14,953"
06/28/2022,W,"4,45,097","3,48,827","7,93,924"
06/29/2022,W,"4,48,310","3,50,300","7,98,610"
06/30/2022,W,"4,34,307","3,54,302","7,88,609"
07-01-2022,W,"4,27,111","3,19,073","7,46,184"
07-02-2022,A,"3,14,971","2,71,980","5,86,951"
07-03-2022,U,"2,34,889","2,21,003","4,55,892"
07-04-2022,U,"2,01,272","1,58,486","3,59,758"
07-05-2022,W,"4,00,714","2,83,797","6,84,511"
07-06-2022,W,"4,38,241","3,15,347","7,53,588"
07-07-2022,W,"4,44,168","3,31,132","7,75,300"
07-08-2022,W,"4,14,527","3,23,371","7,37,898"
07-09-2022,A,"3,14,661","2,88,100","6,02,761"
07-10-2022,U,"2,28,764","2,08,566","4,37,330"
07-11-2022,W,"4,11,177","2,89,480","7,00,657"
07-12-2022,W,"4,60,573","3,51,612","8,12,185"
07/13/2022,W,"4,62,243","3,57,923","8,20,166"
07/14/2022,W,"4,59,272","3,64,927","8,24,199"
07/15/2022,W,"3,85,035","3,07,877","6,92,912"
07/16/2022,A,"3,06,271","2,95,499","6,01,770"
07/17/2022,U,"2,12,995","2,08,264","4,21,259"
07/18/2022,W,"4,32,780","2,99,248","7,32,028"
07/19/2022,W,"4,53,338","3,35,621","7,88,959"
07/20/2022,W,"4,55,439","3,38,205","7,93,644"
07/21/2022,W,"4,45,763","3,42,598","7,88,361"
07/22/2022,W,"4,26,586","3,23,821","7,50,407"
07/23/2022,A,"2,75,396","2,65,291","5,40,687"
07/24/2022,U,"2,09,703","2,02,481","4,12,184"
07/25/2022,W,"4,23,680","3,14,719","7,38,399"
07/26/2022,W,"4,60,649","3,52,662","8,13,311"
07/27/2022,W,"4,46,320","3,40,006","7,86,326"
07/28/2022,W,"4,48,728","3,80,517","8,29,245"
07/29/2022,W,"4,30,804","3,78,849","8,09,653"
07/30/2022,A,"3,04,052","3,27,388","6,31,440"
07/31/2022,U,"2,24,307","2,52,781","4,77,088"
08-01-2022,W,"4,33,904","3,04,820","7,38,724"
08-02-2022,W,"4,51,890","3,35,737","7,87,627"
08-03-2022,W,"4,30,236","3,21,771","7,52,007"
08-04-2022,W,"4,49,161","3,41,966","7,91,127"
08-05-2022,W,"4,45,484","3,57,462","8,02,946"
08-06-2022,A,"3,02,707","2,80,369","5,83,076"
08-07-2022,U,"2,02,042","1,93,344","3,95,386"
08-08-2022,W,"3,81,427","2,86,194","6,67,621"
08-09-2022,W,"4,54,272","3,52,582","8,06,854"
08-10-2022,W,"4,55,381","3,46,182","8,01,563"
08-11-2022,W,"4,44,736","3,37,937","7,82,673"
08-12-2022,W,"4,30,652","3,20,260","7,50,912"
08/13/2022,A,"2,95,364","2,53,835","5,49,199"
08/14/2022,U,"2,14,683","1,89,154","4,03,837"
08/15/2022,W,"4,22,612","3,12,773","7,35,385"
08/16/2022,W,"4,45,900","3,35,456","7,81,356"
08/17/2022,W,"4,51,427","3,35,610","7,87,037"
08/18/2022,W,"4,47,149","3,43,155","7,90,304"
08/19/2022,W,"4,46,821","3,59,501","8,06,322"
08/20/2022,A,"2,76,088","2,63,681","5,39,769"
08/21/2022,U,"2,35,253","2,21,628","4,56,881"
08/22/2022,W,"4,84,550","3,22,408","8,06,958"
08/23/2022,W,"5,10,024","3,70,191","8,80,215"
08/24/2022,W,"5,09,522","3,69,646","8,79,168"
08/25/2022,W,"4,91,181","3,67,289","8,58,470"
08/26/2022,W,"4,95,636","3,47,989","8,43,625"
08/27/2022,A,"3,13,588","2,49,105","5,62,693"
08/28/2022,U,"2,19,848","1,88,705","4,08,553"
08/29/2022,W,"4,53,804","3,07,410","7,61,214"
08/30/2022,W,"5,24,895","3,66,870","8,91,765"
08/31/2022,W,"5,21,586","3,66,459","8,88,045"
09-01-2022,W,"5,26,641","3,71,181","8,97,822"
09-02-2022,W,"5,07,102","3,61,289","8,68,391"
09-03-2022,A,"3,29,125","2,91,196","6,20,321"
09-04-2022,U,"2,29,381","2,27,410","4,56,791"
09-05-2022,U,"2,36,613","1,80,944","4,17,557"
09-06-2022,W,"5,23,472","3,65,689","8,89,161"
09-07-2022,W,"5,34,473","3,88,259","9,22,732"
09-08-2022,W,"5,29,691","3,91,210","9,20,901"
09-09-2022,W,"5,06,174","3,73,012","8,79,186"
09-10-2022,A,"3,28,476","2,93,144","6,21,620"
09-11-2022,U,"1,80,862","1,75,036","3,55,898"
09-12-2022,W,"4,80,954","3,42,767","8,23,721"
09/13/2022,W,"5,27,850","3,90,462","9,18,312"
09/14/2022,W,"5,31,662","3,95,177","9,26,839"
09/15/2022,W,"5,26,216","4,09,158","9,35,374"
09/16/2022,W,"5,08,567","4,31,965","9,40,532"
09/17/2022,A,"3,33,893","3,24,035","6,57,928"
09/18/2022,U,"2,37,991","2,41,024","4,79,015"
09/19/2022,W,"4,95,344","3,50,160","8,45,504"
09/20/2022,W,"5,22,109","3,87,279","9,09,388"
09/21/2022,W,"5,37,697","3,92,818","9,30,515"
09/22/2022,W,"5,30,009","3,98,846","9,28,855"
09/23/2022,W,"4,58,882","3,54,789","8,13,671"
09/24/2022,A,"3,20,145","2,65,000","5,85,145"
09/25/2022,U,"2,29,013","1,96,621","4,25,634"
09/26/2022,W,"4,97,354","3,38,256","8,35,610"
09/27/2022,W,"5,27,776","3,92,549","9,20,325"
09/28/2022,W,"5,30,749","3,99,004","9,29,753"
09/29/2022,W,"5,21,049","3,99,396","9,20,445"
09/30/2022,W,"5,17,079","3,72,584","8,89,663"
10-01-2022,A,"3,31,991","2,78,557","6,10,548"
10-02-2022,U,"2,30,938","1,98,343","4,29,281"
10-03-2022,W,"5,22,157","3,47,552","8,69,709"
10-04-2022,W,"5,39,617","3,87,120","9,26,737"
10-05-2022,W,"5,35,091","3,86,695","9,21,786"
10-06-2022,W,"5,28,937","4,07,379","9,36,316"
10-07-2022,W,"4,97,726","3,85,824","8,83,550"
10-08-2022,A,"3,27,134","3,00,298","6,27,432"
10-09-2022,U,"2,07,502","3,51,798","5,59,300"
10-10-2022,W,"4,13,126","3,32,397","7,45,523"
10-11-2022,W,"5,16,976","3,97,158","9,14,134"
10-12-2022,W,"4,97,854","3,84,939","8,82,793"
10/13/2022,W,"5,33,103","4,20,167","9,53,270"
10/14/2022,W,"5,01,494","3,72,144","8,73,638"
10/15/2022,A,"3,25,294","2,72,080","5,97,374"
10/16/2022,U,"2,27,365","1,91,906","4,19,271"
10/17/2022,W,"4,70,688","3,32,889","8,03,577"
10/18/2022,W,"4,99,407","3,72,296","8,71,703"
10/19/2022,W,"5,25,153","3,78,834","9,03,987"
10/20/2022,W,"5,07,374","3,83,470","8,90,844"
10/21/2022,W,"4,62,718","3,43,986","8,06,704"
10/22/2022,A,"3,28,599","2,54,638","5,83,237"
10/23/2022,U,"2,39,284","1,89,552","4,28,836"
10/24/2022,W,"4,99,098","3,42,781","8,41,879"
10/25/2022,W,"4,78,171","3,70,030","8,48,201"
10/26/2022,W,"5,39,425","3,93,904","9,33,329"
10/27/2022,W,"5,28,826","3,95,129","9,23,955"
10/28/2022,W,"5,01,985","3,52,842","8,54,827"
10/29/2022,A,"3,11,437","2,54,149","5,65,586"
10/30/2022,U,"2,17,204","1,77,961","3,95,165"
10/31/2022,W,"4,54,862","3,18,942","7,73,804"
11-01-2022,W,"5,35,639","3,78,179","9,13,818"
11-02-2022,W,"5,32,834","3,79,413","9,12,247"
11-03-2022,W,"5,40,308","3,89,939","9,30,247"
11-04-2022,W,"4,89,779","3,45,651","8,35,430"
11-05-2022,A,"2,71,210","2,39,302","5,10,512"
11-06-2022,U,"2,37,292","1,95,418","4,32,710"
11-07-2022,W,"5,02,205","3,45,095","8,47,300"
11-08-2022,W,"4,45,547","3,43,165","7,88,712"
11-09-2022,W,"5,24,300","3,82,075","9,06,375"
11-10-2022,W,"5,34,931","3,96,488","9,31,419"
11-11-2022,W,"4,58,476","3,29,637","7,88,113"
11-12-2022,A,"2,83,958","2,33,513","5,17,471"
11/13/2022,U,"2,16,386","1,84,686","4,01,072"
11/14/2022,W,"4,79,311","3,30,831","8,10,142"
11/15/2022,W,"4,82,772","3,63,154","8,45,926"
11/16/2022,W,"5,01,388","3,67,015","8,68,403"
11/17/2022,W,"4,89,196","3,68,122","8,57,318"
11/18/2022,W,"4,37,859","3,48,326","7,86,185"
11/19/2022,A,"2,53,918","2,31,052","4,84,970"
11/20/2022,U,"2,04,456","1,63,384","3,67,840"
11/21/2022,W,"4,23,423","2,99,744","7,23,167"
11/22/2022,W,"4,35,161","3,14,006","7,49,167"
11/23/2022,W,"3,98,091","2,75,787","6,73,878"
11/24/2022,U,"1,60,200","1,11,986","2,72,186"
11/25/2022,W,"3,05,747","2,16,040","5,21,787"
11/26/2022,A,"2,83,619","2,06,385","4,90,004"
11/27/2022,U,"1,90,990","1,45,822","3,36,812"
11/28/2022,W,"4,72,849","3,06,743","7,79,592"
11/29/2022,W,"4,92,390","3,46,172","8,38,562"
11/30/2022,W,"4,71,180","3,42,095","8,13,275"
12-01-2022,W,"4,94,028","3,51,763","8,45,791"
12-02-2022,W,"4,90,109","3,27,826","8,17,935"
12-03-2022,A,"3,02,524","2,35,937","5,38,461"
12-04-2022,U,"2,19,158","1,75,364","3,94,522"
12-05-2022,W,"4,73,036","3,01,290","7,74,326"
12-06-2022,W,"4,91,402","3,43,974","8,35,376"
12-07-2022,W,"5,01,570","3,48,450","8,50,020"
12-08-2022,W,"4,91,122","3,54,293","8,45,415"
12-09-2022,W,"4,34,379","3,10,116","7,44,495"
12-10-2022,A,"3,01,199","2,50,406","5,51,605"
12-11-2022,U,"2,17,920","1,81,270","3,99,190"
12-12-2022,W,"4,61,205","3,09,804","7,71,009"
12/13/2022,W,"4,88,778","3,50,345","8,39,123"
12/14/2022,W,"4,60,656","3,34,180","7,94,836"
12/15/2022,W,"4,79,951","3,57,938","8,37,889"
12/16/2022,W,"4,38,828","3,17,559","7,56,387"
12/17/2022,A,"2,73,704","2,21,530","4,95,234"
12/18/2022,U,"2,05,652","1,68,395","3,74,047"
12/19/2022,W,"4,22,466","2,71,588","6,94,054"
12/20/2022,W,"4,58,350","3,01,658","7,60,008"
12/21/2022,W,"4,49,539","2,93,415","7,42,954"
12/22/2022,W,"3,34,740","2,11,520","5,46,260"
12/23/2022,W,"1,54,576","1,07,314","2,61,890"
12/24/2022,A,"1,50,459","94,387","2,44,846"
12/25/2022,U,"85,188","55,366","1,40,554"
12/26/2022,U,"2,05,368","1,23,005","3,28,373"
12/27/2022,W,"3,15,154","2,02,638","5,17,792"
12/28/2022,W,"3,21,472","2,12,073","5,33,545"
12/29/2022,W,"3,47,158","2,31,287","5,78,445"
12/30/2022,W,"3,64,899","2,43,067","6,07,966"
12/31/2022,A,"2,57,498","1,81,031","4,38,529"
01-01-2023,U,"1,64,489","1,40,776","3,05,265"
01-02-2023,U,"2,54,124","1,65,797","4,19,921"
01-03-2023,W,"3,83,247","2,75,846","6,59,093"
01-04-2023,W,"3,98,456","2,92,474","6,90,930"
01-05-2023,W,"3,84,238","2,92,708","6,76,946"
01-06-2023,W,"3,71,923","2,58,636","6,30,559"
01-07-2023,A,"2,72,633","1,83,930","4,56,563"
01-08-2023,U,"2,09,397","1,45,377","3,54,774"
01-09-2023,W,"4,49,465","2,96,803","7,46,268"
01-10-2023,W,"4,99,769","3,45,615","8,45,384"
01-11-2023,W,"4,99,126","3,43,468","8,42,594"
01-12-2023,W,"4,74,679","3,40,171","8,14,850"
01/13/2023,W,"4,43,233","2,92,169","7,35,402"
01/14/2023,A,"2,88,502","2,01,672","4,90,174"
01/15/2023,U,"2,20,389","1,54,138","3,74,527"
01/16/2023,W,"2,95,880","1,96,321","4,92,201"
01/17/2023,W,"4,96,926","3,44,762","8,41,688"
01/18/2023,W,"4,95,410","3,46,875","8,42,285"
01/19/2023,W,"4,79,283","3,47,238","8,26,521"
01/20/2023,W,"4,57,848","2,96,350","7,54,198"
01/21/2023,A,"2,85,487","1,96,802","4,82,289"
01/22/2023,U,"2,01,809","1,40,538","3,42,347"
01/23/2023,W,"4,68,304","3,07,836","7,76,140"
01/24/2023,W,"5,05,791","3,55,136","8,60,927"
01/25/2023,W,"4,62,648","3,37,076","7,99,724"
01/26/2023,W,"4,84,428","3,50,067","8,34,495"
01/27/2023,W,"4,35,531","2,90,048","7,25,579"
01/28/2023,A,"2,70,454","1,90,883","4,61,337"
01/29/2023,U,"1,99,420","1,44,673","3,44,093"
01/30/2023,W,"4,20,711","2,84,230","7,04,941"
01/31/2023,W,"4,28,116","3,11,121","7,39,237"
02-01-2023,W,"4,88,390","3,32,706","8,21,096"
02-02-2023,W,"4,88,230","3,39,244","8,27,474"
02-03-2023,W,"3,67,206","2,47,871","6,15,077"
02-04-2023,A,"2,95,858","1,88,543","4,84,401"
02-05-2023,U,"2,28,506","1,47,681","3,76,187"
02-06-2023,W,"4,89,061","3,04,675","7,93,736"
02-07-2023,W,"5,12,128","3,48,998","8,61,126"
02-08-2023,W,"5,17,223","3,48,441","8,65,664"
02-09-2023,W,"4,56,891","3,26,676","7,83,567"
02-10-2023,W,"4,80,757","2,89,003","7,69,760"
02-11-2023,A,"3,05,427","1,82,401","4,87,828"
02-12-2023,U,"2,28,971","1,39,964","3,68,935"
02/13/2023,W,"4,77,325","2,98,814","7,76,139"
02/14/2023,W,"5,10,605","3,55,572","8,66,177"
02/15/2023,W,"4,98,251","3,46,762","8,45,013"
02/16/2023,W,"4,50,939","3,24,574","7,75,513"
02/17/2023,W,"4,47,365","2,97,527","7,44,892"
02/18/2023,A,"3,07,618","2,13,471","5,21,089"
02/19/2023,U,"2,41,433","1,67,599","4,09,032"
02/20/2023,W,"3,71,110","2,51,523","6,22,633"
02/21/2023,W,"5,12,268","3,49,053","8,61,321"
02/22/2023,W,"4,45,175","3,20,183","7,65,358"
02/23/2023,W,"5,00,377","3,49,987","8,50,364"
02/24/2023,W,"4,68,093","3,03,528","7,71,621"
02/25/2023,A,"3,13,877","1,99,947","5,13,824"
02/26/2023,U,"2,46,373","1,52,718","3,99,091"
02/27/2023,W,"4,38,886","2,84,156","7,23,042"
02/28/2023,W,"5,16,342","3,50,093","8,66,435"
03-01-2023,W,"5,38,035","3,57,399","8,95,434"
03-02-2023,W,"5,05,862","3,52,552","8,58,414"
03-03-2023,W,"4,41,984","2,85,055","7,27,039"
03-04-2023,A,"3,32,481","2,09,545","5,42,026"
03-05-2023,U,"2,46,208","1,56,086","4,02,294"
03-06-2023,W,"4,70,524","3,03,195","7,73,719"
03-07-2023,W,"5,28,413","3,62,941","8,91,354"
03-08-2023,W,"5,21,850","3,59,517","8,81,367"
03-09-2023,W,"4,98,577","3,52,220","8,50,797"
03-10-2023,W,"4,66,305","3,12,533","7,78,838"
03-11-2023,A,"3,26,961","3,40,919","6,67,880"
03-12-2023,U,"2,15,765","1,59,274","3,75,039"
03/13/2023,W,"4,59,265","3,07,389","7,66,654"
03/14/2023,W,"5,24,325","3,66,497","8,90,822"
03/15/2023,W,"5,35,449","3,67,880","9,03,329"
03/16/2023,W,"4,99,382","3,60,728","8,60,110"
03/17/2023,W,"4,35,055","3,19,561","7,54,616"
03/18/2023,A,"2,84,653","1,99,267","4,83,920"
03/19/2023,U,"2,38,907","1,57,695","3,96,602"
03/20/2023,W,"4,78,059","3,00,593","7,78,652"
03/21/2023,W,"5,10,959","3,47,098","8,58,057"
03/22/2023,W,"4,99,380","3,40,260","8,39,640"
03/23/2023,W,"4,89,519","3,42,562","8,32,081"
03/24/2023,W,"4,75,520","3,06,297","7,81,817"
03/25/2023,A,"2,87,548","2,02,198","4,89,746"
03/26/2023,U,"2,22,855","1,79,536","4,02,391"
03/27/2023,W,"4,93,436","3,20,115","8,13,551"
03/28/2023,W,"5,21,594","3,65,749","8,87,343"
03/29/2023,W,"4,70,430","3,53,192","8,23,622"
03/30/2023,W,"5,17,477","3,88,264","9,05,741"
03/31/2023,W,"4,67,904","3,09,609","7,77,513"
04-01-2023,A,"3,15,267","2,35,235","5,50,502"
04-02-2023,U,"2,61,251","1,91,192","4,52,443"
04-03-2023,W,"4,39,537","3,04,009","7,43,546"
04-04-2023,W,"4,28,000","3,25,448","7,53,448"
04-05-2023,W,"4,38,936","3,35,701","7,74,637"
04-06-2023,W,"4,59,977","3,53,018","8,12,995"
04-07-2023,W,"4,19,926","3,12,653","7,32,579"
04-08-2023,A,"3,33,736","2,44,038","5,77,774"
04-09-2023,U,"2,37,320","1,68,475","4,05,795"
04-10-2023,W,"4,92,576","3,24,608","8,17,184"
04-11-2023,W,"5,39,533","3,88,288","9,27,821"
04-12-2023,W,"5,16,841","3,88,965","9,05,806"
04/13/2023,W,"5,41,076","3,86,440","9,27,516"
04/14/2023,W,"5,18,497","3,53,807","8,72,304"
04/15/2023,A,"3,60,082","2,54,964","6,15,046"
04/16/2023,U,"2,29,968","1,57,603","3,87,571"
04/17/2023,W,"4,58,530","3,10,077","7,68,607"
04/18/2023,W,"5,23,866","3,78,471","9,02,337"
04/19/2023,W,"5,27,267","3,80,103","9,07,370"
04/20/2023,W,"5,16,298","3,93,967","9,10,265"
04/21/2023,W,"5,05,681","3,60,742","8,66,423"
04/22/2023,A,"3,29,493","2,40,134","5,69,627"
04/23/2023,U,"2,45,927","1,74,185","4,20,112"
04/24/2023,W,"5,02,642","3,28,298","8,30,940"
04/25/2023,W,"5,16,696","3,78,228","8,94,924"
04/26/2023,W,"5,39,161","3,88,688","9,27,849"
04/27/2023,W,"5,32,971","3,95,661","9,28,632"
04/28/2023,W,"5,03,332","3,40,242","8,43,574"
04/29/2023,A,"3,31,120","2,24,434","5,55,554"
04/30/2023,U,"2,38,929","1,65,311","4,04,240"
05-01-2023,W,"4,82,348","3,15,630","7,97,978"
05-02-2023,W,"5,30,573","3,72,211","9,02,784"
05-03-2023,W,"5,55,155","3,81,538","9,36,693"
05-04-2023,W,"5,42,958","3,91,265","9,34,223"
05-05-2023,W,"5,18,792","3,67,635","8,86,427"
05-06-2023,A,"3,54,490","2,59,476","6,13,966"
05-07-2023,U,"2,81,403","1,98,280","4,79,683"
05-08-2023,W,"4,69,174","3,25,860","7,95,034"
05-09-2023,W,"5,48,033","3,96,388","9,44,421"
05-10-2023,W,"5,44,618","3,97,870","9,42,488"
05-11-2023,W,"5,33,940","3,84,804","9,18,744"
05-12-2023,W,"4,81,927","3,28,362","8,10,289"
05/13/2023,A,"3,44,247","2,21,075","5,65,322"
05/14/2023,U,"2,33,363","1,56,364","3,89,727"
05/15/2023,W,"4,86,638","3,20,403","8,07,041"
05/16/2023,W,"5,33,948","3,84,145","9,18,093"
05/17/2023,W,"5,27,429","3,82,604","9,10,033"
05/18/2023,W,"5,25,435","3,90,005","9,15,440"
05/19/2023,W,"4,86,435","3,37,006","8,23,441"
05/20/2023,A,"3,54,750","2,41,214","5,95,964"
05/21/2023,U,"2,73,007","1,93,053","4,66,060"
05/22/2023,W,"4,99,608","3,33,292","8,32,900"
05/23/2023,W,"5,37,810","4,06,630","9,44,440"
05/24/2023,W,"5,35,858","4,01,039","9,36,897"
05/25/2023,W,"5,28,009","3,95,099","9,23,108"
05/26/2023,W,"4,97,832","3,56,184","8,54,016"
05/27/2023,A,"3,40,968","2,90,957","6,31,925"
05/28/2023,U,"2,73,385","2,47,157","5,20,542"
05/29/2023,U,"2,69,683","2,09,702","4,79,385"
05/30/2023,W,"5,17,974","3,82,375","9,00,349"
05/31/2023,W,"5,17,111","3,89,469","9,06,580"
06-01-2023,W,"5,44,178","3,93,187","9,37,365"
06-02-2023,W,"5,14,354","3,86,122","9,00,476"
06-03-2023,A,"3,71,914","3,00,646","6,72,560"
06-04-2023,U,"2,78,304","2,38,509","5,16,813"
06-05-2023,W,"5,11,045","3,50,028","8,61,073"
06-06-2023,W,"5,22,067","3,89,250","9,11,317"
06-07-2023,W,"5,35,180","3,90,851","9,26,031"
06-08-2023,W,"4,93,065","3,87,473","8,80,538"
06-09-2023,W,"4,76,837","3,81,247","8,58,084"
06-10-2023,A,"3,79,556","3,20,326","6,99,882"
06-11-2023,U,"2,39,715","1,93,563","4,33,278"
06-12-2023,W,"4,57,944","3,27,050","7,84,994"
06/13/2023,W,"4,50,859","3,75,000","8,25,859"
06/14/2023,W,"4,93,401","3,92,696","8,86,097"
06/15/2023,W,"4,82,965","3,98,441","8,81,406"
06/16/2023,W,"4,53,530","3,61,553","8,15,083"
06/17/2023,A,"3,72,865","2,95,909","6,68,774"
06/18/2023,U,"2,72,736","2,21,073","4,93,809"
06/19/2023,W,"3,84,578","2,61,569","6,46,147"
06/20/2023,W,"4,88,457","3,75,171","8,63,628"
06/21/2023,W,"4,95,689","4,01,487","8,97,176"
06/22/2023,W,"4,86,237","4,02,155","8,88,392"
06/23/2023,W,"4,69,905","3,83,443","8,53,348"
06/24/2023,A,"3,69,643","2,98,557","6,68,200"
06/25/2023,U,"2,58,229","2,95,714","5,53,943"
06/26/2023,W,"4,45,453","3,23,554","7,69,007"
06/27/2023,W,"4,96,729","3,95,754","8,92,483"
06/28/2023,W,"4,96,731","3,92,034","8,88,765"
06/29/2023,W,"4,70,303","3,93,963","8,64,266"
06/30/2023,W,"4,73,836","3,78,120","8,51,956"
07-01-2023,A,"3,35,143","3,11,337","6,46,480"
07-02-2023,U,"1,70,177","1,92,380","3,62,557"
07-03-2023,W,"4,44,738","2,93,378","7,38,116"
07-04-2023,U,"2,81,675","1,95,858","4,77,533"
07-05-2023,W,"4,48,241","3,24,432","7,72,673"
07-06-2023,W,"4,95,284","3,75,201","8,70,485"
07-07-2023,W,"4,79,367","3,47,499","8,26,866"
07-08-2023,A,"3,52,631","2,59,570","6,12,201"
07-09-2023,U,"2,81,445","2,05,204","4,86,649"
07-10-2023,W,"4,85,647","3,30,776","8,16,423"
07-11-2023,W,"4,83,040","3,72,976","8,56,016"
07-12-2023,W,"4,43,121","3,54,104","7,97,225"
07/13/2023,W,"5,05,564","3,94,862","9,00,426"
07/14/2023,W,"4,76,443","3,73,807","8,50,250"
07/15/2023,A,"3,59,874","2,87,408","6,47,282"
07/16/2023,U,"2,81,420","2,34,238","5,15,658"
07/17/2023,W,"4,80,822","3,49,113","8,29,935"
07/18/2023,W,"5,12,122","3,98,713","9,10,835"
07/19/2023,W,"5,15,105","4,02,686","9,17,791"
07/20/2023,W,"5,02,681","4,14,002","9,16,683"
07/21/2023,W,"4,85,225","3,89,288","8,74,513"
07/22/2023,A,"3,60,932","3,12,905","6,73,837"
07/23/2023,U,"2,88,305","2,47,161","5,35,466"
07/24/2023,W,"4,74,506","3,38,496","8,13,002"
07/25/2023,W,"5,08,517","3,83,391","8,91,908"
07/26/2023,W,"4,78,350","3,71,278","8,49,628"
07/27/2023,W,"5,02,581","3,85,163","8,87,744"
07/28/2023,W,"4,46,842","3,34,517","7,81,359"
07/29/2023,A,"3,64,824","2,86,441","6,51,265"
07/30/2023,U,"2,85,496","2,19,936","5,05,432"
07/31/2023,W,"4,69,024","3,34,195","8,03,219"
08-01-2023,W,"5,28,437","3,89,535","9,17,972"
08-02-2023,W,"5,19,583","4,23,358","9,42,941"
08-03-2023,W,"5,21,191","4,80,968","10,02,159"
08-04-2023,W,"4,93,321","4,56,039","9,49,360"
08-05-2023,A,"3,38,701","3,46,075","6,84,776"
08-06-2023,U,"2,64,872","2,98,188","5,63,060"
08-07-2023,W,"4,67,465","3,46,627","8,14,092"
08-08-2023,W,"5,08,824","3,88,916","8,97,740"
08-09-2023,W,"5,01,770","3,94,563","8,96,333"
08-10-2023,W,"5,06,343","3,83,545","8,89,888"
08-11-2023,W,"4,72,150","3,70,307","8,42,457"
08-12-2023,A,"3,70,464","3,15,090","6,85,554"
08/13/2023,U,"2,79,218","2,25,085","5,04,303"
08/14/2023,W,"4,08,865","2,90,559","6,99,424"
08/15/2023,W,"5,00,013","3,82,517","8,82,530"
08/16/2023,W,"5,18,485","3,90,193","9,08,678"
08/17/2023,W,"4,84,256","3,66,327","8,50,583"
08/18/2023,W,"4,90,626","3,66,654","8,57,280"
08/19/2023,A,"3,81,458","3,03,336","6,84,794"
08/20/2023,U,"2,96,344","2,39,159","5,35,503"
08/21/2023,W,"5,51,302","3,43,866","8,95,168"
08/22/2023,W,"5,64,653","3,90,141","9,54,794"
08/23/2023,W,"5,31,763","3,65,111","8,96,874"
08/24/2023,W,"5,01,750","3,65,055","8,66,805"
08/25/2023,W,"5,53,276","3,75,055","9,28,331"
08/26/2023,A,"3,61,538","2,73,589","6,35,127"
08/27/2023,U,"2,89,983","2,18,533","5,08,516"
08/28/2023,W,"5,67,171","3,71,199","9,38,370"
08/29/2023,W,"5,85,643","4,18,817","10,04,460"
08/30/2023,W,"5,89,901","4,20,080","10,09,981"
08/31/2023,W,"5,79,376","4,13,083","9,92,459"
09-01-2023,W,"5,85,674","3,86,812","9,72,486"
09-02-2023,A,"3,84,728","2,91,029","6,75,757"
09-03-2023,U,"3,09,758","2,48,524","5,58,282"
09-04-2023,U,"2,93,106","2,20,411","5,13,517"
09-05-2023,W,"5,86,167","4,09,043","9,95,210"
09-06-2023,W,"5,78,259","4,25,429","10,03,688"
09-07-2023,W,"5,97,711","4,42,432","10,40,143"
09-08-2023,W,"5,55,213","3,97,332","9,52,545"
09-09-2023,A,"3,85,592","3,23,033","7,08,625"
09-10-2023,U,"2,97,306","2,47,808","5,45,114"
09-11-2023,W,"5,04,742","3,56,445","8,61,187"
09-12-2023,W,"6,03,242","4,32,403","10,35,645"
09/13/2023,W,"5,93,103","4,31,950","10,25,053"
09/14/2023,W,"5,87,439","4,37,320","10,24,759"
09/15/2023,W,"5,66,708","4,32,176","9,98,884"
09/16/2023,A,"3,52,049","3,40,865","6,92,914"
09/17/2023,U,"2,52,015","2,19,746","4,71,761"
09/18/2023,W,"5,60,810","3,82,031","9,42,841"
09/19/2023,W,"5,55,949","4,32,367","9,88,316"
09/20/2023,W,"5,99,268","4,47,165","10,46,433"
09/21/2023,W,"5,81,536","4,49,600","10,31,136"
09/22/2023,W,"5,25,718","4,00,937","9,26,655"
09/23/2023,A,"3,81,816","3,12,772","6,94,588"
09/24/2023,U,"2,90,336","2,34,578","5,24,914"
09/25/2023,W,"5,52,311","3,70,891","9,23,202"
09/26/2023,W,"5,65,172","4,16,619","9,81,791"
09/27/2023,W,"5,83,749","4,27,267","10,11,016"
09/28/2023,W,"5,97,723","4,37,574","10,35,297"
09/29/2023,W,"5,78,054","4,01,168","9,79,222"
09/30/2023,A,"3,91,173","3,01,206","6,92,379"
10-01-2023,U,"3,03,953","2,29,368","5,33,321"
10-02-2023,W,"5,76,630","3,78,334","9,54,964"
10-03-2023,W,"6,19,488","4,34,467","10,53,955"
10-04-2023,W,"6,10,623","4,45,787","10,56,410"
10-05-2023,W,"5,84,937","4,47,707","10,32,644"
10-06-2023,W,"5,59,485","4,28,321","9,87,806"
10-07-2023,A,"3,86,990","3,34,134","7,21,124"
10-08-2023,U,"2,53,021","4,03,385","6,56,406"
10-09-2023,W,"4,52,540","3,66,694","8,19,234"
10-10-2023,W,"6,01,129","4,43,465","10,44,594"
10-11-2023,W,"5,98,019","4,42,594","10,40,613"
10-12-2023,W,"5,67,954","4,33,731","10,01,685"
10/13/2023,W,"5,19,462","3,73,986","8,93,448"
10/14/2023,A,"3,38,320","2,66,624","6,04,944"
10/15/2023,U,"2,93,753","2,22,768","5,16,521"
10/16/2023,W,"5,51,971","3,74,520","9,26,491"
10/17/2023,W,"5,87,256","4,40,241","10,27,497"
10/18/2023,W,"5,95,182","4,39,266","10,34,448"
10/19/2023,W,"5,79,587","4,33,975","10,13,562"
10/20/2023,W,"5,62,941","3,95,292","9,58,233"
10/21/2023,A,"3,64,186","3,09,900","6,74,086"
10/22/2023,U,"2,88,942","2,19,804","5,08,746"
10/23/2023,W,"5,55,068","3,79,650","9,34,718"
10/24/2023,W,"5,98,773","4,34,867","10,33,640"
10/25/2023,W,"5,70,560","4,26,962","9,97,522"
10/26/2023,W,"5,35,013","4,12,606","9,47,619"
10/27/2023,W,"5,03,840","3,73,004","8,76,844"
10/28/2023,A,"3,60,484","2,75,006","6,35,490"
10/29/2023,U,"2,50,473","1,85,823","4,36,296"
10/30/2023,W,"5,51,840","3,67,453","9,19,293"
10/31/2023,W,"5,20,069","3,90,110","9,10,179"
11-01-2023,W,"5,76,336","4,10,084","9,86,420"
11-02-2023,W,"5,79,094","4,19,780","9,98,874"
11-03-2023,W,"5,63,943","3,73,412","9,37,355"
11-04-2023,A,"4,01,704","2,80,222","6,81,926"
11-05-2023,U,"2,96,526","2,00,577","4,97,103"
11-06-2023,W,"5,68,672","3,75,471","9,44,143"
11-07-2023,W,"5,88,549","4,24,318","10,12,867"
11-08-2023,W,"5,78,329","4,22,082","10,00,411"
11-09-2023,W,"5,88,110","4,54,074","10,42,184"
11-10-2023,W,"4,61,731","3,51,382","8,13,113"
11-11-2023,A,"3,54,671","2,66,284","6,20,955"
11-12-2023,U,"2,94,251","1,95,035","4,89,286"
11/13/2023,W,"5,58,320","3,70,511","9,28,831"
11/14/2023,W,"5,81,009","4,24,128","10,05,137"
11/15/2023,W,"5,87,609","4,22,609","10,10,218"
11/16/2023,W,"5,80,758","4,15,406","9,96,164"
11/17/2023,W,"5,44,624","4,18,827","9,63,451"
11/18/2023,A,"3,48,044","3,15,864","6,63,908"
11/19/2023,U,"2,78,346","2,01,431","4,79,777"
11/20/2023,W,"4,72,022","3,34,103","8,06,125"
11/21/2023,W,"4,65,329","3,39,605","8,04,934"
11/22/2023,W,"4,43,954","2,98,121","7,42,075"
11/23/2023,U,"1,87,931","1,28,326","3,16,257"
11/24/2023,W,"3,23,157","2,27,199","5,50,356"
11/25/2023,A,"3,10,164","2,13,175","5,23,339"
11/26/2023,U,"2,19,912","1,60,320","3,80,232"
11/27/2023,W,"5,05,729","3,25,992","8,31,721"
11/28/2023,W,"5,22,935","3,68,618","8,91,553"
11/29/2023,W,"5,53,418","3,87,126","9,40,544"
11/30/2023,W,"5,59,855","3,96,342","9,56,197"
12-01-2023,W,"5,13,523","3,39,748","8,53,271"
12-02-2023,A,"3,58,919","2,60,456","6,19,375"
12-03-2023,U,"2,68,845","1,72,945","4,41,790"
12-04-2023,W,"5,37,917","3,37,666","8,75,583"
12-05-2023,W,"5,56,584","3,84,481","9,41,065"
12-06-2023,W,"5,72,732","3,89,802","9,62,534"
12-07-2023,W,"5,80,504","4,04,303","9,84,807"
12-08-2023,W,"5,61,665","3,72,605","9,34,270"
12-09-2023,A,"3,69,433","2,83,097","6,52,530"
12-10-2023,U,"2,64,202","1,96,318","4,60,520"
12-11-2023,W,"5,17,482","3,26,238","8,43,720"
12-12-2023,W,"5,56,451","3,78,617","9,35,068"
12/13/2023,W,"5,59,461","3,78,896","9,38,357"
12/14/2023,W,"5,58,905","3,84,778","9,43,683"
12/15/2023,W,"5,35,654","3,51,722","8,87,376"
12/16/2023,A,"3,21,951","2,30,799","5,52,750"
12/17/2023,U,"2,71,335","1,84,885","4,56,220"
12/18/2023,W,"4,98,940","3,06,545","8,05,485"
12/19/2023,W,"5,27,927","3,42,290","8,70,217"
12/20/2023,W,"5,40,890","3,43,581","8,84,471"
12/21/2023,W,"5,19,383","3,25,377","8,44,760"
12/22/2023,W,"4,18,720","2,67,301","6,86,021"
12/23/2023,A,"3,41,975","2,06,358","5,48,333"
12/24/2023,U,"2,47,277","1,41,693","3,88,970"
12/25/2023,U,"1,45,433","80,206","2,25,639"
12/26/2023,W,"3,60,458","2,08,665","5,69,123"
12/27/2023,W,"4,03,147","2,52,136","6,55,283"
12/28/2023,W,"3,92,855","2,53,397","6,46,252"
12/29/2023,W,"4,15,822","2,61,610","6,77,432"
12/30/2023,A,"3,40,207","2,12,901","5,53,108"
12/31/2023,U,"2,50,204","1,87,144","4,37,348"
01-01-2024,U,"2,05,964","1,52,767","3,58,731"
01-02-2024,W,"4,17,384","2,78,216","6,95,600"
01-03-2024,W,"4,51,613","3,07,037","7,58,650"
01-04-2024,W,"4,60,277","3,17,437","7,77,714"
01-05-2024,W,"4,45,488","2,80,897","7,26,385"
01-06-2024,A,"3,08,872","1,96,983","5,05,855"
01-07-2024,U,"2,49,187","1,52,158","4,01,345"
01-08-2024,W,"5,17,198","3,26,817","8,44,015"
01-09-2024,W,"4,78,685","3,30,005","8,08,690"
01-10-2024,W,"5,48,560","3,69,768","9,18,328"
01-11-2024,W,"5,52,911","3,77,922","9,30,833"
01-12-2024,W,"3,68,347","2,39,249","6,07,596"
01/13/2024,A,"2,86,037","1,83,824","4,69,861"
01/14/2024,U,"1,46,724","93,057","2,39,781"
01/15/2024,W,"2,06,791","1,27,069","3,33,860"
01/16/2024,W,"2,80,514","1,85,903","4,66,417"
01/17/2024,W,"4,66,850","3,22,741","7,89,591"
01/18/2024,W,"5,21,058","3,62,414","8,83,472"
01/19/2024,W,"4,62,986","2,93,650","7,56,636"
01/20/2024,A,"3,01,556","1,91,705","4,93,261"
01/21/2024,U,"2,27,288","1,47,028","3,74,316"
01/22/2024,W,"5,18,106","3,36,751","8,54,857"
01/23/2024,W,"5,21,585","3,69,664","8,91,249"
01/24/2024,W,"5,49,204","3,89,714","9,38,918"
01/25/2024,W,"5,54,313","3,90,971","9,45,284"
01/26/2024,W,"5,34,739","3,29,826","8,64,565"
01/27/2024,A,"3,49,068","2,22,033","5,71,101"
01/28/2024,U,"2,55,458","1,58,081","4,13,539"
01/29/2024,W,"5,45,769","3,40,556","8,86,325"
01/30/2024,W,"5,71,297","3,88,718","9,60,015"
01/31/2024,W,"5,79,236","3,89,322","9,68,558"
02-01-2024,W,"6,01,932","3,93,012","9,94,944"
02-02-2024,W,"5,58,905","3,29,307","8,88,212"
02-03-2024,A,"3,72,165","2,30,410","6,02,575"
02-04-2024,U,"2,74,654","1,68,339","4,42,993"
02-05-2024,W,"5,58,625","3,39,256","8,97,881"
02-06-2024,W,"5,95,983","3,90,513","9,86,496"
02-07-2024,W,"5,95,233","3,89,227","9,84,460"
02-08-2024,W,"5,84,729","3,91,355","9,76,084"
02-09-2024,W,"5,15,769","3,33,453","8,49,222"
02-10-2024,A,"3,73,420","2,31,891","6,05,311"
02-11-2024,U,"2,77,432","1,65,836","4,43,268"
02-12-2024,W,"5,34,181","3,25,070","8,59,251"
02/13/2024,W,"5,98,961","3,95,880","9,94,841"
02/14/2024,W,"5,95,347","3,97,294","9,92,641"
02/15/2024,W,"5,68,392","3,87,472","9,55,864"
02/16/2024,W,"5,33,701","3,25,332","8,59,033"
02/17/2024,A,"3,40,993","2,24,306","5,65,299"
02/18/2024,U,"2,80,002","1,89,881","4,69,883"
02/19/2024,W,"4,17,871","2,71,357","6,89,228"
02/20/2024,W,"5,91,252","3,89,327","9,80,579"
02/21/2024,W,"6,00,241","3,95,915","9,96,156"
02/22/2024,W,"5,87,867","3,96,466","9,84,333"
02/23/2024,W,"5,51,392","3,36,416","8,87,808"
02/24/2024,A,"3,45,189","2,25,233","5,70,422"
02/25/2024,U,"2,80,214","1,75,446","4,55,660"
02/26/2024,W,"5,60,355","3,47,691","9,08,046"
02/27/2024,W,"5,87,359","3,92,420","9,79,779"
02/28/2024,W,"5,49,028","3,75,242","9,24,270"
02/29/2024,W,"5,77,283","3,86,672","9,63,955"
03-01-2024,W,"5,69,569","3,35,736","9,05,305"
03-02-2024,A,"3,89,713","2,52,550","6,42,263"
03-03-2024,U,"2,98,601","1,84,885","4,83,486"
03-04-2024,W,"5,56,051","3,34,107","8,90,158"
03-05-2024,W,"5,70,139","3,83,689","9,53,828"
03-06-2024,W,"5,95,103","3,93,574","9,88,677"
03-07-2024,W,"5,80,398","3,90,865","9,71,263"
03-08-2024,W,"4,88,443","3,14,783","8,03,226"
03-09-2024,A,"3,79,680","2,45,369","6,25,049"
03-10-2024,U,"2,80,181","1,78,611","4,58,792"
03-11-2024,W,"5,67,851","3,51,801","9,19,652"
03-12-2024,W,"5,99,389","4,11,314","10,10,703"
03/13/2024,W,"5,97,287","4,16,180","10,13,467"
03/14/2024,W,"5,39,322","3,93,348","9,32,670"
03/15/2024,W,"5,66,639","3,86,514","9,53,153"
03/16/2024,A,"3,99,006","4,99,424","8,98,430"
03/17/2024,U,"2,81,004","2,06,731","4,87,735"
03/18/2024,W,"5,35,201","3,46,463","8,81,664"
03/19/2024,W,"5,83,292","3,96,834","9,80,126"
03/20/2024,W,"5,84,856","3,92,077","9,76,933"
03/21/2024,W,"5,64,484","3,83,735","9,48,219"
03/22/2024,W,"4,91,011","3,18,712","8,09,723"
03/23/2024,A,"3,73,194","2,49,326","6,22,520"
03/24/2024,U,"2,79,349","2,06,108","4,85,457"
03/25/2024,W,"4,74,355","3,19,635","7,93,990"
03/26/2024,W,"5,14,563","3,59,360","8,73,923"
03/27/2024,W,"5,15,194","3,64,672","8,79,866"
03/28/2024,W,"5,13,043","3,74,590","8,87,633"
03/29/2024,W,"4,80,044","3,13,507","7,93,551"
03/30/2024,A,"3,75,490","2,44,072","6,19,562"
03/31/2024,U,"2,51,600","1,58,867","4,10,467"
04-01-2024,W,"4,78,962","3,33,881","8,12,843"
04-02-2024,W,"5,70,490","3,93,519","9,64,009"
04-03-2024,W,"5,72,710","3,95,413","9,68,123"
04-04-2024,W,"5,75,373","4,01,414","9,76,787"
04-05-2024,W,"5,76,732","3,75,602","9,52,334"
04-06-2024,A,"3,97,658","2,86,304","6,83,962"
04-07-2024,U,"2,56,839","1,85,460","4,42,299"
04-08-2024,W,"5,60,623","3,52,426","9,13,049"
04-09-2024,W,"5,93,688","4,00,628","9,94,316"
04-10-2024,W,"6,04,655","4,05,524","10,10,179"
04-11-2024,W,"5,57,100","3,97,195","9,54,295"
04-12-2024,W,"5,82,983","3,65,492","9,48,475"
04/13/2024,A,"4,12,391","2,81,343","6,93,734"
04/14/2024,U,"3,27,938","2,10,780","5,38,718"
04/15/2024,W,"5,88,349","3,69,259","9,57,608"
04/16/2024,W,"5,99,597","4,05,400","10,04,997"
04/17/2024,W,"6,00,084","4,08,474","10,08,558"
04/18/2024,W,"6,06,325","4,17,750","10,24,075"
04/19/2024,W,"5,91,814","3,83,321","9,75,135"
04/20/2024,A,"4,06,861","2,79,746","6,86,607"
04/21/2024,U,"3,07,107","2,03,722","5,10,829"
04/22/2024,W,"5,76,206","3,53,190","9,29,396"
04/23/2024,W,"6,00,004","4,10,045","10,10,049"
04/24/2024,W,"5,99,179","4,16,815","10,15,994"
04/25/2024,W,"6,15,343","4,28,724","10,44,067"
04/26/2024,W,"5,54,146","3,55,278","9,09,424"
04/27/2024,A,"4,19,731","2,86,199","7,05,930"
04/28/2024,U,"2,93,589","1,96,481","4,90,070"
04/29/2024,W,"5,56,233","3,49,857","9,06,090"
04/30/2024,W,"6,32,501","4,09,097","10,41,598"
05-01-2024,W,"6,44,438","4,16,920","10,61,358"
05-02-2024,W,"6,00,203","4,09,105","10,09,308"
05-03-2024,W,"6,08,085","3,88,593","9,96,678"
05-04-2024,A,"4,18,067","2,99,808","7,17,875"
05-05-2024,U,"3,17,248","2,26,928","5,44,176"
05-06-2024,W,"5,97,540","3,79,559","9,77,099"
05-07-2024,W,"5,72,181","4,12,646","9,84,827"
05-08-2024,W,"6,24,927","4,43,868","10,68,795"
05-09-2024,W,"5,69,230","4,06,557","9,75,787"
05-10-2024,W,"5,91,810","3,78,284","9,70,094"
05-11-2024,A,"4,16,481","2,73,276","6,89,757"
05-12-2024,U,"3,18,883","2,03,067","5,21,950"
05/13/2024,W,"5,50,608","3,49,237","8,99,845"
05/14/2024,W,"5,98,482","4,10,254","10,08,736"
05/15/2024,W,"6,15,430","4,19,635","10,35,065"
05/16/2024,W,"6,01,542","4,34,466","10,36,008"
05/17/2024,W,"5,95,193","4,02,254","9,97,447"
05/18/2024,A,"4,30,341","3,15,833","7,46,174"
05/19/2024,U,"3,29,129","2,50,996","5,80,125"
05/20/2024,W,"5,61,715","3,66,053","9,27,768"
05/21/2024,W,"6,18,559","4,43,937","10,62,496"
05/22/2024,W,"6,21,123","4,50,124","10,71,247"
05/23/2024,W,"6,09,570","4,57,738","10,67,308"
05/24/2024,W,"5,57,209","3,68,883","9,26,092"
05/25/2024,A,"4,20,064","3,42,285","7,62,349"
05/26/2024,U,"2,79,820","2,20,267","5,00,087"
05/27/2024,U,"3,06,648","2,05,186","5,11,834"
05/28/2024,W,"5,85,174","3,96,139","9,81,313"
05/29/2024,W,"6,12,055","4,23,439","10,35,494"
05/30/2024,W,"6,04,848","4,24,200","10,29,048"
05/31/2024,W,"5,90,998","4,10,904","10,01,902"
06-01-2024,A,"3,59,226","2,57,545","6,16,771"
06-02-2024,U,"3,47,275","2,56,837","6,04,112"
06-03-2024,W,"5,94,326","3,77,947","9,72,273"
06-04-2024,W,"6,02,909","4,43,126","10,46,035"
06-05-2024,W,"6,02,717","4,50,039","10,52,756"
06-06-2024,W,"6,06,273","4,40,625","10,46,898"
06-07-2024,W,"5,38,174","3,84,835","9,23,009"
06-08-2024,A,"3,88,074","2,95,372","6,83,446"
06-09-2024,U,"3,38,317","2,65,680","6,03,997"
06-10-2024,W,"5,21,105","3,60,674","8,81,779"
06-11-2024,W,"5,56,731","4,15,884","9,72,615"
06-12-2024,W,"5,76,142","4,23,834","9,99,976"
06/13/2024,W,"5,41,343","4,14,773","9,56,116"
06/14/2024,W,"5,36,639","4,12,548","9,49,187"
06/15/2024,A,"4,21,892","3,29,557","7,51,449"
06/16/2024,U,"3,14,305","2,39,123","5,53,428"
06/17/2024,W,"5,00,089","3,63,300","8,63,389"
06/18/2024,W,"5,51,782","4,26,829","9,78,611"
06/19/2024,W,"4,82,860","3,49,203","8,32,063"
06/20/2024,W,"5,48,449","4,11,020","9,59,469"
06/21/2024,W,"5,39,303","4,06,032","9,45,335"
06/22/2024,A,"4,30,009","3,34,791","7,64,800"
06/23/2024,U,"3,33,514","2,59,057","5,92,571"
06/24/2024,W,"5,35,003","3,66,575","9,01,578"
06/25/2024,W,"5,37,591","3,90,929","9,28,520"
06/26/2024,W,"5,86,929","4,26,272","10,13,201"
06/27/2024,W,"5,73,982","4,34,454","10,08,436"
06/28/2024,W,"5,19,127","3,72,226","8,91,353"
06/29/2024,A,"4,26,204","2,96,659","7,22,863"
06/30/2024,U,"3,32,479","3,22,925","6,55,404"
07-01-2024,W,"5,56,122","3,62,056","9,18,178"
07-02-2024,W,"5,54,430","4,11,251","9,65,681"
07-03-2024,W,"5,75,361","4,04,738","9,80,099"
07-04-2024,U,"3,19,593","2,37,409","5,57,002"
07-05-2024,W,"4,72,097","3,46,546","8,18,643"
07-06-2024,A,"4,00,805","3,22,596","7,23,401"
07-07-2024,U,"3,04,485","2,41,639","5,46,124"
07-08-2024,W,"5,23,371","3,64,702","8,88,073"
07-09-2024,W,"5,43,503","4,00,891","9,44,394"
07-10-2024,W,"5,60,627","4,09,640","9,70,267"
07-11-2024,W,"5,69,850","4,18,692","9,88,542"
07-12-2024,W,"5,48,479","3,81,120","9,29,599"
07/13/2024,A,"4,24,138","3,00,881","7,25,019"
07/14/2024,U,"3,03,034","2,17,483","5,20,517"
07/15/2024,W,"5,14,909","3,60,359","8,75,268"
07/16/2024,W,"5,65,584","4,08,295","9,73,879"
07/17/2024,W,"5,79,034","4,17,491","9,96,525"
07/18/2024,W,"5,63,700","4,23,510","9,87,210"
07/19/2024,W,"5,36,479","4,07,254","9,43,733"
07/20/2024,A,"4,15,213","3,36,971","7,52,184"
07/21/2024,U,"3,36,062","2,62,703","5,98,765"
07/22/2024,W,"5,36,657","3,84,948","9,21,605"
07/23/2024,W,"5,63,934","4,31,681","9,95,615"
07/24/2024,W,"5,74,946","4,34,300","10,09,246"
07/25/2024,W,"5,71,492","4,27,841","9,99,333"
07/26/2024,W,"5,43,502","3,93,133","9,36,635"
07/27/2024,A,"4,26,551","3,28,573","7,55,124"
07/28/2024,U,"3,05,854","2,25,835","5,31,689"
07/29/2024,W,"4,99,487","3,47,579","8,47,066"
07/30/2024,W,"5,64,465","4,18,450","9,82,915"
07/31/2024,W,"5,53,120","4,51,191","10,04,311"
08-01-2024,W,"5,54,928","5,06,493","10,61,421"
08-02-2024,W,"5,40,073","4,74,521","10,14,594"
08-03-2024,A,"4,24,966","4,01,995","8,26,961"
08-04-2024,U,"3,30,850","3,04,125","6,34,975"
08-05-2024,W,"5,01,014","3,73,023","8,74,037"
08-06-2024,W,"5,36,195","4,18,245","9,54,440"
08-07-2024,W,"5,72,289","4,35,129","10,07,418"
08-08-2024,W,"5,55,177","4,15,675","9,70,852"
08-09-2024,W,"5,34,634","4,07,471","9,42,105"
08-10-2024,A,"4,29,880","3,55,517","7,85,397"
08-11-2024,U,"3,35,905","2,77,892","6,13,797"
08-12-2024,W,"5,11,004","3,67,635","8,78,639"
08/13/2024,W,"5,61,949","4,32,482","9,94,431"
08/14/2024,W,"5,66,338","4,14,324","9,80,662"
08/15/2024,W,"5,19,903","3,91,361","9,11,264"
08/16/2024,W,"5,26,888","3,92,699","9,19,587"
08/17/2024,A,"3,88,616","3,12,275","7,00,891"
08/18/2024,U,"3,19,383","2,53,295","5,72,678"
08/19/2024,W,"4,98,548","3,35,708","8,34,256"
08/20/2024,W,"5,21,241","3,61,335","8,82,576"
08/21/2024,W,"5,28,372","3,64,450","8,92,822"
08/22/2024,W,"5,29,364","3,77,301","9,06,665"
08/23/2024,W,"5,19,640","3,68,235","8,87,875"
08/24/2024,A,"4,04,561","2,96,195","7,00,756"
08/25/2024,U,"3,25,668","2,39,814","5,65,482"
08/26/2024,W,"5,96,306","3,76,308","9,72,614"
08/27/2024,W,"5,83,649","4,09,119","9,92,768"
08/28/2024,W,"6,37,588","4,42,189","10,79,777"
08/29/2024,W,"6,44,581","4,69,123","11,13,704"
08/30/2024,W,"6,06,824","4,17,283","10,24,107"
08/31/2024,A,"4,28,266","3,53,476","7,81,742"
09-01-2024,U,"3,44,967","2,90,763","6,35,730"
09-02-2024,U,"3,25,776","2,39,695","5,65,471"
09-03-2024,W,"6,54,167","4,37,190","10,91,357"
09-04-2024,W,"6,53,220","4,54,140","11,07,360"
09-05-2024,W,"6,44,748","4,47,217","10,91,965"
09-06-2024,W,"6,16,701","4,34,618","10,51,319"
09-07-2024,A,"4,09,867","3,35,343","7,45,210"
09-08-2024,U,"3,20,438","2,67,262","5,87,700"
09-09-2024,W,"6,18,371","4,05,350","10,23,721"
09-10-2024,W,"6,46,216","4,51,939","10,98,155"
09-11-2024,W,"6,55,564","4,52,664","11,08,228"
09-12-2024,W,"6,37,736","4,54,382","10,92,118"
09/13/2024,W,"6,10,703","4,07,861","10,18,564"
09/14/2024,A,"4,12,078","3,24,266","7,36,344"
09/15/2024,U,"3,08,413","2,57,266","5,65,679"
09/16/2024,W,"6,07,976","4,12,568","10,20,544"
09/17/2024,W,"6,51,158","4,66,890","11,18,048"
09/18/2024,W,"6,55,614","4,67,380","11,22,994"
09/19/2024,W,"6,52,616","4,78,448","11,31,064"
09/20/2024,W,"6,22,603","4,44,850","10,67,453"
09/21/2024,A,"4,33,756","3,43,362","7,77,118"
09/22/2024,U,"2,71,129","2,19,586","4,90,715"
09/23/2024,W,"6,13,582","4,07,176","10,20,758"
09/24/2024,W,"5,82,939","4,34,551","10,17,490"
09/25/2024,W,"6,69,879","4,72,330","11,42,209"
09/26/2024,W,"6,59,106","4,74,890","11,33,996"
09/27/2024,W,"5,64,419","4,18,093","9,82,512"
09/28/2024,A,"3,84,642","3,12,755","6,97,397"
09/29/2024,U,"3,12,714","2,46,922","5,59,636"
09/30/2024,W,"6,19,994","4,06,220","10,26,214"
10-01-2024,W,"6,75,858","4,57,355","11,33,213"
10-02-2024,W,"6,63,546","4,52,173","11,15,719"
10-03-2024,W,"6,70,461","4,54,449","11,24,910"
10-04-2024,W,"6,19,444","4,09,598","10,29,042"
10-05-2024,A,"4,31,370","3,18,359","7,49,729"
10-06-2024,U,"3,36,190","2,48,486","5,84,676"
10-07-2024,W,"6,23,133","4,06,230","10,29,363"
10-08-2024,W,"6,52,969","4,59,661","11,12,630"
10-09-2024,W,"6,61,361","4,67,517","11,28,878"
10-10-2024,W,"6,50,278","4,85,221","11,35,499"
10-11-2024,W,"6,24,145","4,56,909","10,81,054"
10-12-2024,A,"4,27,732","3,69,877","7,97,609"
10/13/2024,U,"2,80,965","4,66,771","7,47,736"
10/14/2024,W,"4,86,971","3,84,342","8,71,313"
10/15/2024,W,"5,82,685","4,44,249","10,26,934"
10/16/2024,W,"6,52,964","4,62,121","11,15,085"
10/17/2024,W,"6,50,082","4,66,090","11,16,172"
10/18/2024,W,"6,27,426","4,13,404","10,40,830"
10/19/2024,A,"4,25,987","3,54,109","7,80,096"
10/20/2024,U,"3,21,239","2,39,392","5,60,631"
10/21/2024,W,"6,19,582","4,03,752","10,23,334"
10/22/2024,W,"6,42,373","4,51,887","10,94,260"
10/23/2024,W,"6,53,689","4,61,471","11,15,160"
10/24/2024,W,"6,54,696","4,65,121","11,19,817"
10/25/2024,W,"6,11,655","4,08,835","10,20,490"
10/26/2024,A,"4,27,475","2,96,326","7,23,801"
10/27/2024,U,"3,12,965","2,15,594","5,28,559"
10/28/2024,W,"6,11,041","3,89,359","10,00,400"
10/29/2024,W,"6,52,674","4,44,706","10,97,380"
10/30/2024,W,"6,57,942","4,51,915","11,09,857"
10/31/2024,W,"6,05,292","4,25,596","10,30,888"
11-01-2024,W,"6,18,998","3,81,782","10,00,780"
11-02-2024,A,"4,10,559","2,81,277","6,91,836"
11-03-2024,U,"2,67,845","2,27,887","4,95,732"
11-04-2024,W,"5,53,515","3,83,217","9,36,732"
11-05-2024,W,"5,19,574","3,79,110","8,98,684"
11-06-2024,W,"6,31,969","4,27,995","10,59,964"
11-07-2024,W,"6,44,506","4,50,680","10,95,186"
11-08-2024,W,"6,01,808","3,96,291","9,98,099"
11-09-2024,A,"3,91,070","2,88,855","6,79,925"
11-10-2024,U,"3,06,889","2,32,420","5,39,309"
11-11-2024,W,"5,56,273","3,58,572","9,14,845"
11-12-2024,W,"6,40,199","4,37,888","10,78,087"
11/13/2024,W,"6,33,647","4,34,362","10,68,009"
11/14/2024,W,"6,20,448","4,39,564","10,60,012"
11/15/2024,W,"6,03,141","3,97,040","10,00,181"
11/16/2024,A,"3,99,551","3,16,374","7,15,925"
11/17/2024,U,"3,08,995","2,33,733","5,42,728"
11/18/2024,W,"5,65,097","3,83,053","9,48,150"
11/19/2024,W,"6,39,269","4,39,683","10,78,952"
11/20/2024,W,"6,25,498","4,28,958","10,54,456"
11/21/2024,W,"5,39,977","4,14,493","9,54,470"
11/22/2024,W,"5,83,958","4,31,451","10,15,409"
11/23/2024,A,"3,84,030","3,40,935","7,24,965"
11/24/2024,U,"3,01,518","2,22,021","5,23,539"
11/25/2024,W,"5,12,387","3,44,627","8,57,014"
11/26/2024,W,"5,18,470","3,56,826","8,75,296"
11/27/2024,W,"4,77,247","3,08,919","7,86,166"
11/28/2024,U,"1,90,991","1,32,382","3,23,373"
11/29/2024,W,"3,44,005","2,24,635","5,68,640"
11/30/2024,A,"3,08,864","2,17,565","5,26,429"
12-01-2024,U,"2,51,107","1,75,212","4,26,319"
12-02-2024,W,"5,54,092","3,49,175","9,03,267"
12-03-2024,W,"6,07,733","4,05,908","10,13,641"
12-04-2024,W,"6,00,576","4,11,039","10,11,615"
12-05-2024,W,"5,64,481","4,01,576","9,66,057"
12-06-2024,W,"5,59,457","3,71,522","9,30,979"
12-07-2024,A,"3,84,908","2,86,352","6,71,260"
12-08-2024,U,"3,10,160","2,16,292","5,26,452"
12-09-2024,W,"5,85,535","3,64,276","9,49,811"
12-10-2024,W,"5,97,740","4,06,353","10,04,093"
12-11-2024,W,"5,80,091","3,98,016","9,78,107"
12-12-2024,W,"4,81,459","3,50,852","8,32,311"
12/13/2024,W,"5,21,773","3,60,766","8,82,539"
12/14/2024,A,"3,47,954","2,62,799","6,10,753"
12/15/2024,U,"2,77,186","1,98,006","4,75,192"
12/16/2024,W,"5,51,435","3,42,529","8,93,964"
12/17/2024,W,"5,82,711","3,91,307","9,74,018"
12/18/2024,W,"5,77,854","3,82,314","9,60,168"
12/19/2024,W,"5,52,524","3,73,795","9,26,319"
12/20/2024,W,"5,09,530","3,26,711","8,36,241"
12/21/2024,A,"3,46,988","2,34,439","5,81,427"
12/22/2024,U,"2,71,433","1,88,272","4,59,705"
12/23/2024,W,"4,25,982","2,67,754","6,93,736"
12/24/2024,W,"3,41,225","1,81,487","5,22,712"
12/25/2024,U,"1,46,592","86,287","2,32,879"
12/26/2024,W,"3,66,721","2,25,335","5,92,056"
12/27/2024,W,"3,94,689","2,45,475","6,40,164"
12/28/2024,A,"3,48,599","2,22,891","5,71,490"
12/29/2024,U,"2,31,003","1,58,657","3,89,660"
12/30/2024,W,"4,47,644","2,85,475","7,33,119"
12/31/2024,W,"3,86,206","2,81,447","6,67,653"
01-01-2025,U,"2,25,009","1,90,989","4,15,998"
01-02-2025,W,"4,22,094","2,79,791","7,01,885"
01-03-2025,W,"4,31,350","2,83,675","7,15,025"
01-04-2025,A,"3,13,164","2,11,604","5,24,768"
01-05-2025,U,"2,39,450","1,53,014","3,92,464"
01-06-2025,W,"4,80,075","3,18,068","7,98,143"
01-07-2025,W,"5,39,070","3,71,290","9,10,360"
01-08-2025,W,"5,44,855","3,73,118","9,17,973"
01-09-2025,W,"5,50,177","3,68,934","9,19,111"
01-10-2025,W,"4,94,608","3,12,132","8,06,740"
01-11-2025,A,"3,41,087","2,26,653","5,67,740"
01-12-2025,U,"2,47,097","1,63,835","4,10,932"
01/13/2025,W,"5,20,841","3,42,573","8,63,414"
01/14/2025,W,"5,35,915","3,81,845","9,17,760"
01/15/2025,W,"5,48,773","3,79,995","9,28,768"
01/16/2025,W,"5,80,058","3,95,025","9,75,083"
01/17/2025,W,"5,66,655","3,50,717","9,17,372"
01/18/2025,A,"3,52,875","2,35,950","5,88,825"
01/19/2025,U,"2,20,064","1,46,185","3,66,249"
01/20/2025,W,"2,55,814","1,64,914","4,20,728"
01/21/2025,W,"2,94,363","2,09,433","5,03,796"
01/22/2025,W,"5,02,247","3,48,428","8,50,675"
01/23/2025,W,"5,60,708","3,80,982","9,41,690"
01/24/2025,W,"5,17,992","3,16,577","8,34,569"
01/25/2025,A,"3,53,449","2,29,265","5,82,714"
01/26/2025,U,"2,63,357","1,67,555","4,30,912"
01/27/2025,W,"5,57,840","3,46,652","9,04,492"
01/28/2025,W,"6,00,629","3,98,829","9,99,458"
01/29/2025,W,"6,00,988","3,99,561","10,00,549"
01/30/2025,W,"5,97,148","3,95,576","9,92,724"
01/31/2025,W,"5,04,505","3,09,032","8,13,537"
02-01-2025,A,"3,75,592","2,31,851","6,07,443"
02-02-2025,U,"2,76,799","1,72,094","4,48,893"
02-03-2025,W,"5,61,089","3,44,871","9,05,960"
02-04-2025,W,"6,01,920","3,97,482","9,99,402"
02-05-2025,W,"5,88,472","3,92,240","9,80,712"
02-06-2025,W,"5,65,576","3,80,737","9,46,313"
02-07-2025,W,"5,68,753","3,34,477","9,03,230"
02-08-2025,A,"3,54,675","2,25,361","5,80,036"
02-09-2025,U,"2,83,740","1,78,617","4,62,357"
02-10-2025,W,"5,66,314","3,40,368","9,06,682"
02-11-2025,W,"6,02,680","3,94,158","9,96,838"
02-12-2025,W,"4,95,987","3,23,871","8,19,858"
02/13/2025,W,"5,61,666","3,77,046","9,38,712"
02/14/2025,W,"5,30,108","3,27,173","8,57,281"
02/15/2025,A,"3,54,572","2,34,600","5,89,172"
02/16/2025,U,"2,76,210","1,77,108","4,53,318"
02/17/2025,W,"3,68,849","2,39,262","6,08,111"
02/18/2025,W,"4,92,897","3,26,560","8,19,457"
02/19/2025,W,"5,50,895","3,64,221","9,15,116"
02/20/2025,W,"5,74,080","3,80,904","9,54,984"
02/21/2025,W,"5,53,951","3,28,596","8,82,547"
02/22/2025,A,"3,70,787","2,34,375","6,05,162"
02/23/2025,U,"2,81,484","1,74,047","4,55,531"
02/24/2025,W,"5,78,860","3,53,291","9,32,151"
02/25/2025,W,"5,75,346","3,96,347","9,71,693"
02/26/2025,W,"6,09,866","3,97,146","10,07,012"
02/27/2025,W,"6,13,402","4,02,457","10,15,859"
02/28/2025,W,"5,90,955","3,52,148","9,43,103"
03-01-2025,A,"3,80,591","2,40,413","6,21,004"
03-02-2025,U,"2,91,627","1,80,050","4,71,677"
03-03-2025,W,"5,78,006","3,45,594","9,23,600"
03-04-2025,W,"5,80,293","3,90,147","9,70,440"
03-05-2025,W,"6,03,951","3,97,881","10,01,832"
03-06-2025,W,"6,19,806","4,04,819","10,24,625"
03-07-2025,W,"5,55,241","3,35,864","8,91,105"
03-08-2025,A,"3,98,766","2,58,254","6,57,020"
03-09-2025,U,"3,02,103","1,92,874","4,94,977"
03-10-2025,W,"5,93,786","3,71,554","9,65,340"
03-11-2025,W,"6,26,067","4,18,826","10,44,893"
03-12-2025,W,"6,33,486","4,21,745","10,55,231"
03/13/2025,W,"6,32,710","4,33,941","10,66,651"
03/14/2025,W,"6,10,031","4,16,441","10,26,472"
03/15/2025,A,"4,19,140","5,69,090","9,88,230"
03/16/2025,U,"2,73,811","2,12,415","4,86,226"
03/17/2025,W,"5,92,276","3,88,387","9,80,663"
03/18/2025,W,"6,31,010","4,33,816","10,64,826"
03/19/2025,W,"5,86,106","4,10,146","9,96,252"
03/20/2025,W,"5,97,866","4,10,831","10,08,697"
03/21/2025,W,"5,86,769","3,65,803","9,52,572"
03/22/2025,A,"3,92,188","2,69,950","6,62,138"
03/23/2025,U,"2,73,302","2,09,303","4,82,605"
03/24/2025,W,"4,91,872","3,20,551","8,12,423"
03/25/2025,W,"5,37,207","3,71,997","9,09,204"
03/26/2025,W,"5,45,509","3,73,308","9,18,817"
03/27/2025,W,"5,23,815","3,75,538","8,99,353"
03/28/2025,W,"5,12,649","3,39,773","8,52,422"
03/29/2025,A,"3,87,569","2,65,050","6,52,619"
03/30/2025,U,"2,85,253","1,89,181","4,74,434"
03/31/2025,W,"5,22,245","3,55,008","8,77,253"
04-01-2025,W,"6,00,564","4,08,193","10,08,757"
04-02-2025,W,"5,24,319","3,76,485","9,00,804"
04-03-2025,W,"6,60,304","4,38,577","10,98,881"
04-04-2025,W,"6,04,237","3,99,136","10,03,373"
04-05-2025,A,"4,11,217","3,29,910","7,41,127"
04-06-2025,U,"3,20,063","2,29,137","5,49,200"
04-07-2025,W,"5,77,558","3,76,220","9,53,778"
04-08-2025,W,"6,12,600","4,31,129","10,43,729"
04-09-2025,W,"6,13,773","4,23,298","10,37,071"
04-10-2025,W,"6,21,071","4,26,285","10,47,356"
04-11-2025,W,"6,07,742","3,88,639","9,96,381"
04-12-2025,A,"4,17,636","2,95,686","7,13,322"
04/13/2025,U,"3,22,033","2,27,473","5,49,506"
04/14/2025,W,"6,01,239","3,82,752","9,83,991"
04/15/2025,W,"6,28,715","4,31,442","10,60,157"
04/16/2025,W,"6,47,017","4,39,567","10,86,584"
04/17/2025,W,"6,18,797","4,38,225","10,57,022"
04/18/2025,W,"5,30,317","3,79,633","9,09,950"
04/19/2025,A,"3,98,189","2,91,288","6,89,477"
04/20/2025,U,"2,76,828","1,92,934","4,69,762"
04/21/2025,W,"5,63,978","3,61,549","9,25,527"
04/22/2025,W,"6,35,896","4,49,995","10,85,891"
04/23/2025,W,"6,20,545","4,48,723","10,69,268"
04/24/2025,W,"6,53,241","4,48,572","11,01,813"
04/25/2025,W,"5,80,882","4,00,327","9,81,209"
04/26/2025,A,"4,28,587","3,17,347","7,45,934"
04/27/2025,U,"3,29,874","2,45,932","5,75,806"
04/28/2025,W,"6,04,201","3,93,731","9,97,932"
04/29/2025,W,"6,38,090","4,39,903","10,77,993"
04/30/2025,W,"6,32,346","4,35,347","10,67,693"
05-01-2025,W,"6,14,811","4,37,225","10,52,036"
05-02-2025,W,"6,07,226","3,87,749","9,94,975"
05-03-2025,A,"4,20,608","2,90,233","7,10,841"
05-04-2025,U,"3,03,496","2,06,686","5,10,182"
05-05-2025,W,"5,89,882","3,99,546","9,89,428"
05-06-2025,W,"6,43,704","4,61,004","11,04,708"
05-07-2025,W,"6,37,290","4,58,714","10,96,004"
05-08-2025,W,"6,24,984","4,45,646","10,70,630"
05-09-2025,W,"6,04,932","3,96,963","10,01,895"
05-10-2025,A,"4,20,315","2,96,008","7,16,323"
05-11-2025,U,"3,14,094","2,18,681","5,32,775"
05-12-2025,W,"5,73,953","3,89,496","9,63,449"
05/13/2025,W,"6,20,509","4,49,177","10,69,686"
05/14/2025,W,"6,29,950","4,58,800","10,88,750"
05/15/2025,W,"6,16,122","4,45,308","10,61,430"
05/16/2025,W,"5,92,484","4,36,029","10,28,513"
05/17/2025,A,"4,14,456","3,43,401","7,57,857"
05/18/2025,U,"3,35,172","2,84,891","6,20,063"
05/19/2025,W,"5,73,428","3,90,230","9,63,658"
05/20/2025,W,"5,53,818","4,04,774","9,58,592"
05/21/2025,W,"5,99,362","4,25,319","10,24,681"
05/22/2025,W,"6,08,486","4,47,897","10,56,383"
05/23/2025,W,"5,86,037","3,96,204","9,82,241"
05/24/2025,A,"4,10,761","3,42,808","7,53,569"
05/25/2025,U,"3,31,906","2,72,960","6,04,866"
05/26/2025,U,"3,20,282","2,42,292","5,62,574"
05/27/2025,W,"5,93,862","4,22,731","10,16,593"
05/28/2025,W,"5,87,320","4,33,959","10,21,279"
05/29/2025,W,"6,15,721","4,40,293","10,56,014"
05/30/2025,W,"5,91,406","4,15,802","10,07,208"
05/31/2025,A,"4,21,327","3,34,489","7,55,816"
06-01-2025,U,"3,22,578","2,68,696","5,91,274"
06-02-2025,W,"5,84,625","3,97,717","9,82,342"
06-03-2025,W,"6,30,210","4,48,413","10,78,623"
06-04-2025,W,"5,67,567","4,22,523","9,90,090"
06-05-2025,W,"6,21,275","4,56,561","10,77,836"
06-06-2025,W,"5,85,906","4,27,847","10,13,753"
06-07-2025,A,"4,31,202","3,47,676","7,78,878"
06-08-2025,U,"3,30,390","2,66,245","5,96,635"
06-09-2025,W,"5,63,488","3,94,008","9,57,496"
06-10-2025,W,"5,98,056","4,60,364","10,58,420"
06-11-2025,W,"6,15,905","4,57,654","10,73,559"
06-12-2025,W,"5,97,722","4,83,910","10,81,632"
06/13/2025,W,"5,24,099","4,24,996","9,49,095"
06/14/2025,A,"4,10,694","4,35,787","8,46,481"
06/15/2025,U,"3,28,845","2,73,439","6,02,284"
06/16/2025,W,"5,27,665","3,78,666","9,06,331"
06/17/2025,W,"5,70,086","4,64,308","10,34,394"
06/18/2025,W,"5,17,630","4,17,493","9,35,123"
06/19/2025,W,"4,94,295","3,89,226","8,83,521"
06/20/2025,W,"5,38,237","4,27,618","9,65,855"
06/21/2025,A,"4,13,637","3,54,634","7,68,271"
06/22/2025,U,"3,13,881","2,66,745","5,80,626"
06/23/2025,W,"5,03,644","3,71,307","8,74,951"
06/24/2025,W,"5,51,167","4,23,488","9,74,655"
06/25/2025,W,"5,71,409","4,44,413","10,15,822"
06/26/2025,W,"5,61,301","4,71,300","10,32,601"
06/27/2025,W,"5,43,140","4,16,639","9,59,779"
06/28/2025,A,"4,27,366","3,37,560","7,64,926"
06/29/2025,U,"3,16,118","3,23,242","6,39,360"
06/30/2025,W,"5,34,839","3,76,363","9,11,202"
07-01-2025,W,"6,02,025","4,51,361","10,53,386"
07-02-2025,W,"5,78,603","4,38,612","10,17,215"
07-03-2025,W,"5,53,468","4,25,260","9,78,728"
07-04-2025,U,"3,16,641","2,77,046","5,93,687"
07-05-2025,A,"3,71,741","3,32,533","7,04,274"
07-06-2025,U,"2,94,228","2,64,632","5,58,860"
07-07-2025,W,"5,39,247","3,92,503","9,31,750"
07-08-2025,W,"5,64,820","4,36,204","10,01,024"
07-09-2025,W,"5,77,539","4,39,416","10,16,955"
07-10-2025,W,"5,83,325","4,47,221","10,30,546"
07-11-2025,W,"5,26,443","4,00,995","9,27,438"
07-12-2025,A,"4,22,226","3,30,530","7,52,756"
07/13/2025,U,"3,34,662","2,61,931","5,96,593"
07/14/2025,W,"5,44,793","3,84,117","9,28,910"
07/15/2025,W,"5,79,537","4,39,047","10,18,584"
07/16/2025,W,"5,62,232","4,32,866","9,95,098"
07/17/2025,W,"5,73,201","4,60,177","10,33,378"
07/18/2025,W,"5,59,448","4,60,345","10,19,793"
07/19/2025,A,"3,94,966","3,54,215","7,49,181"
07/20/2025,U,"3,28,751","2,93,401","6,22,152"
07/21/2025,W,"5,18,203","4,21,916","9,40,119"
07/22/2025,W,"5,81,470","4,79,560","10,61,030"
07/23/2025,W,"5,69,940","4,67,479","10,37,419"
07/24/2025,W,"5,27,958","4,25,053","9,53,011"
07/25/2025,W,"5,09,522","4,09,303","9,18,825"
07/26/2025,A,"3,97,737","3,63,680","7,61,417"
07/27/2025,U,"3,26,681","2,79,111","6,05,792"
07/28/2025,W,"5,06,057","3,79,574","8,85,631"
07/29/2025,W,"5,57,055","4,46,674","10,03,729"
07/30/2025,W,"5,37,534","4,66,281","10,03,815"
07/31/2025,W,"5,67,414","5,42,673","11,10,087"
08-01-2025,W,"5,79,918","5,31,060","11,10,978"
08-02-2025,A,"4,40,679","4,54,540","8,95,219"
08-03-2025,U,"3,47,538","3,69,850","7,17,388"
08-04-2025,W,"5,49,549","4,35,744","9,85,293"
08-05-2025,W,"5,85,862","4,72,919","10,58,781"
08-06-2025,W,"5,85,476","4,70,977","10,56,453"
08-07-2025,W,"5,80,914","4,54,251","10,35,165"
08-08-2025,W,"5,48,414","4,17,744","9,66,158"
08-09-2025,A,"4,25,825","3,41,354","7,67,179"
08-10-2025,U,"3,38,295","2,74,110","6,12,405"
08-11-2025,W,"5,32,546","3,88,290","9,20,836"
08-12-2025,W,"5,26,488","4,17,628","9,44,116"
08/13/2025,W,"5,92,948","4,45,008","10,37,956"
08/14/2025,W,"5,84,878","4,42,877","10,27,755"
08/15/2025,W,"5,59,089","4,51,082","10,10,171"
08/16/2025,A,"4,13,454","3,76,304","7,89,758"
08/17/2025,U,"3,44,058","3,10,718","6,54,776"
08/18/2025,W,"5,24,954","4,01,101","9,26,055"
08/19/2025,W,"6,10,398","4,71,272","10,81,670"
08/20/2025,W,"6,30,143","4,72,073","11,02,216"
08/21/2025,W,"6,28,924","4,81,244","11,10,168"
08/22/2025,W,"5,96,734","4,15,337","10,12,071"
08/23/2025,A,"4,27,579","3,32,193","7,59,772"
08/24/2025,U,"3,35,939","2,64,740","6,00,679"
08/25/2025,W,"6,09,351","4,06,937","10,16,288"
08/26/2025,W,"6,45,971","4,65,834","11,11,805"
08/27/2025,W,"6,53,421","4,73,422","11,26,843"
08/28/2025,W,"6,42,222","5,20,735","11,62,957"
08/29/2025,W,"6,30,115","4,76,265","11,06,380"
08/30/2025,A,"4,32,214","3,91,010","8,23,224"
08/31/2025,U,"3,60,093","3,43,458","7,03,551"
09-01-2025,U,"3,44,866","2,93,766","6,38,632"
09-02-2025,W,"6,50,054","4,70,795","11,20,849"
09-03-2025,W,"6,58,938","4,72,114","11,31,052"
09-04-2025,W,"6,65,448","4,74,384","11,39,832"
09-05-2025,W,"6,29,854","4,58,538","10,88,392"
09-06-2025,A,"4,19,986","3,75,070","7,95,056"
09-07-2025,U,"3,33,061","2,93,278","6,26,339"
09-08-2025,W,"6,17,419","4,29,504","10,46,923"
09-09-2025,W,"6,51,576","4,73,953","11,25,529"
09-10-2025,W,"6,57,858","4,84,323","11,42,181"
09-11-2025,W,"6,48,548","4,89,005","11,37,553"
09-12-2025,W,"6,20,797","4,51,758","10,72,555"
09/13/2025,A,"3,87,975","3,25,790","7,13,765"
09/14/2025,U,"3,31,118","2,70,547","6,01,665"
09/15/2025,W,"6,16,320","4,35,277","10,51,597"
09/16/2025,W,"6,51,990","4,84,965","11,36,955"
09/17/2025,W,"6,62,489","4,89,466","11,51,955"
09/18/2025,W,"6,58,272","5,00,862","11,59,134"
09/19/2025,W,"6,22,912","4,73,083","10,95,995"
09/20/2025,A,"4,14,969","3,54,575","7,69,544"
09/21/2025,U,"3,31,250","2,84,243","6,15,493"
09/22/2025,W,"6,13,704","4,32,361","10,46,065"
09/23/2025,W,"6,34,442","4,87,614","11,22,056"
09/24/2025,W,"6,60,516","5,01,545","11,62,061"
09/25/2025,W,"6,54,827","5,19,555","11,74,382"
09/26/2025,W,"5,80,438","4,52,496","10,32,934"
09/27/2025,A,"4,26,711","3,59,880","7,86,591"
09/28/2025,U,"3,28,502","2,73,175","6,01,677"
09/29/2025,W,"6,00,769","4,23,348","10,24,117"
09/30/2025,W,"6,45,289","4,97,543","11,42,832"
10-01-2025,W,"6,73,048","5,03,729","11,76,777"
10-02-2025,W,"6,47,059","4,93,521","11,40,580"
10-03-2025,W,"6,28,219","4,28,582","10,56,801"
10-04-2025,A,"4,26,695","3,30,780","7,57,475"
10-05-2025,U,"3,30,030","2,56,462","5,86,492"
10-06-2025,W,"5,99,924","4,13,206","10,13,130"
10-07-2025,W,"6,20,211","4,59,544","10,79,755"
10-08-2025,W,"6,59,843","5,08,974","11,68,817"
10-09-2025,W,"6,56,173","5,29,239","11,85,412"
10-10-2025,W,"6,19,786","4,77,092","10,96,878"
10-11-2025,A,"4,22,782","4,03,058","8,25,840"
10-12-2025,U,"2,83,480","5,42,446","8,25,926"
10/13/2025,W,"4,87,268","4,05,396","8,92,664"
10/14/2025,W,"6,50,249","4,87,076","11,37,325"
10/15/2025,W,"6,28,961","4,76,877","11,05,838"
10/16/2025,W,"6,49,973","4,92,753","11,42,726"
10/17/2025,W,"6,04,836","4,39,123","10,43,959"
10/18/2025,A,"3,81,265","4,46,627","8,27,892"
10/19/2025,U,"3,07,844","2,47,440","5,55,284"
10/20/2025,W,"6,01,831","4,22,565","10,24,396"
10/21/2025,W,"6,15,975","4,66,037","10,82,012"
10/22/2025,W,"6,18,604","4,63,852","10,82,456"
10/23/2025,W,"6,23,695","4,74,742","10,98,437"
10/24/2025,W,"5,86,550","4,15,854","10,02,404"
10/25/2025,A,"3,99,015","2,84,862","6,83,877"
10/26/2025,U,"3,22,688","2,17,607","5,40,295"
10/27/2025,W,"5,50,654","3,96,777","9,47,431"
10/28/2025,W,"6,38,531","4,64,085","11,02,616"
10/29/2025,W,"6,45,197","4,67,094","11,12,291"
10/30/2025,W,"6,45,207","4,76,146","11,21,353"
10/31/2025,W,"6,01,396","4,32,500","10,33,896"
11-01-2025,A,"3,90,311","3,20,419","7,10,730"
11-02-2025,U,"3,07,391","2,55,086","5,62,477"
11-03-2025,W,"6,11,374","4,09,741","10,21,115"
11-04-2025,W,"6,33,899","4,54,710","10,88,609"
11-05-2025,W,"6,34,148","4,56,081","10,90,229"
11-06-2025,W,"6,25,599","4,60,723","10,86,322"
11-07-2025,W,"6,00,327","4,20,110","10,20,437"
11-08-2025,A,"3,77,571","2,98,153","6,75,724"
11-09-2025,U,"2,75,389","2,15,220","4,90,609"
11-10-2025,W,"5,04,454","3,68,436","8,72,890"
11-11-2025,W,"4,90,521","3,87,713","8,78,234"
11-12-2025,W,"6,27,176","4,63,700","10,90,876"
11/13/2025,W,"6,27,045","4,66,346","10,93,391"
11/14/2025,W,"5,93,553","4,16,539","10,10,092"
11/15/2025,A,"4,10,263","3,47,052","7,57,315"
11/16/2025,U,"3,05,961","2,28,440","5,34,401"
11/17/2025,W,"5,85,326","4,06,383","9,91,709"
11/18/2025,W,"6,02,876","4,54,166","10,57,042"
11/19/2025,W,"6,34,281","4,58,463","10,92,744"
11/20/2025,W,"6,28,172","4,57,368","10,85,540"
11/21/2025,W,"5,92,327","4,57,006","10,49,333"
11/22/2025,A,"3,80,023","3,56,463","7,36,486"
11/23/2025,U,"3,11,954","2,41,793","5,53,747"
11/24/2025,W,"5,22,561","3,73,147","8,95,708"
11/25/2025,W,"5,27,126","3,78,692","9,05,818"
11/26/2025,W,"4,38,551","3,01,379","7,39,930"
11/27/2025,U,"1,81,164","1,28,476","3,09,640"
11/28/2025,W,"3,47,522","2,42,928","5,90,450"
11/29/2025,A,"2,49,450","2,06,685","4,56,135"
11/30/2025,U,"2,47,697","1,85,249","4,32,946"
